idx,CommunicationRound,TimeCost
2,0,28.26863932609558
2,1,15.974820852279663
2,2,Error,6.981913716388656
2,3,16.13367795944214
2,4,Error,9.866823123810574
2,5,Error,41.43367905807096
2,6,Error,12.954790476389753
2,7,15.059821844100952
2,8,16.97257900238037
2,9,17.87185549736023
2,10,16.178082704544067
2,11,17.257116079330444
2,12,15.460232734680176
2,13,Error,20.117721337275555
2,14,Error,5.769061522117163
2,15,16.71734094619751
2,16,16.873223304748535
2,17,15.765601634979248
2,18,15.907707691192627
2,19,Error,10.02569270739598
2,20,Error,20.838276995153965
2,21,Error,5.895531762674196
2,22,Error,11.044016562546387
2,23,Error,3.2778150308826297
2,24,16.441434383392334
2,25,16.154109239578247
