idx,CommunicationRound,TimeCost
5,0,Error,44.39189789606359
5,1,Error,23.453677550220405
5,2,8.587586879730225
5,3,Error,15.16144254894211
5,4,17.67148494720459
5,5,14.095050811767578
5,6,Error,15.928416769298039
5,7,17.83573889732361
5,8,Error,11.972632259228217
5,9,Error,9.60223434336042
5,10,14.207505464553833
5,11,Error,14.122033681861504
5,12,Error,3.1842412973577408
5,13,14.9593825340271
5,14,Error,5.757925250334039
5,15,Error,23.905487406073014
5,16,15.115456342697144
5,17,Error,24.805462801109545
5,18,16.495131969451904
5,19,6.003633975982666
5,20,18.269876956939697
5,21,Error,4.34636207915335
5,22,Error,8.056168630683334
5,23,9.622275352478027
5,24,Error,28.807686006337917
5,25,15.585832834243774
5,26,14.352914810180664
