idx,CommunicationRound,TimeCost
0,0,18.123788833618164
0,1,6.859518051147461
0,2,6.615036249160767
0,3,6.645706415176392
0,4,6.816233396530151
0,5,Error,1.8605397556410903
0,6,6.79986834526062
0,7,6.573328733444214
0,8,6.732669115066528
0,9,Error,0.30479216318847147
0,10,Error,3.8274219499560225
0,11,Error,9.164608553836956
0,12,6.692699432373047
0,13,6.715632200241089
0,14,6.625759124755859
0,15,Error,20.45981694291215
