idx,CommunicationRound,TimeCost
3,0,23.61125922203064
3,1,12.221801042556763
3,2,Error,27.213468449284296
3,3,Error,24.96408557176255
3,4,11.883564949035645
3,5,Error,31.799830239970948
3,6,Error,29.642978312320697
3,7,Error,20.261909095621853
3,8,Error,23.92132394767062
3,9,Error,3.056912811178868
3,10,12.32208776473999
3,11,12.123684406280518
3,12,12.07421588897705
3,13,12.340194702148438
3,14,12.14432954788208
3,15,Error,3.4772541981807663
