idx,CommunicationRound,TimeCost
7,0,16.98610258102417
7,1,Error,8.666693275915142
7,2,6.031566381454468
7,3,Error,4.587438726146879
7,4,Error,12.16174411583871
7,5,6.078278541564941
7,6,Error,4.416673293776598
7,7,6.0199134349823
7,8,6.043667793273926
7,9,6.100125789642334
7,10,Error,0.11935612597005463
7,11,Error,13.361642359680095
7,12,5.952569484710693
7,13,6.01947808265686
7,14,Error,2.0962557207018904
7,15,5.976154088973999
