idx,CommunicationRound,TimeCost
9,0,20.889211893081665
9,1,9.010603427886963
9,2,8.944857835769653
9,3,9.171230554580688
9,4,Error,11.12359021370499
9,5,Error,8.777810627407161
9,6,9.007795572280884
9,7,Error,24.257952994218236
9,8,9.042880058288574
9,9,8.984893560409546
9,10,Error,15.502917364909417
9,11,Error,5.0341303106805135
9,12,Error,18.608201308752808
9,13,Error,0.6227096143949112
9,14,9.149270296096802
9,15,Error,0.34712779718859216
