idx,CommunicationRound,TimeCost
0,0,18.235814809799194
0,1,6.704424619674683
0,2,6.73250150680542
0,3,6.599139213562012
0,4,6.78758430480957
0,5,Error,1.813756695340853
0,6,6.650163888931274
0,7,6.650230884552002
0,8,6.8630664348602295
0,9,Error,0.30500988342585633
0,10,Error,3.837090713375736
0,11,Error,9.491510314128693
0,12,6.652774333953857
0,13,6.799492597579956
0,14,6.844619274139404
0,15,Error,19.833586866386177
