idx,CommunicationRound,TimeCost
5,0,25.595267057418823
5,1,13.804335832595825
5,2,13.511583089828491
5,3,13.602819919586182
5,4,Error,13.923137443671745
5,5,13.683881759643555
5,6,13.840809106826782
5,7,Error,37.530698474784835
5,8,13.874634504318237
5,9,13.673460245132446
5,10,Error,9.37397760797195
5,11,Error,32.46030172120128
5,12,14.073952674865723
5,13,13.712828874588013
5,14,Error,39.73045111448982
5,15,13.779834508895874
