idx,CommunicationRound,TimeCost
9,0,7.642997980117798
9,1,1.168478012084961
9,2,1.0251259803771973
9,3,1.2102570533752441
9,4,Error,1.3725559956243474
9,5,Error,1.1812524520876397
9,6,1.2279109954833984
9,7,Error,2.745249416950535
9,8,1.042403221130371
9,9,1.1363933086395264
9,10,Error,1.87862953095883
9,11,Error,0.5499913777912823
9,12,Error,2.38316702812034
9,13,Error,0.06973705096550172
9,14,1.1569592952728271
9,15,Error,0.03958300754824104
9,16,Error,0.4682249135986524
9,17,1.1388044357299805
9,18,Error,2.0683878543617427
9,19,1.1066536903381348
9,20,0.9943010807037354
9,21,1.2031052112579346
9,22,1.2355194091796875
9,23,Error,1.9080091428180317
9,24,1.082000970840454
9,25,1.2296326160430908
9,26,0.9785335063934326
9,27,0.9535872936248779
9,28,1.0592238903045654
9,29,1.2219874858856201
9,30,Error,2.327133435908771
9,31,0.988175630569458
9,32,Error,2.3403253007295874
9,33,Error,0.2521505593087119
9,34,Error,0.15145580195787275
9,35,Error,1.4581363803274119
9,36,Error,1.8921649349709146
9,37,Error,1.0369052629096909
9,38,Error,1.1462577568418628
9,39,Error,0.6885170065127504
9,40,1.0375993251800537
9,41,1.2040350437164307
9,42,Error,0.6071310902172284
9,43,1.1130187511444092
9,44,1.1967687606811523
9,45,Error,0.9281969619777736
9,46,Error,0.9532977936793094
9,47,Error,3.488168893430714
9,48,1.064631700515747
9,49,Error,1.8832682007202723
9,50,0.9916427135467529
9,51,1.1540324687957764
9,52,1.1928660869598389
9,53,1.2140116691589355
9,54,Error,2.4875190464810673
9,55,0.9590411186218262
9,56,0.9443478584289551
9,57,1.1228625774383545
9,58,1.12876296043396
9,59,Error,0.15791506057431112
9,60,1.1353063583374023
9,61,1.0615339279174805
9,62,Error,2.5411343969585443
9,63,Error,3.139197238106502
9,64,1.0443344116210938
9,65,1.0363571643829346
9,66,Error,0.16408195258132416
9,67,Error,2.4045093058052567
9,68,Error,0.6912066748174001
9,69,0.9989361763000488
9,70,0.95009446144104
9,71,Error,0.7200105052620928
9,72,Error,1.2764030536914441
9,73,1.0593326091766357
