idx,CommunicationRound,TimeCost
4,0,Error,38.67264725567442
4,1,4.023427963256836
4,2,5.642889976501465
4,3,6.575638055801392
4,4,Error,10.371957445635092
4,5,Error,8.409328949562495
4,6,7.087685585021973
4,7,10.10354232788086
4,8,0.8033370971679688
4,9,Error,3.730849443506251
4,10,Error,4.5738452209686535
4,11,Error,4.453186683021498
4,12,Error,4.278718743475498
4,13,Error,4.817454210576396
4,14,Error,1.308256655706847
4,15,2.2992148399353027
4,16,Error,2.3772718033431763
4,17,Error,0.6433551932241156
4,18,Error,3.065282720452309
4,19,Error,2.3724058243470925
4,20,1.4013793468475342
4,21,Error,3.298159723573016
4,22,Error,9.588920081419257
4,23,Error,0.5463145141795117
4,24,2.375476598739624
4,25,Error,5.123726422467505
4,26,4.101351022720337
4,27,3.3438808917999268
4,28,Error,18.369851050736603
4,29,Error,8.997811565081317
4,30,4.108752012252808
4,31,Error,20.55510472459937
4,32,Error,18.34468650199503
4,33,6.498002529144287
4,34,Error,0.17512827319478844
4,35,8.306889295578003
4,36,Error,19.94638732694045
4,37,Error,10.398484748285403
4,38,12.128779888153076
4,39,11.995484352111816
4,40,2.6605777740478516
4,41,Error,5.90109635879093
4,42,Error,14.868903443186863
4,43,3.599090576171875
4,44,Error,4.603301872921129
4,45,6.485297203063965
4,46,Error,4.388008292532125
4,47,5.8150105476379395
4,48,8.243349075317383
4,49,Error,25.999881190419202
4,50,Error,11.16065899109974
4,51,Error,13.787839051595094
