idx,CommunicationRound,TimeCost
2,0,Error,54.084072562840824
2,1,Error,10.25679305706906
2,2,Error,32.8602549019825
2,3,Error,9.46133111787486
2,4,Error,37.288627153330495
2,5,Error,12.29967492311124
2,6,Error,35.83389565909694
