idx,CommunicationRound,TimeCost
5,0,Error,50.557456783113565
5,1,Error,56.0139715835248
5,2,Error,0.8627184094428483
5,3,Error,12.087005085971487
5,4,Error,67.52147475088206
5,5,Error,77.48171142878856
5,6,Error,2.347043930742407
