idx,CommunicationRound,TimeCost
7,0,Error,17.231924613072845
7,1,Error,8.80471150624221
7,2,Error,4.655537786034303
7,3,Error,5.67432072201104
7,4,Error,15.585577957109411
7,5,Error,4.271728131956882
7,6,Error,3.6201847903536972
7,7,Error,14.820530761995855
