idx,CommunicationRound,TimeCost
2,0,6.486403226852417
2,1,0.46413183212280273
2,2,Error,0.22259397888083723
2,3,0.46308040618896484
2,4,Error,0.27499675588329464
2,5,Error,1.0999532094414786
2,6,Error,0.36514916841626927
2,7,0.43631958961486816
2,8,0.4360697269439697
2,9,0.4494199752807617
2,10,0.4577758312225342
2,11,0.4370150566101074
2,12,0.442641019821167
2,13,Error,0.48518328804697447
2,14,Error,0.15422125073109802
2,15,0.45415520668029785
2,16,0.447843074798584
2,17,0.4548375606536865
2,18,0.4281017780303955
2,19,Error,0.26616282027432964
2,20,Error,0.6055838987943015
2,21,Error,0.17300337579088865
2,22,Error,0.31414099422300434
2,23,Error,0.09396329419740258
2,24,0.4436459541320801
2,25,0.4386131763458252
2,26,Error,0.18684087316145026
2,27,0.44361376762390137
2,28,Error,0.540749526988932
2,29,0.44403910636901855
2,30,Error,1.130819356798131
2,31,0.4500911235809326
2,32,0.43834853172302246
2,33,0.4435107707977295
2,34,0.450176477432251
2,35,Error,0.49311380486912193
2,36,Error,0.39188275257151833
2,37,0.44552159309387207
2,38,Error,0.0919274051295251
2,39,Error,0.7432298426970148
2,40,Error,0.4536995201388278
2,41,Error,1.313287104837478
2,42,Error,0.3611848942494477
