idx,CommunicationRound,TimeCost
4,0,Error,16.92100763487451
4,1,1.6807665824890137
4,2,1.6721477508544922
4,3,1.6806933879852295
4,4,Error,1.6982010889656212
4,5,Error,1.3271555131046513
4,6,1.6762268543243408
4,7,1.6735379695892334
4,8,1.6865265369415283
4,9,Error,2.2874077703539317
4,10,Error,2.8459600839234342
4,11,Error,4.681636965735311
4,12,Error,4.359982084015461
4,13,Error,4.7863314862841015
4,14,Error,0.860322525275397
4,15,1.6846516132354736
4,16,Error,2.5068943251659426
4,17,Error,0.5884105521712306
4,18,Error,4.238599197251037
4,19,Error,2.5894763999515757
4,20,1.6858601570129395
4,21,Error,1.5779719539216137
4,22,Error,4.641312575510487
4,23,Error,0.38159157364157686
4,24,1.7205932140350342
4,25,Error,2.50360894586625
4,26,1.6902668476104736
4,27,1.6985294818878174
4,28,Error,4.549083759620372
4,29,Error,2.5341085248886936
4,30,1.6966731548309326
4,31,Error,4.327400918345568
4,32,Error,3.9476553028619583
4,33,1.7135746479034424
4,34,Error,0.04575664954503011
4,35,1.714895486831665
4,36,Error,3.1694704448550155
4,37,Error,1.6380233735460321
4,38,1.7290582656860352
4,39,1.7237324714660645
4,40,1.7010571956634521
4,41,Error,2.6357357102124084
