idx,CommunicationRound,TimeCost
5,0,Error,7.486457643513054
5,1,Error,0.16442065465488964
5,2,0.07768654823303223
5,3,Error,0.07371770135015271
5,4,0.07525420188903809
5,5,0.0770714282989502
5,6,Error,0.20324596410683093
5,7,0.08413171768188477
5,8,Error,0.141186666279988
5,9,Error,0.07719974790308326
5,10,0.08166980743408203
5,11,Error,0.14885486433924097
5,12,Error,0.011534969204825815
5,13,0.08793234825134277
5,14,Error,0.06036921955203254
5,15,Error,0.1060555755968396
5,16,0.07303905487060547
5,17,Error,0.20744048424331682
5,18,0.07863950729370117
5,19,0.0796053409576416
5,20,0.0798640251159668
5,21,Error,0.060784635452733625
5,22,Error,0.0846247674948249
5,23,0.08240127563476562
5,24,Error,0.12188179702077626
5,25,0.08545637130737305
5,26,0.08145475387573242
5,27,Error,0.021882592782637062
5,28,Error,0.14413586089541328
5,29,Error,0.17889507054850357
5,30,0.08713459968566895
5,31,0.07393145561218262
5,32,Error,0.0025628391019984573
5,33,0.08113837242126465
5,34,Error,0.08775108161858576
5,35,Error,0.16963389090460673
5,36,Error,0.007467374638279764
5,37,0.08086085319519043
5,38,Error,0.02506567776264394
5,39,Error,0.02473318469054595
5,40,Error,0.19334327266018428
5,41,0.07790279388427734
5,42,Error,0.057070884432926954
