idx,CommunicationRound,TimeCost
6,0,6.333705425262451
6,1,Error,0.9881938139641834
6,2,0.4166388511657715
6,3,Error,0.5395797684545685
6,4,Error,0.6256695353705616
6,5,0.41377735137939453
6,6,Error,1.2816530869428018
6,7,0.4195868968963623
6,8,Error,0.8840689108861267
6,9,0.4302189350128174
6,10,Error,1.088120803130153
6,11,Error,0.10312645879657818
6,12,Error,1.394682869675677
6,13,0.4305453300476074
6,14,0.4169793128967285
6,15,Error,0.06422093858247804
6,16,Error,1.2344073310658705
6,17,0.4123709201812744
6,18,Error,0.7172062897847309
6,19,Error,0.45951169827300303
6,20,0.4234342575073242
6,21,0.42476892471313477
6,22,Error,0.16608989035863594
6,23,0.41296887397766113
6,24,Error,1.1445944256241536
6,25,Error,0.01222362103990084
6,26,Error,0.5838939430572445
6,27,0.41504526138305664
6,28,Error,0.09379217435934344
6,29,0.4306361675262451
6,30,Error,0.8444468967444128
6,31,0.42521095275878906
6,32,Error,0.5121420111414304
6,33,Error,0.1957439373989851
6,34,Error,1.0657815458486435
6,35,0.47493767738342285
6,36,0.4336891174316406
6,37,0.420640230178833
6,38,0.43108057975769043
6,39,0.430192232131958
6,40,Error,0.10555718401623167
6,41,Error,0.665716755270871
6,42,Error,0.37016213161337763
