idx,CommunicationRound,TimeCost
0,0,18.86109757423401
0,1,Error,8.393750636886343
0,2,Error,7.75679068494863
0,3,5.593167543411255
0,4,Error,1.4070094800849182
0,5,7.058164358139038
0,6,7.273083448410034
0,7,7.705017328262329
0,8,Error,0.23494548962339687
0,9,Error,2.3867585142370467
0,10,Error,8.661267851413733
0,11,7.364789247512817
0,12,5.407532691955566
0,13,4.812963247299194
0,14,Error,16.975459067855496
0,15,7.281756162643433
0,16,Error,3.958085905235926
0,17,Error,9.486452472020284
0,18,6.993358373641968
0,19,6.692843914031982
0,20,Error,3.135546113067089
0,21,Error,17.343694329612703
0,22,Error,8.620833551450458
0,23,Error,1.9598275205882518
0,24,6.075848579406738
0,25,Error,4.268834650640917
0,26,Error,9.901994046716293
0,27,7.190845727920532
0,28,Error,15.61783970618042
0,29,6.257158517837524
0,30,Error,3.0156363833392335
0,31,5.52714991569519
0,32,Error,13.455227971447343
0,33,Error,16.66579691057451
0,34,Error,17.63673743380805
0,35,Error,14.790959941222969
0,36,Error,1.5988614599001008
0,37,6.303377151489258
0,38,6.287928581237793
0,39,Error,12.18462163022712
0,40,4.664550065994263
0,41,Error,3.1179796777399895
0,42,5.323664426803589
0,43,Error,11.459376290536156
0,44,Error,14.164223867737688
0,45,7.7268877029418945
0,46,Error,0.7391546308368855
0,47,Error,8.97781539324115
0,48,6.852834939956665
0,49,Error,2.0661587428221693
0,50,Error,4.56918011261431
0,51,6.831702947616577
0,52,Error,19.612427367378228
