idx,CommunicationRound,TimeCost
4,0,Error,39.82913635350147
4,1,6.2577314376831055
4,2,6.212316513061523
4,3,6.498242139816284
4,4,Error,6.309392797593386
4,5,Error,4.286768968524443
4,6,3.8877413272857666
4,7,4.112793684005737
4,8,6.437213182449341
4,9,Error,6.817670934571322
4,10,Error,8.021474104987105
4,11,4.328678131103516
4,12,4.394339561462402
4,13,6.367952108383179
4,14,Error,13.382950568306788
4,15,Error,1.923020267850215
4,16,5.908294200897217
4,17,Error,9.066372857101676
4,18,Error,1.7726700590633895
4,19,Error,10.327569796412618
4,20,Error,7.616754112529285
4,21,4.980044364929199
4,22,Error,5.824738213443729
4,23,Error,15.313445064966178
4,24,Error,1.0499465625155606
4,25,6.614144563674927
4,26,Error,9.049281980772895
4,27,4.562021970748901
4,28,4.222650766372681
4,29,Error,14.994906906911334
4,30,Error,6.526638069681163
4,31,4.239562273025513
4,32,Error,14.848812114568474
4,33,Error,12.525118543794598
4,34,4.541377544403076
4,35,Error,0.09938888499715091
4,36,4.86640739440918
4,37,Error,9.239142290630628
4,38,5.20807409286499
4,39,6.104811429977417
4,40,5.712701320648193
4,41,Error,11.272892585521626
4,42,Error,6.698786306101132
4,43,Error,16.716265862073914
4,44,4.041928768157959
4,45,Error,3.7682338356526874
4,46,4.519935846328735
4,47,Error,2.4142998046024333
4,48,3.924170970916748
4,49,5.350287437438965
4,50,Error,17.493583315859954
4,51,Error,6.189363515472809
4,52,4.762784719467163
4,53,5.39271092414856
4,54,4.9087748527526855
4,55,6.3694844245910645
4,56,5.1958794593811035
4,57,3.7603490352630615
4,58,3.7417359352111816
4,59,Error,3.293463893388886
4,60,3.9463791847229004
4,61,5.700299024581909
