idx,CommunicationRound,TimeCost
7,0,17.456284046173096
7,1,Error,8.632890805199342
7,2,Error,8.028361886267737
7,3,Error,11.109827516922978
7,4,4.643316745758057
7,5,4.664535045623779
7,6,Error,3.646531075879457
7,7,6.111645221710205
7,8,4.796516180038452
7,9,4.771084785461426
7,10,Error,0.09201912338499317
7,11,Error,10.183707251854694
7,12,5.916826248168945
7,13,6.055835962295532
7,14,Error,2.0580597040028743
7,15,6.109808683395386
7,16,4.480466365814209
7,17,Error,2.863133584251827
7,18,Error,5.5508178732602875
7,19,Error,9.61017371059732
7,20,5.800043821334839
7,21,6.028212547302246
7,22,5.401902437210083
7,23,Error,2.055743916933067
7,24,4.478076457977295
7,25,Error,12.69133593133618
7,26,4.68440580368042
7,27,5.831327438354492
7,28,6.082559585571289
7,29,5.127317190170288
7,30,Error,11.359411954049968
7,31,Error,3.639758446940158
7,32,5.889740228652954
7,33,Error,14.12359138012724
7,34,Error,13.452863090910553
7,35,Error,9.828146316095394
7,36,Error,12.714763490690368
7,37,Error,9.462785859706242
7,38,Error,1.9432604547890113
7,39,6.19740629196167
7,40,Error,11.22880900099424
7,41,Error,13.884158438908742
7,42,Error,3.2799127208328636
7,43,4.8244829177856445
7,44,Error,1.0101354078546005
7,45,6.101315021514893
7,46,6.002416133880615
7,47,6.210487127304077
7,48,Error,1.4246185319232103
7,49,6.289818286895752
7,50,Error,5.500203291989879
7,51,Error,6.039489935129004
7,52,4.572350263595581
7,53,Error,5.582012952931687
7,54,6.0538835525512695
7,55,Error,17.207540563054224
7,56,Error,3.5579704368707223
7,57,Error,2.2014050009170782
7,58,5.886794328689575
7,59,Error,15.244078944134827
7,60,Error,11.526792756036013
7,61,6.108672380447388
