idx,CommunicationRound,TimeCost
9,0,20.834009408950806
9,1,8.725484848022461
9,2,7.352596044540405
9,3,5.375170946121216
9,4,Error,2.8638166045112436
9,5,Error,2.3240445760370703
9,6,Error,1.5872552126014363
9,7,2.3009440898895264
9,8,Error,8.339357933444951
9,9,Error,1.2453028336778715
9,10,Error,0.9565604412802247
9,11,5.448596239089966
9,12,6.124729871749878
9,13,Error,0.3929969815175146
9,14,5.66129732131958
9,15,Error,0.11893161268079677
9,16,Error,0.9580159320078745
9,17,2.3478598594665527
9,18,Error,4.500420668853488
9,19,Error,1.181635947123885
9,20,9.019689321517944
9,21,6.27410888671875
9,22,Error,1.806316176080802
9,23,5.643385171890259
9,24,3.314606189727783
9,25,Error,6.319001227872211
9,26,3.8467116355895996
9,27,8.698997497558594
9,28,5.780252695083618
9,29,Error,9.869599289415364
9,30,Error,3.987606775218674
9,31,2.3676419258117676
9,32,Error,0.5957713002577575
9,33,Error,0.747408970597773
9,34,Error,3.3663461117473106
9,35,Error,14.263135294017134
9,36,Error,2.1870596137191485
9,37,Error,2.680026374298686
9,38,Error,5.846203815006551
9,39,2.8642892837524414
9,40,2.410193920135498
9,41,Error,1.3144762125535405
9,42,Error,6.0201223760935445
9,43,Error,7.411738856995397
9,44,5.573394536972046
9,45,Error,14.490771085193394
9,46,2.2690253257751465
9,47,2.4141273498535156
9,48,Error,7.420945031118549
9,49,7.717296838760376
9,50,8.548072338104248
9,51,8.885445356369019
9,52,8.599947452545166
9,53,Error,22.183119731851296
9,54,7.835078001022339
9,55,8.296612024307251
9,56,Error,9.846388578759543
9,57,Error,3.6396806415321805
9,58,2.3576085567474365
9,59,Error,13.136688593806946
9,60,Error,16.687698651086627
9,61,Error,6.4400044762742565
9,62,5.435665130615234
9,63,6.828580617904663
9,64,Error,1.2123038008422433
9,65,Error,12.3494686835572
9,66,Error,4.135233857303307
9,67,6.929537296295166
9,68,2.3167901039123535
9,69,Error,1.6957520558855237
9,70,Error,7.56178948076477
9,71,3.6512835025787354
9,72,Error,4.35688789665704
9,73,Error,5.580428524415551
