idx,CommunicationRound,TimeCost
0,0,18.963882446289062
0,1,Error,8.4893620811713
0,2,Error,7.743181053329283
0,3,5.474783182144165
0,4,Error,1.4077962072441657
0,5,7.2774927616119385
0,6,7.51701807975769
0,7,7.5647077560424805
0,8,Error,0.23490082328453263
0,9,Error,2.479355334615676
0,10,Error,8.233631252448543
0,11,7.408717393875122
0,12,4.974294424057007
0,13,4.800431489944458
0,14,Error,16.775390692821805
0,15,7.0985260009765625
0,16,Error,3.990229737415661
0,17,Error,9.160424993344261
0,18,6.957338094711304
0,19,6.8952367305755615
0,20,Error,2.9638398997563753
0,21,Error,17.62331969593188
0,22,Error,8.639391670854025
0,23,Error,1.9120047175059474
0,24,6.155529975891113
0,25,Error,4.3423509218222085
0,26,Error,11.241415895230558
0,27,6.926842451095581
0,28,Error,11.358339312579176
0,29,5.296356678009033
0,30,Error,3.5764349631540475
0,31,5.495856523513794
0,32,Error,15.238779783998048
0,33,Error,13.567832641609579
0,34,Error,16.937519530365922
0,35,Error,10.415498902240062
0,36,Error,1.439048901388932
0,37,6.5167553424835205
0,38,5.8703601360321045
0,39,Error,13.978962560759738
0,40,6.43120551109314
0,41,Error,2.4157319628449754
0,42,4.869861364364624
0,43,Error,13.079944329063553
0,44,Error,16.26717063983827
0,45,4.268697500228882
0,46,Error,0.5250189509829656
0,47,Error,13.487193721714744
0,48,7.432899475097656
0,49,Error,3.6768354275326867
0,50,Error,3.923875065017465
0,51,6.651273488998413
0,52,Error,16.784666821829223
0,53,Error,3.852358984988295
0,54,Error,2.1261701709557417
0,55,4.1919941902160645
