idx,CommunicationRound,TimeCost
0,0,Error,51.234347214206906
0,1,Error,11.787748165233342
0,2,Error,12.557408957103748
0,3,Error,6.255724431344903
0,4,6.71775221824646
0,5,Error,19.56064327498629
0,6,Error,12.66052905337019
0,7,Error,10.621200862617522
0,8,Error,4.886953489297517
0,9,Error,8.83276839301349
0,10,Error,13.27750412272702
0,11,Error,9.13759180848129
0,12,6.762262344360352
