idx,CommunicationRound,TimeCost
1,0,Error,44.92610176550346
1,1,Error,11.858014771127271
1,2,10.685640573501587
1,3,Error,17.817862878713406
1,4,Error,14.118522112312162
1,5,10.578356981277466
1,6,10.504729747772217
1,7,Error,10.707867300086024
1,8,10.674702644348145
1,9,Error,29.091674644631816
1,10,Error,31.478815077950514
1,11,Error,13.604963852458795
