idx,CommunicationRound,TimeCost
5,0,Error,31.598363667687913
5,1,Error,26.89175115325615
5,2,Error,0.4195597874751036
5,3,Error,5.762959406262345
5,4,Error,32.360277313088424
5,5,Error,36.538119563165814
5,6,Error,1.1326295942133997
5,7,Error,12.140318667767493
5,8,Error,10.688375195854686
5,9,Error,17.45361080034397
5,10,13.807558536529541
5,11,Error,39.74531117853984
