idx,CommunicationRound,TimeCost
7,0,Error,17.62259406397378
7,1,Error,8.661453600212816
7,2,Error,4.635483755543549
7,3,Error,5.749587700533589
7,4,Error,15.754295031855966
7,5,Error,4.299030513162839
7,6,Error,3.587517221966267
7,7,6.101510047912598
7,8,Error,5.48040779775149
7,9,5.9466400146484375
7,10,Error,9.495399377445162
7,11,Error,14.968269032418167
7,12,Error,2.074611877956561
