idx,CommunicationRound,TimeCost
3,0,6.79927659034729
3,1,1.1305193901062012
3,2,Error,2.2584613487628515
3,3,Error,2.3373613340885866
3,4,1.057525396347046
3,5,Error,2.6704682043374697
3,6,Error,2.533201172979702
3,7,Error,1.8438753731733073
3,8,Error,2.184274679043022
3,9,Error,0.24211060061431097
3,10,0.9953246116638184
3,11,1.0628225803375244
3,12,1.0522091388702393
3,13,1.1913797855377197
3,14,0.97751784324646
3,15,Error,0.31922180631037433
3,16,1.1773738861083984
3,17,Error,0.6604201752282012
3,18,1.1746692657470703
3,19,0.968998908996582
3,20,Error,0.08149474069408913
3,21,Error,1.8273247404631658
3,22,Error,2.007006027011163
3,23,Error,1.5953872054684173
3,24,1.0660643577575684
3,25,Error,0.675401204051433
3,26,1.1768302917480469
3,27,Error,2.0277602787774076
3,28,Error,2.3842081372046904
3,29,Error,1.2707043281940678
3,30,1.1065728664398193
3,31,Error,0.5768399687517728
3,32,Error,0.8576955513203693
3,33,Error,1.0028398729730832
3,34,1.231734275817871
3,35,1.040013313293457
3,36,Error,0.11087516054804589
3,37,Error,0.6654951216627528
3,38,Error,0.8870154696715851
3,39,1.096555233001709
3,40,1.0353922843933105
3,41,1.0561559200286865
3,42,1.1027846336364746
3,43,1.1595189571380615
3,44,Error,1.3656578260014207
3,45,1.2243647575378418
3,46,Error,3.1794998366122926
3,47,Error,3.1243241086995885
3,48,Error,0.853639244932897
3,49,Error,2.0009979560141407
3,50,Error,1.3203655120342528
3,51,Error,2.597435060452152
3,52,Error,1.2951089904345756
3,53,Error,0.43086064439245264
3,54,Error,2.3173331152222807
3,55,1.0095100402832031
3,56,Error,3.109381777639639
3,57,1.1296944618225098
3,58,Error,0.766069625782062
3,59,1.070303201675415
3,60,Error,2.4002703079627135
3,61,1.2122249603271484
3,62,0.9551634788513184
3,63,1.0565857887268066
3,64,1.1934762001037598
3,65,Error,2.9007447879973505
3,66,Error,1.1673484753405363
3,67,Error,1.500057465563181
3,68,Error,1.8073336667856745
3,69,1.0290367603302002
