idx,CommunicationRound,TimeCost
2,0,26.303711652755737
2,1,14.701470375061035
2,2,Error,6.466935120841855
2,3,14.670368909835815
2,4,14.695801973342896
2,5,Error,18.8187747921379
2,6,14.945095777511597
2,7,Error,6.4012057537408555
2,8,15.381818294525146
