idx,CommunicationRound,TimeCost
5,0,Error,50.59316120680041
5,1,Error,56.598772224181545
5,2,28.163020372390747
5,3,Error,28.897901401854185
5,4,28.44839644432068
5,5,28.979074239730835
5,6,Error,76.49734444303698
5,7,28.880162000656128
