idx,CommunicationRound,TimeCost
9,0,29.011475086212158
9,1,17.11768865585327
9,2,17.098135471343994
9,3,17.247617959976196
9,4,Error,21.16991674571218
9,5,Error,16.534189545957965
9,6,Error,10.773261090543373
9,7,17.084731817245483
9,8,Error,32.22321741517897
