idx,CommunicationRound,TimeCost
4,0,Error,39.38355257511228
4,1,4.103062152862549
4,2,4.195061922073364
4,3,4.799267530441284
4,4,Error,6.399887332195762
4,5,Error,3.382078657912658
4,6,4.415915012359619
4,7,3.9913763999938965
4,8,4.379940509796143
4,9,Error,6.172430260297007
4,10,Error,9.248330334065452
4,11,Error,11.81847657274615
4,12,Error,12.274073313208097
4,13,Error,12.645262107131348
4,14,Error,2.833798531604547
4,15,5.288089036941528
4,16,Error,5.599786551161356
4,17,Error,1.60788360215853
4,18,Error,11.415037059152349
4,19,Error,8.07824818086363
4,20,4.422299146652222
4,21,Error,4.354720434831744
4,22,Error,16.90740832233166
4,23,Error,0.9890401660232502
4,24,3.9340760707855225
4,25,Error,6.821624599896393
4,26,4.513841867446899
4,27,4.7367284297943115
4,28,Error,11.156358669334738
4,29,Error,8.889022875148685
4,30,4.501786708831787
4,31,Error,12.693512017303927
4,32,Error,14.577958757491885
4,33,5.385897159576416
4,34,Error,0.1242417271780477
4,35,4.4799346923828125
4,36,Error,6.740586540479383
4,37,Error,5.218438642534038
4,38,4.1142027378082275
4,39,3.979109764099121
4,40,3.4944393634796143
4,41,Error,8.487505661826054
4,42,Error,12.918137335623033
4,43,3.703718423843384
4,44,Error,3.6357753603540646
4,45,5.538590669631958
4,46,Error,2.161481039603185
4,47,5.558944463729858
4,48,3.852510690689087
4,49,Error,12.06733494842027
4,50,Error,4.771796615203672
4,51,Error,6.362839143180703
4,52,Error,10.670064811016061
4,53,6.058403491973877
4,54,3.723109483718872
4,55,3.9383580684661865
4,56,Error,9.311365582413043
4,57,Error,7.44192824903647
4,58,Error,7.959945508678127
