idx,CommunicationRound,TimeCost
6,0,6.6843085289001465
6,1,Error,2.5385787687191734
6,2,1.0305206775665283
6,3,Error,0.9935269148911442
6,4,Error,1.5721108203997953
6,5,0.9266064167022705
6,6,Error,3.3000066767311456
6,7,0.8495666980743408
6,8,Error,2.277109130957632
6,9,0.9728145599365234
6,10,0.8886895179748535
6,11,1.076345682144165
6,12,Error,2.5785599118277776
6,13,0.9638981819152832
6,14,0.8711705207824707
6,15,1.0674047470092773
6,16,Error,0.12926826244403825
6,17,Error,3.010700225185879
6,18,0.9376616477966309
6,19,Error,1.8141833783812968
6,20,1.1056904792785645
6,21,Error,2.2145842617502525
6,22,0.8635940551757812
6,23,0.9918067455291748
6,24,0.8737924098968506
6,25,Error,1.0897752413805308
6,26,1.084319829940796
6,27,Error,2.060275374408613
6,28,Error,0.7583122637805738
6,29,1.0158500671386719
6,30,Error,2.7032317647434314
6,31,Error,1.8510155196139322
6,32,Error,2.28473502784304
6,33,1.1055750846862793
6,34,Error,0.7144460367453033
6,35,Error,0.5560430668185975
6,36,1.075570821762085
6,37,1.037724256515503
6,38,Error,2.928437967278038
6,39,0.860001802444458
6,40,1.0712969303131104
6,41,Error,0.24114206632338586
6,42,Error,1.6082539962119626
6,43,Error,0.8028887150998034
6,44,Error,1.2237876018653264
6,45,0.9692564010620117
6,46,Error,2.825234833810898
6,47,Error,0.9975933044239772
6,48,Error,0.07491363147345545
6,49,1.0412676334381104
6,50,0.9483602046966553
6,51,0.92803955078125
6,52,1.1020770072937012
6,53,Error,3.0142613330359116
6,54,Error,1.114339458643196
6,55,0.9961974620819092
6,56,Error,1.6875302617194896
6,57,1.0316245555877686
6,58,Error,1.4447141951193745
6,59,Error,0.035729153031894965
6,60,0.9071774482727051
6,61,Error,2.37690794395807
6,62,Error,1.376055816876983
6,63,Error,1.4619269013937608
6,64,1.0919907093048096
6,65,Error,3.0485955277197907
6,66,Error,1.7287231923086326
6,67,Error,2.037667563676307
6,68,1.0708205699920654
6,69,Error,1.548712068330894
6,70,0.8855791091918945
