idx,CommunicationRound,TimeCost
4,0,Error,18.17652728235856
4,1,1.9542758464813232
4,2,2.1969239711761475
4,3,2.0526833534240723
4,4,Error,2.1175556664758175
4,5,Error,1.4981853145832005
4,6,2.1595547199249268
4,7,2.093832015991211
4,8,2.172584056854248
4,9,Error,2.6683092966629443
4,10,Error,3.1452701695326994
4,11,2.1439547538757324
4,12,2.1376805305480957
4,13,2.1387581825256348
4,14,2.136446952819824
4,15,Error,0.9190867368551034
4,16,2.070615291595459
4,17,1.8092138767242432
4,18,1.8276546001434326
4,19,Error,0.7141671960843247
4,20,2.1481711864471436
4,21,2.0162723064422607
4,22,1.975283145904541
4,23,2.1234843730926514
4,24,Error,1.9382115942480533
4,25,1.975534200668335
4,26,1.8948004245758057
4,27,Error,5.586931753508717
4,28,2.2477898597717285
4,29,2.017592430114746
4,30,1.7514781951904297
4,31,1.8979535102844238
4,32,Error,5.926785231730948
4,33,Error,2.976925049210294
4,34,2.1978204250335693
4,35,Error,5.5096410399855404
4,36,2.2544021606445312
4,37,2.0725018978118896
4,38,Error,0.4785099198057074
4,39,1.815575122833252
4,40,2.306952476501465
4,41,1.9597678184509277
4,42,2.093715190887451
4,43,2.2455873489379883
4,44,2.2787857055664062
4,45,Error,4.280917248845353
4,46,2.1080687046051025
4,47,Error,1.5561363131684782
4,48,2.1690783500671387
4,49,2.1621289253234863
4,50,2.194711685180664
4,51,2.166670083999634
4,52,Error,1.1566150603172018
4,53,2.001814365386963
4,54,1.9425363540649414
4,55,2.1686389446258545
4,56,Error,0.6621331530178007
4,57,2.175328016281128
4,58,2.048518180847168
4,59,2.1381101608276367
4,60,Error,5.000382733513747
4,61,2.188161849975586
4,62,2.1035711765289307
4,63,2.0456624031066895
4,64,2.141955852508545
4,65,2.108198642730713
4,66,Error,3.833997524965943
4,67,Error,4.452720085088769
4,68,2.369147777557373
4,69,2.137345552444458
4,70,2.1916918754577637
4,71,Error,1.7949615226818139
4,72,Error,5.980403522634882
4,73,2.1581499576568604
4,74,2.1741974353790283
4,75,2.1549487113952637
4,76,2.146083354949951
4,77,2.252465009689331
4,78,Error,5.854503851025625
4,79,2.092327356338501
4,80,2.171262264251709
4,81,2.103165626525879
4,82,1.925229549407959
4,83,1.9340074062347412
4,84,2.3089516162872314
4,85,2.1227545738220215
4,86,Error,6.860757296477242
4,87,2.2471280097961426
4,88,Error,4.238151394927685
4,89,2.0076582431793213
4,90,Error,3.035256691654892
4,91,2.1307575702667236
4,92,1.8207364082336426
