idx,CommunicationRound,TimeCost
2,0,6.757353782653809
2,1,0.9587140083312988
2,2,Error,0.36087459400148536
2,3,0.8083057403564453
2,4,0.7917211055755615
2,5,Error,1.0643527535134782
2,6,0.9920969009399414
2,7,Error,0.3326818388360884
2,8,1.0187067985534668
2,9,1.0011570453643799
2,10,0.9653170108795166
2,11,Error,2.50983146126512
2,12,0.9029414653778076
2,13,0.91465163230896
2,14,0.8517894744873047
2,15,Error,2.029729673947295
2,16,0.9768922328948975
2,17,0.953301191329956
2,18,Error,1.948730133799214
2,19,Error,0.52936385390785
2,20,Error,1.226391943522501
2,21,Error,0.3659813940514601
2,22,Error,0.6266662423396953
2,23,Error,0.17668806228701445
2,24,0.9424209594726562
2,25,0.8592665195465088
2,26,Error,0.43937301169413373
2,27,0.9737827777862549
2,28,Error,1.1561503426013688
2,29,0.9987461566925049
2,30,Error,2.558901332125625
2,31,0.8870022296905518
2,32,0.8041293621063232
2,33,0.9487266540527344
2,34,0.8111543655395508
2,35,0.944176197052002
2,36,0.8859007358551025
2,37,Error,0.43326337523996816
2,38,Error,0.641965366157518
2,39,0.7809731960296631
2,40,0.9152543544769287
2,41,0.768909215927124
2,42,Error,0.00763736326465749
2,43,Error,0.9386483200221588
2,44,0.831613302230835
2,45,0.7582590579986572
2,46,0.8593845367431641
2,47,Error,1.1289820688981287
2,48,1.036386489868164
2,49,0.8946294784545898
2,50,Error,1.2478924442630703
2,51,1.0222744941711426
2,52,0.8245096206665039
2,53,Error,1.759024900447081
2,54,Error,0.754171475160195
2,55,Error,0.09519714915917528
2,56,Error,2.0254885186903704
2,57,Error,2.181515442465065
2,58,0.8258800506591797
2,59,Error,0.7923079258544135
2,60,Error,2.284138971448315
2,61,0.7854390144348145
2,62,Error,0.9547031362131136
2,63,Error,0.8204588172880543
2,64,0.874333381652832
2,65,Error,1.6656264100150755
2,66,0.7933850288391113
2,67,0.8532683849334717
2,68,Error,0.013869920228288453
2,69,0.8287677764892578
2,70,0.7976357936859131
2,71,Error,2.080579185208429
2,72,0.808147668838501
2,73,0.9445109367370605
2,74,0.9090924263000488
