idx,CommunicationRound,TimeCost
9,0,7.689162731170654
9,1,1.1711554527282715
9,2,1.030048131942749
9,3,1.2162742614746094
9,4,Error,1.3762670876907874
9,5,Error,1.1778289170116594
9,6,1.222118616104126
9,7,Error,2.7538242899241383
9,8,1.050610065460205
9,9,1.1312999725341797
9,10,Error,1.8852201475451762
9,11,Error,0.5480630905771255
9,12,Error,2.3869428850066536
9,13,Error,0.06990086964924513
9,14,1.1417620182037354
9,15,Error,0.039346532701602925
9,16,Error,0.464814318658389
9,17,1.13918137550354
9,18,Error,2.0694522283154524
9,19,1.1147773265838623
9,20,0.9928991794586182
9,21,1.1999719142913818
9,22,1.2304964065551758
9,23,Error,1.9091344534381864
9,24,1.0973541736602783
9,25,1.219611406326294
9,26,0.980853796005249
9,27,0.9547371864318848
9,28,1.056610345840454
9,29,1.2133054733276367
9,30,Error,2.333146741302937
9,31,0.9864017963409424
9,32,Error,2.3252517339619323
9,33,Error,0.25278217814264964
9,34,Error,0.15253524883103714
9,35,Error,1.447818773389335
9,36,Error,1.9061314228070527
9,37,Error,1.0324643935812132
9,38,Error,1.1425452826913054
9,39,Error,0.6853195395621822
9,40,1.036036491394043
9,41,1.2088279724121094
9,42,Error,0.6103948167504565
9,43,1.1343662738800049
9,44,1.2002973556518555
9,45,Error,0.9301237381581247
9,46,Error,0.9456727311054358
9,47,Error,3.5060870548806613
9,48,1.0701403617858887
9,49,Error,1.8659127027186906
9,50,1.0103185176849365
9,51,1.132561445236206
9,52,1.2153186798095703
9,53,1.225327968597412
9,54,Error,2.5248138428167994
9,55,0.9826617240905762
9,56,0.9597573280334473
9,57,1.12846040725708
9,58,1.1219730377197266
9,59,Error,0.15725163751244825
9,60,1.1443369388580322
9,61,1.0603559017181396
9,62,Error,2.540384747421535
9,63,Error,3.1540763590018566
9,64,1.0405592918395996
9,65,1.032696008682251
9,66,Error,0.1641788823349598
9,67,Error,2.4347480845680334
9,68,Error,0.6855492738541596
9,69,0.9744341373443604
9,70,0.9336349964141846
9,71,Error,0.7237432630966458
9,72,Error,1.2934033440694388
9,73,1.0652496814727783
