idx,CommunicationRound,TimeCost
4,0,Error,18.159315381170032
4,1,1.6463100910186768
4,2,1.7994472980499268
4,3,1.7603461742401123
4,4,Error,1.9033181650714512
4,5,Error,1.3109732185432956
4,6,1.804112434387207
4,7,1.7077064514160156
4,8,1.934227705001831
4,9,Error,2.4744575688404438
4,10,Error,3.088078489580164
4,11,Error,5.084129747373356
4,12,Error,4.802673741105173
4,13,Error,5.878546197261025
4,14,Error,0.8594942533629835
4,15,2.0763585567474365
4,16,Error,2.866544310105442
4,17,Error,0.6173921499374482
4,18,Error,4.60667606436877
4,19,Error,2.8055727404250885
4,20,1.982316255569458
4,21,Error,1.5400686173217013
4,22,Error,5.084324992246366
4,23,Error,0.44523333501167933
4,24,1.8178167343139648
4,25,Error,2.8459634058439818
4,26,1.8327157497406006
4,27,2.115630865097046
4,28,Error,5.000573862148538
4,29,Error,2.8431726017212684
4,30,1.8228302001953125
4,31,Error,5.014726682907753
4,32,Error,4.0695722399468055
4,33,1.6667757034301758
4,34,Error,0.048366893999206934
4,35,1.72940993309021
4,36,Error,3.5685796740600844
4,37,Error,1.8471134746004112
4,38,1.9143955707550049
4,39,1.9635066986083984
4,40,1.8667762279510498
4,41,Error,2.931900558522845
4,42,Error,5.944367201263008
4,43,1.8054683208465576
4,44,Error,1.9482670957965762
4,45,1.733337163925171
4,46,Error,0.9341223125968038
4,47,2.01625657081604
4,48,2.0076065063476562
4,49,Error,5.491743297859544
4,50,Error,2.0312468699145145
4,51,Error,2.846381041121383
4,52,Error,4.405690236185631
4,53,1.9625275135040283
4,54,1.9959158897399902
4,55,1.9246141910552979
4,56,Error,4.676026478343533
4,57,Error,3.3437724845268257
4,58,Error,2.9924180795678015
4,59,Error,4.5984553890975635
4,60,Error,5.306703314923086
4,61,2.0903286933898926
4,62,Error,0.7645968316289659
4,63,1.922919750213623
4,64,1.852156639099121
4,65,2.087008237838745
4,66,2.113173246383667
4,67,1.8231282234191895
4,68,1.787126064300537
4,69,2.005236864089966
4,70,Error,4.944001499008682
4,71,Error,2.556895824499651
4,72,Error,3.1531060097004993
4,73,Error,2.4197808920181823
4,74,Error,2.606887264990447
4,75,1.8195075988769531
