idx,CommunicationRound,TimeCost
7,0,17.50518035888672
7,1,Error,8.76269890317702
7,2,Error,8.264867203519243
7,3,Error,12.572537161284782
7,4,6.000848054885864
7,5,6.0568015575408936
7,6,Error,4.29887276954288
7,7,Error,3.6271675538467867
7,8,6.050631999969482
7,9,Error,5.462876474775434
7,10,5.951045274734497
7,11,5.998879909515381
7,12,Error,9.550342344389716
7,13,Error,5.588781718452075
7,14,Error,16.217909390162905
