idx,CommunicationRound,TimeCost
9,0,20.94158363342285
9,1,8.97726821899414
9,2,8.846625566482544
9,3,8.988455772399902
9,4,Error,10.994871126665752
9,5,Error,8.622577119866433
9,6,Error,5.643282888943713
9,7,8.894381761550903
9,8,Error,16.75087272652598
9,9,Error,2.185502069715424
9,10,Error,2.507425748459949
9,11,8.96639609336853
9,12,8.838730573654175
9,13,Error,0.6209950701177912
9,14,8.957975387573242
