idx,CommunicationRound,TimeCost
2,0,Error,54.93899897779281
2,1,Error,10.430846088638848
2,2,Error,32.4411914040973
2,3,Error,9.697848116771922
2,4,Error,37.3378188309998
2,5,Error,12.388734372583004
2,6,Error,36.150612371351976
2,7,Error,33.579203311448396
2,8,Error,11.885784452051535
2,9,Error,34.64885362095058
2,10,Error,16.68507800770179
2,11,Error,5.282528230752916
