idx,CommunicationRound,TimeCost
2,0,26.346670627593994
2,1,15.123109102249146
2,2,Error,6.551823187689755
2,3,15.207753658294678
2,4,Error,9.312137145336626
2,5,Error,37.6675637603634
2,6,Error,12.288714655510073
2,7,14.693962097167969
2,8,14.820284366607666
