idx,CommunicationRound,TimeCost
7,0,17.297916412353516
7,1,Error,8.69926014260832
7,2,Error,8.13002894731683
7,3,Error,12.376516200130602
7,4,5.935750246047974
7,5,6.064279556274414
7,6,Error,4.2976570060133845
7,7,Error,3.6171070089468054
7,8,6.0249903202056885
