idx,CommunicationRound,TimeCost
5,0,Error,41.010330025988914
5,1,Error,27.582457337626103
5,2,18.051437854766846
5,3,Error,17.47673288735256
5,4,20.34365487098694
5,5,25.60664415359497
5,6,Error,39.97379914693329
5,7,9.403759479522705
5,8,Error,28.84589715287921
5,9,Error,11.846601965479545
5,10,11.026269674301147
5,11,Error,16.477515998688382
5,12,Error,0.8695599215567785
5,13,4.313274145126343
5,14,Error,7.407536208626237
5,15,Error,7.977060295572275
5,16,13.496000528335571
5,17,Error,3.5423865595444086
5,18,3.3382184505462646
5,19,9.972612619400024
5,20,8.43025803565979
5,21,Error,0.351856705936289
5,22,Error,0.7893586751319068
5,23,0.794525146484375
5,24,Error,4.250224706971175
5,25,6.425175428390503
5,26,10.073998928070068
5,27,Error,1.6898281859412103
5,28,Error,10.772819403120497
5,29,Error,23.611821336228218
5,30,20.274707317352295
5,31,2.7184112071990967
5,32,Error,0.22591805479837476
5,33,4.895180702209473
