idx,CommunicationRound,TimeCost
6,0,16.138588905334473
6,1,Error,13.630597274745467
6,2,5.9317786693573
6,3,Error,6.899893583115965
6,4,Error,9.84493377689316
6,5,5.80486273765564
6,6,Error,22.062694781559504
6,7,5.173304796218872
6,8,Error,14.47394790354539
6,9,5.893627882003784
6,10,Error,13.013716944648456
6,11,Error,1.2282047325158527
6,12,Error,15.621336359929794
6,13,4.843536138534546
6,14,5.063668966293335
6,15,Error,1.25178259552075
6,16,Error,23.738030100500815
6,17,8.303799867630005
6,18,Error,16.322167075218534
6,19,Error,10.532607408750938
6,20,9.692470788955688
6,21,10.582150936126709
6,22,Error,4.325376117056579
6,23,11.384610176086426
6,24,Error,28.415074725295952
6,25,Error,0.21638002483837931
6,26,Error,10.498081049787173
6,27,9.056366205215454
6,28,Error,2.657300114863733
6,29,11.964641332626343
6,30,Error,22.60898585553727
6,31,12.245765209197998
6,32,Error,14.637681090424246
6,33,Error,5.594511764229249
6,34,Error,31.276854878210084
6,35,12.350077390670776
6,36,12.802050352096558
6,37,9.576325416564941
