idx,CommunicationRound,TimeCost
1,0,22.345513582229614
1,1,Error,0.3491486192482824
1,2,Error,25.766116475004743
1,3,10.714905977249146
1,4,10.696932315826416
1,5,10.657795190811157
1,6,10.628830432891846
1,7,10.60938549041748
1,8,10.605661869049072
1,9,10.624930381774902
1,10,Error,1.9538071347581953
1,11,10.688703536987305
1,12,10.483529329299927
1,13,Error,13.727660658563746
1,14,Error,19.69143673576588
1,15,10.61796259880066
