idx,CommunicationRound,TimeCost
2,0,25.868544578552246
2,1,14.616703987121582
2,2,Error,6.627222443428853
2,3,15.225750207901001
2,4,14.56678056716919
2,5,Error,19.614302123157216
2,6,15.313962936401367
2,7,Error,6.645464827551125
2,8,15.141433000564575
2,9,14.796277284622192
2,10,15.23993730545044
2,11,Error,39.00674748897822
2,12,14.79471755027771
2,13,15.201026439666748
2,14,14.983453512191772
