idx,CommunicationRound,TimeCost
3,0,23.67484164237976
3,1,12.16885781288147
3,2,Error,26.70392011286454
3,3,Error,25.155623192952103
3,4,12.363698720932007
3,5,Error,33.27134272176403
3,6,Error,29.89666004233097
3,7,Error,20.43412576187065
3,8,Error,24.211725389196154
3,9,Error,3.0797355647795954
3,10,12.104300022125244
3,11,12.489028453826904
3,12,12.289320230484009
3,13,12.377777099609375
3,14,12.226314306259155
3,15,Error,3.40063042278757
