idx,CommunicationRound,TimeCost
5,0,25.354306936264038
5,1,13.62530517578125
5,2,13.665503025054932
5,3,13.650031566619873
5,4,Error,13.598611846473506
5,5,13.540946006774902
5,6,13.801087617874146
5,7,Error,37.21214873750322
5,8,13.831343412399292
5,9,13.777266263961792
5,10,Error,9.228592577675387
5,11,Error,32.13109748456191
5,12,13.601464748382568
5,13,13.804661273956299
5,14,Error,40.44803624465341
5,15,13.707458257675171
