idx,CommunicationRound,TimeCost
8,0,16.405768632888794
8,1,5.191047430038452
8,2,5.077422142028809
8,3,Error,4.040904442204249
8,4,Error,4.11585417288147
8,5,Error,4.782143098305826
8,6,Error,1.0684877900186722
8,7,5.071065425872803
8,8,5.1669580936431885
8,9,5.242959260940552
8,10,5.022775888442993
8,11,Error,10.305922303983428
8,12,5.123621940612793
8,13,5.163250923156738
8,14,Error,8.418506312570743
8,15,5.1500244140625
