idx,CommunicationRound,TimeCost
9,0,20.680707216262817
9,1,8.97628378868103
9,2,8.86759901046753
9,3,9.022088766098022
9,4,Error,11.107179051096775
9,5,Error,8.672050146347132
9,6,9.029122829437256
9,7,Error,24.30891415190197
9,8,8.883477449417114
9,9,8.873635530471802
9,10,Error,15.394356892495798
9,11,Error,5.062761509434231
9,12,Error,18.50688659651287
9,13,Error,0.6234636211528158
9,14,9.053426742553711
9,15,Error,0.3450677894220676
