idx,CommunicationRound,TimeCost
8,0,16.4114990234375
8,1,3.848900318145752
8,2,3.6590991020202637
8,3,Error,2.7694627069950384
8,4,Error,2.9684631213861747
8,5,Error,3.39947564168726
8,6,Error,0.7236077760358115
8,7,3.6720850467681885
8,8,3.7540857791900635
8,9,4.674476623535156
8,10,4.791175365447998
8,11,Error,9.934132577490264
8,12,4.4257652759552
8,13,3.790283203125
8,14,Error,4.795317110932971
8,15,5.100825309753418
8,16,Error,8.993025494312073
8,17,3.570725202560425
8,18,3.0242362022399902
8,19,Error,5.291672517732533
8,20,Error,7.90648510164623
8,21,5.031772136688232
8,22,Error,4.064908493967916
8,23,4.266258955001831
8,24,Error,2.4577524260804577
8,25,3.776268720626831
8,26,Error,7.819610087736922
8,27,Error,9.017224518772503
8,28,Error,1.0357334869376518
8,29,5.063169240951538
8,30,4.442047595977783
8,31,Error,1.9736988046271542
8,32,5.008306980133057
8,33,3.22940731048584
8,34,2.9479000568389893
8,35,3.006685733795166
8,36,Error,4.459330340802033
8,37,4.611153602600098
8,38,5.431871175765991
8,39,5.0646891593933105
8,40,5.059901714324951
8,41,4.777313947677612
8,42,Error,2.2486413661187035
8,43,3.7175416946411133
8,44,Error,5.729059647070832
8,45,3.7050364017486572
8,46,3.9130468368530273
8,47,5.116337060928345
8,48,2.9886369705200195
8,49,2.849189519882202
8,50,2.763054370880127
8,51,3.364356517791748
8,52,3.781619071960449
8,53,Error,5.226724794473818
8,54,Error,3.2047498962683174
8,55,3.7136166095733643
8,56,Error,8.380965527658402
8,57,3.6340739727020264
8,58,Error,2.7304708313344705
8,59,3.837547779083252
8,60,Error,3.913072216512395
8,61,Error,8.51777766911418
8,62,3.5862369537353516
8,63,4.204188585281372
8,64,5.076445817947388
8,65,Error,7.384941220968804
8,66,Error,6.274486060718481
8,67,Error,1.5456265971629888
8,68,5.0044310092926025
8,69,Error,5.173725075254876
8,70,3.7376863956451416
8,71,3.6971309185028076
8,72,Error,5.127795127470836
8,73,Error,4.459619837897335
8,74,3.575911045074463
8,75,Error,2.164110434496259
8,76,Error,7.039522866581554
8,77,4.796415090560913
8,78,3.7267658710479736
8,79,Error,3.4977951910524396
8,80,3.574131727218628
8,81,Error,8.043913175711841
8,82,Error,6.457411042506918
8,83,4.867257118225098
8,84,Error,10.148268789194887
8,85,3.7779526710510254
8,86,5.103508234024048
8,87,3.662827253341675
8,88,Error,14.781943832588574
8,89,Error,0.8158538083559636
8,90,Error,8.810926896093642
8,91,3.6157610416412354
8,92,Error,2.037401332156581
8,93,3.5735929012298584
