idx,CommunicationRound,TimeCost
5,0,Error,7.6917540536377045
5,1,Error,0.2218923565902489
5,2,0.07615256309509277
5,3,Error,0.076881639650222
5,4,0.07568550109863281
5,5,0.07559990882873535
5,6,Error,0.20633670062289827
5,7,0.0839090347290039
5,8,Error,0.14962833319871252
5,9,Error,0.07168176083040538
5,10,0.07697892189025879
5,11,Error,0.15204214754601045
5,12,Error,0.011003686217156312
5,13,0.08836913108825684
5,14,Error,0.06016852847486019
5,15,Error,0.10703133581220078
5,16,0.07620811462402344
5,17,Error,0.21319364816568934
5,18,0.07802939414978027
5,19,0.08012032508850098
5,20,0.0818791389465332
5,21,Error,0.060576964301795544
5,22,Error,0.0852253477408886
5,23,0.07950520515441895
5,24,Error,0.12246782695755992
5,25,0.08394002914428711
5,26,0.08331656455993652
5,27,Error,0.021962724888791422
5,28,Error,0.14813204058124196
5,29,Error,0.1833505978539387
5,30,0.09030389785766602
5,31,0.07830953598022461
5,32,Error,0.0026188536985308013
5,33,0.0802619457244873
5,34,Error,0.08713112892628662
5,35,Error,0.1634804759896905
5,36,Error,0.007738678498056041
5,37,0.07680082321166992
5,38,Error,0.024245541800857112
5,39,Error,0.024952054894577018
5,40,Error,0.18836543577600343
5,41,0.07746028900146484
5,42,Error,0.05768273387964348
