idx,CommunicationRound,TimeCost
8,0,6.764797210693359
8,1,Error,0.23052310254702268
8,2,Error,0.08257281063046917
8,3,Error,0.17391879996393006
8,4,Error,0.17029619952447855
8,5,Error,0.10761898433002
8,6,Error,0.28576233449148564
8,7,0.17876219749450684
8,8,Error,0.055883138250500404
8,9,0.18016719818115234
8,10,0.25122666358947754
8,11,0.17771148681640625
8,12,0.1887352466583252
8,13,Error,0.308904171454839
8,14,0.18293237686157227
8,15,Error,0.3306478288752591
8,16,0.17814993858337402
8,17,Error,0.2461778725643489
8,18,Error,0.26249898352713524
8,19,0.18517017364501953
8,20,0.189469575881958
8,21,Error,0.20804076027644408
8,22,0.17575550079345703
8,23,Error,0.13844468448986652
8,24,0.17858648300170898
8,25,Error,0.3770337726993969
8,26,Error,0.36076779314017143
8,27,Error,0.03659964240324804
8,28,0.18009257316589355
8,29,Error,0.1430728930132941
8,30,Error,0.15207519117716398
8,31,Error,0.3357465400852194
8,32,0.1859292984008789
8,33,0.17438912391662598
8,34,Error,0.20867364483777692
8,35,0.17805147171020508
8,36,Error,0.33406753158217023
8,37,Error,0.28405528273874286
8,38,0.17655372619628906
8,39,Error,0.10784349119702046
8,40,0.17908835411071777
8,41,Error,0.27652438806513957
8,42,0.18166089057922363
