idx,CommunicationRound,TimeCost
3,0,6.827303171157837
3,1,1.107079267501831
3,2,Error,2.145523107663746
3,3,Error,2.266143113594159
3,4,1.031026840209961
3,5,Error,2.579830661877166
3,6,Error,2.472960383913471
3,7,Error,1.7860807318180185
3,8,Error,2.175458744532855
3,9,Error,0.23720376721243192
3,10,0.9789168834686279
3,11,1.0331215858459473
3,12,1.0436456203460693
3,13,1.1764273643493652
3,14,0.94820237159729
3,15,Error,0.31952916491424205
3,16,1.1718101501464844
3,17,Error,0.639513889524898
3,18,1.1511166095733643
3,19,0.9474139213562012
3,20,Error,0.07930401238388869
3,21,Error,1.7781648045198357
3,22,Error,1.9122692665987275
3,23,Error,1.5265526610491118
3,24,1.0411310195922852
3,25,Error,0.6718833662260693
3,26,1.1601693630218506
3,27,Error,1.983102676099068
3,28,Error,2.3803219236701034
3,29,Error,1.2614532501574145
3,30,1.1075751781463623
3,31,Error,0.5558697763243343
3,32,Error,0.8517154377069287
3,33,Error,0.9722815499686215
3,34,1.2127232551574707
3,35,1.0048527717590332
3,36,Error,0.1090244010754736
3,37,Error,0.6636006762231185
3,38,Error,0.8726661364413507
3,39,1.0971243381500244
3,40,1.000338077545166
3,41,1.0219817161560059
3,42,1.0846989154815674
3,43,1.1405560970306396
3,44,Error,1.3410466091524353
3,45,1.2102234363555908
3,46,Error,3.1306276323201763
3,47,Error,3.0690144525769343
3,48,Error,0.8303362049776827
3,49,Error,1.9796320811618209
3,50,Error,1.2947746183093338
3,51,Error,2.5459432085515084
3,52,Error,1.2690648117141374
3,53,Error,0.42311161906317607
3,54,Error,2.279839579609621
3,55,1.0002989768981934
3,56,Error,3.1094698746443092
3,57,1.096200704574585
3,58,Error,0.7442418627431923
3,59,1.059401512145996
3,60,Error,2.4012490731403715
3,61,1.1911308765411377
3,62,0.9500162601470947
3,63,1.0498857498168945
3,64,1.178222894668579
3,65,Error,2.849521536390746
3,66,Error,1.1477435391201816
3,67,Error,1.4827092001731914
3,68,Error,1.8571679500937863
3,69,1.0154435634613037
3,70,0.9989545345306396
