idx,CommunicationRound,TimeCost
5,0,Error,8.64000171818158
5,1,Error,2.1724721071510613
5,2,1.0391027927398682
5,3,Error,0.9798905284917999
5,4,1.0187602043151855
5,5,1.0675182342529297
5,6,Error,3.3780158736429553
5,7,1.195906162261963
5,8,Error,1.8627447403589854
5,9,Error,0.9850769107687741
5,10,1.0577049255371094
5,11,Error,2.083865537379228
5,12,Error,0.16577518028921798
5,13,1.2467989921569824
5,14,1.1973626613616943
5,15,Error,0.958771643357293
5,16,Error,2.334538048439796
5,17,Error,3.0066192526872193
5,18,1.1246161460876465
5,19,1.1174867153167725
5,20,1.1109678745269775
5,21,Error,0.4861602235542861
5,22,Error,1.1393527559421983
5,23,1.115389108657837
5,24,Error,1.6894892117560678
5,25,1.258267879486084
5,26,1.180262804031372
5,27,Error,0.29321829711022906
5,28,Error,1.9085098217204561
5,29,Error,2.565916560734671
5,30,1.254767894744873
5,31,1.0223102569580078
5,32,Error,0.03550350144671848
5,33,1.1317989826202393
5,34,Error,1.1918829380112022
5,35,Error,2.179007739837576
5,36,Error,0.10192912259309754
5,37,1.0358855724334717
5,38,1.2469146251678467
5,39,Error,1.2614002955053827
5,40,Error,1.3138868320626107
5,41,Error,3.241630946238085
5,42,Error,0.8247225492511046
5,43,1.0352222919464111
5,44,1.2205939292907715
5,45,Error,0.06860289898932861
5,46,Error,0.3947608423853552
5,47,0.9979274272918701
5,48,Error,1.7076048900499188
5,49,1.123469591140747
5,50,Error,0.27089891125323823
5,51,1.170745611190796
5,52,Error,1.655566660623304
5,53,1.214695692062378
5,54,Error,0.511233508710666
5,55,Error,1.4017275701295226
5,56,Error,2.2547983270436234
5,57,Error,1.3590511068491222
5,58,Error,3.1401534010123147
5,59,0.9928567409515381
5,60,1.0321545600891113
5,61,Error,1.7922179681785744
5,62,1.2280833721160889
5,63,1.1680593490600586
5,64,1.1962237358093262
5,65,1.1342136859893799
5,66,1.212536096572876
5,67,1.045708417892456
5,68,1.0828473567962646
5,69,1.2080883979797363
