idx,CommunicationRound,TimeCost
0,0,Error,52.793249220821195
0,1,Error,11.92978163902729
0,2,Error,12.80474570291619
0,3,Error,5.9924007713809235
0,4,6.858897924423218
0,5,Error,19.830109374207428
0,6,Error,12.815199767341094
0,7,Error,10.61506331624801
0,8,Error,4.883116253571391
0,9,Error,8.907243949814392
0,10,Error,12.891995848964406
0,11,Error,9.414677974940949
0,12,6.590181112289429
