idx,CommunicationRound,TimeCost
3,0,Error,47.15325261804821
3,1,Error,9.38248396162195
3,2,Error,11.196019527825252
3,3,Error,28.71074389721289
3,4,Error,32.88248437527693
3,5,Error,29.026576481411002
3,6,Error,20.317396825413006
3,7,Error,23.842730075634197
3,8,Error,3.043115091085256
3,9,12.292411088943481
3,10,12.31857180595398
3,11,Error,31.962144748581792
