idx,CommunicationRound,TimeCost
7,0,Error,17.89366182537316
7,1,Error,8.837857841131829
7,2,Error,4.730994032112275
7,3,Error,5.815838365764503
7,4,Error,15.873188542260515
7,5,Error,4.318324646416058
7,6,Error,3.662624415779832
7,7,6.0825018882751465
7,8,Error,5.467613988245015
7,9,5.993741989135742
7,10,Error,9.67808268141955
7,11,Error,15.200108347932892
