idx,CommunicationRound,TimeCost
8,0,Error,26.833852562270156
8,1,Error,15.487125223419199
8,2,Error,4.070638912457226
8,3,Error,3.998958273475
8,4,Error,4.843440057313819
8,5,Error,1.097130131800957
8,6,Error,6.028228000346779
8,7,5.268894672393799
8,8,Error,11.24807155981716
8,9,Error,10.485838374912912
8,10,5.096696138381958
8,11,Error,15.104253200117828
