idx,CommunicationRound,TimeCost
3,0,10.87432074546814
3,1,4.820772886276245
3,2,4.799182415008545
3,3,4.894322872161865
3,4,4.91411018371582
3,5,4.843613624572754
3,6,4.873321056365967
3,7,4.89280366897583
3,8,4.9342052936553955
3,9,4.90755820274353
3,10,4.9483864307403564
3,11,4.917428731918335
3,12,4.8983118534088135
3,13,4.897232294082642
3,14,4.919376373291016
3,15,4.955636739730835
3,16,5.025883436203003
3,17,5.057391405105591
3,18,4.930338144302368
3,19,4.960235118865967
3,20,4.991731405258179
3,21,4.933558464050293
3,22,4.961729049682617
3,23,5.016313552856445
3,24,5.005548715591431
3,25,5.058213472366333
3,26,4.992539644241333
3,27,4.9868004322052
3,28,5.070748567581177
3,29,4.932873487472534
3,30,5.003497838973999
3,31,4.947295188903809
3,32,4.958492755889893
3,33,5.013777017593384
3,34,4.998483657836914
3,35,4.955643653869629
3,36,4.959965229034424
3,37,5.016373872756958
3,38,4.982611179351807
3,39,5.038924694061279
3,40,4.969354867935181
3,41,5.00566554069519
3,42,4.994767189025879
3,43,4.9701080322265625
3,44,4.955655097961426
3,45,4.954374074935913
3,46,4.979400873184204
3,47,5.017680883407593
3,48,4.935881853103638
3,49,5.099942207336426
3,50,4.989310026168823
3,51,4.972712993621826
3,52,4.941656112670898
3,53,4.92269492149353
3,54,4.931220531463623
3,55,4.941419363021851
3,56,5.06703782081604
3,57,5.010036945343018
3,58,5.021428346633911
3,59,4.150142669677734
