idx,CommunicationRound,TimeCost
4,0,Error,38.91533737869043
4,1,5.95215106010437
4,2,6.010756492614746
4,3,6.050478219985962
4,4,Error,6.287206057874126
4,5,Error,4.781047646764249
4,6,5.951581954956055
4,7,Error,4.081462756771687
4,8,Error,4.280581030566361
