idx,CommunicationRound,TimeCost
0,0,7.519061088562012
0,1,Error,1.67472859207326
0,2,Error,1.543649307715749
0,3,1.0122103691101074
0,4,Error,0.233075330339158
0,5,1.0685451030731201
0,6,0.8502957820892334
0,7,1.1141269207000732
0,8,Error,0.045423241788851106
0,9,Error,0.561045680310347
0,10,Error,1.2595896545324612
0,11,0.9626293182373047
0,12,0.9854862689971924
0,13,0.9768538475036621
0,14,Error,2.8891585088940723
0,15,1.1204965114593506
0,16,Error,0.7035002688654175
0,17,Error,2.112466953169302
0,18,0.9532077312469482
0,19,0.9504621028900146
0,20,Error,0.6799654308036357
0,21,Error,3.22615758308179
0,22,Error,1.8017268631138617
0,23,Error,0.2758263645302097
0,24,0.933814525604248
0,25,Error,0.7776423433767374
0,26,Error,2.02760745270286
0,27,0.8900043964385986
0,28,Error,2.1010160080865092
0,29,0.8704004287719727
0,30,Error,0.5512107268410659
0,31,0.9094212055206299
0,32,Error,2.8557565495271926
0,33,Error,2.293169616730167
0,34,Error,3.0185681033220573
0,35,Error,2.080979403910845
0,36,Error,0.20496918914742665
0,37,0.845975399017334
0,38,0.9030547142028809
0,39,Error,2.702188027422137
0,40,0.9725308418273926
0,41,Error,0.5008643413798846
0,42,1.0983812808990479
0,43,Error,2.006077981761991
0,44,Error,3.159436892413629
0,45,1.0702428817749023
0,46,Error,0.11092267574369014
0,47,Error,2.3485453986284828
0,48,0.9124243259429932
0,49,Error,0.5265722303815976
0,50,Error,0.7212503104526687
0,51,0.9955029487609863
0,52,Error,2.7871601295339135
0,53,Error,0.721043749343237
0,54,Error,0.5076623283861725
0,55,0.9430792331695557
0,56,Error,2.323055770440597
0,57,1.1168546676635742
0,58,1.028874397277832
0,59,Error,0.046200607187545754
0,60,1.097641944885254
0,61,Error,2.1255127107545664
0,62,0.975024938583374
0,63,0.9284534454345703
0,64,0.8562202453613281
0,65,1.0540962219238281
0,66,1.0475776195526123
0,67,1.0620744228363037
0,68,0.9388411045074463
0,69,1.0969822406768799
0,70,0.9598255157470703
