idx,CommunicationRound,TimeCost
2,0,6.622319221496582
2,1,0.9591708183288574
2,2,Error,0.36227177509787295
2,3,0.8299477100372314
2,4,0.8015246391296387
2,5,Error,1.0738752320726692
2,6,1.0114169120788574
2,7,Error,0.34133250329920256
2,8,1.0166981220245361
2,9,1.002455234527588
2,10,0.9849574565887451
2,11,Error,2.567967817903498
2,12,0.9084997177124023
2,13,Error,1.0135959615552252
2,14,Error,0.31264583567862286
2,15,1.0007977485656738
2,16,1.046867847442627
2,17,0.940213680267334
2,18,0.8262925148010254
2,19,Error,0.5493898273208022
2,20,Error,1.268207242766449
2,21,Error,0.3756992680353149
2,22,Error,0.6536722121579576
2,23,Error,0.18195876651368864
2,24,0.9656829833984375
2,25,0.8772244453430176
2,26,Error,0.43046183622066686
2,27,1.0027060508728027
2,28,Error,1.1694946611864305
2,29,1.0199766159057617
2,30,Error,2.566482917359493
2,31,0.8769111633300781
2,32,0.7905399799346924
2,33,0.9645810127258301
2,34,0.8329660892486572
2,35,0.940075159072876
2,36,0.8778064250946045
2,37,Error,0.4244547375179536
2,38,Error,0.6530159102199885
2,39,0.7890381813049316
2,40,0.9261000156402588
2,41,Error,0.8003907766807141
2,42,Error,2.3797162304198682
2,43,Error,0.6457914242060294
2,44,Error,1.3278419129629326
2,45,0.8670234680175781
2,46,Error,1.149565758338086
2,47,1.046665906906128
2,48,0.9058594703674316
2,49,Error,1.2880136585044657
2,50,1.0443472862243652
2,51,0.8419482707977295
2,52,Error,1.7847533928306105
2,53,Error,0.7598899792180791
2,54,Error,0.0956956932696072
2,55,Error,2.0190105786520713
2,56,Error,2.1708461449393113
2,57,Error,1.3653187761925882
2,58,Error,1.1227221856491563
2,59,0.7873210906982422
2,60,0.8109602928161621
2,61,Error,0.9868952326672077
2,62,Error,0.854264460543666
2,63,0.9057693481445312
2,64,Error,1.6899285815025398
2,65,0.8158054351806641
2,66,0.8666670322418213
2,67,Error,0.013679741596266119
2,68,0.8454880714416504
2,69,Error,0.9128306737689142
2,70,0.8815536499023438
