idx,CommunicationRound,TimeCost
6,0,6.735936403274536
6,1,Error,2.5453417248596693
6,2,1.0385029315948486
6,3,Error,0.9905818165636225
6,4,Error,1.5695470200525536
6,5,0.922297477722168
6,6,Error,3.3118300605032
6,7,0.8577275276184082
6,8,Error,2.2950034361665486
6,9,0.9950160980224609
6,10,0.8932101726531982
6,11,1.0801584720611572
6,12,Error,2.6104904883152216
6,13,0.9700396060943604
6,14,0.8689284324645996
6,15,1.068225383758545
6,16,Error,0.12706025676969263
6,17,Error,3.0172831343353885
6,18,0.9435961246490479
6,19,Error,1.7946269107181647
6,20,1.1086442470550537
6,21,Error,2.209474829374247
6,22,0.8868386745452881
6,23,0.9938616752624512
6,24,0.8725342750549316
6,25,Error,1.0895099346074035
6,26,1.0682921409606934
6,27,Error,2.0595183880941454
6,28,Error,0.7583155772390684
6,29,1.0127074718475342
6,30,Error,2.723535731594566
6,31,Error,1.8470350363366876
6,32,Error,2.2526524588710286
6,33,1.1091740131378174
6,34,Error,0.7153548899769763
6,35,Error,0.558005782293804
6,36,1.0798747539520264
6,37,1.0464870929718018
6,38,Error,2.9572194313165667
6,39,0.8553540706634521
6,40,1.0699741840362549
6,41,Error,0.24282198951863673
6,42,Error,1.6276013268314904
6,43,Error,0.8064334300904573
6,44,Error,1.2258516008274705
6,45,0.9522037506103516
6,46,Error,2.843142627344408
6,47,Error,0.9991580081288428
6,48,Error,0.07597695839314031
6,49,1.0453119277954102
6,50,0.9619169235229492
6,51,0.9282386302947998
6,52,1.1034741401672363
6,53,Error,3.0087422102014916
6,54,Error,1.1180062434364106
6,55,1.0016846656799316
6,56,Error,1.6948071447675848
6,57,1.02976393699646
6,58,Error,1.4499472006264031
6,59,Error,0.03520663900864451
6,60,0.9136757850646973
6,61,Error,2.4223422985380427
6,62,Error,1.397412961697313
6,63,Error,1.4674493805904376
6,64,1.0976815223693848
6,65,Error,3.062301549508262
6,66,Error,1.7288747916683884
6,67,Error,2.0503888792772123
6,68,1.0806386470794678
6,69,Error,1.5428336672344578
6,70,0.8948795795440674
