idx,CommunicationRound,TimeCost
8,0,7.577231407165527
8,1,1.0082428455352783
8,2,0.9745678901672363
8,3,Error,0.7370488932426789
8,4,Error,0.7520298709946196
8,5,Error,0.8318756677179074
8,6,Error,0.2182060646394962
8,7,0.9230329990386963
8,8,0.9707911014556885
8,9,Error,0.32632232663714794
8,10,1.0723369121551514
8,11,0.9796130657196045
8,12,0.9498252868652344
8,13,1.099132776260376
8,14,Error,1.855444030633684
8,15,1.0709693431854248
8,16,Error,1.7957272046972503
8,17,0.8907535076141357
8,18,Error,1.249153712240363
8,19,Error,1.3446520741168333
8,20,0.9668197631835938
8,21,1.1132712364196777
8,22,Error,1.054717383469968
8,23,0.8931500911712646
8,24,Error,0.7989261752690512
8,25,0.9774212837219238
8,26,Error,1.9911279296058673
8,27,Error,1.8044295177317713
8,28,Error,0.2161603134292769
8,29,1.0047330856323242
8,30,Error,0.7141784691625063
8,31,Error,0.7608392376121407
8,32,Error,1.8347754850674298
8,33,1.1158263683319092
8,34,0.8796405792236328
8,35,Error,1.2046687084339938
8,36,1.049734115600586
8,37,1.1118967533111572
8,38,1.0309886932373047
8,39,0.920504093170166
8,40,0.8804583549499512
8,41,Error,0.6201731998196864
8,42,1.014979362487793
8,43,Error,1.3810999176083214
8,44,0.9406306743621826
8,45,1.0578944683074951
8,46,1.0455613136291504
8,47,0.9436550140380859
8,48,Error,0.185036360450874
8,49,Error,1.5237316078128995
8,50,1.1381969451904297
8,51,Error,1.5572930663540225
8,52,Error,1.07678951596147
8,53,0.9869341850280762
8,54,Error,2.282373140061211
8,55,Error,0.12367320963836827
8,56,Error,1.0615587140109175
8,57,Error,0.9156167771856004
8,58,0.9385697841644287
8,59,0.9600772857666016
8,60,0.9113638401031494
8,61,1.025796890258789
8,62,1.0116117000579834
8,63,Error,2.1120039735508467
8,64,Error,2.282151617053293
8,65,Error,0.4937031190103269
8,66,0.9448597431182861
8,67,Error,1.3299719097532845
8,68,1.0198462009429932
8,69,0.9653866291046143
