idx,CommunicationRound,TimeCost
4,0,Error,39.53393140179801
4,1,6.110693454742432
4,2,5.989965915679932
4,3,6.219162702560425
4,4,Error,6.38289689173785
4,5,Error,4.907565308819665
4,6,6.050451040267944
4,7,6.223153829574585
4,8,6.007428169250488
4,9,Error,8.491897612803392
4,10,Error,10.343906092872029
4,11,6.210470676422119
4,12,6.258038759231567
4,13,6.099945783615112
4,14,6.359551906585693
4,15,Error,2.6676451804757098
4,16,6.043122291564941
4,17,6.193239212036133
