idx,CommunicationRound,TimeCost
6,0,16.298639059066772
6,1,Error,10.608366316836618
6,2,4.659578561782837
6,3,Error,5.259750518737147
6,4,Error,7.121467794004415
6,5,4.65522027015686
6,6,4.678659915924072
6,7,Error,11.457303444727636
6,8,Error,9.926837805905256
6,9,4.695450782775879
6,10,4.646477699279785
6,11,4.629154682159424
6,12,Error,12.984846572654615
6,13,4.6520891189575195
6,14,4.632598638534546
6,15,4.746582508087158
6,16,4.577478885650635
6,17,4.525474786758423
