idx,CommunicationRound,TimeCost
8,0,16.908509969711304
8,1,5.105202674865723
8,2,5.039559364318848
8,3,Error,4.037657816234317
8,4,5.203176021575928
8,5,Error,5.07994072581961
8,6,5.126551628112793
8,7,Error,3.104912467582109
8,8,5.168551921844482
8,9,5.309159517288208
8,10,Error,11.214683072956245
8,11,5.314962387084961
8,12,Error,14.071790287887314
8,13,5.236669063568115
8,14,Error,8.855389933132049
8,15,5.3352744579315186
8,16,Error,9.665030043444906
8,17,5.119190454483032
