idx,CommunicationRound,TimeCost
2,0,6.655608892440796
2,1,0.973750114440918
2,2,Error,0.3628125854393856
2,3,0.8368706703186035
2,4,Error,0.5214516250936866
2,5,Error,2.0777588291212266
2,6,Error,0.768098465547647
2,7,0.8114726543426514
2,8,0.995366096496582
2,9,0.9952044486999512
2,10,1.0196521282196045
2,11,0.8353185653686523
2,12,0.8938062191009521
2,13,Error,1.009255804090159
2,14,Error,0.31133465461738175
2,15,1.0070195198059082
2,16,1.0640900135040283
2,17,0.9199275970458984
2,18,0.7904784679412842
2,19,Error,0.5377487710200058
2,20,Error,1.2566069075913708
2,21,Error,0.36734008918097927
2,22,Error,0.6436011495209636
2,23,Error,0.1831770059513142
2,24,0.9670333862304688
2,25,0.8895554542541504
2,26,Error,0.4367443188483968
2,27,0.9824109077453613
2,28,Error,1.162341018058428
2,29,1.0121495723724365
2,30,Error,2.524917610538557
2,31,0.8614330291748047
2,32,0.7821779251098633
2,33,0.9549176692962646
2,34,0.8168108463287354
2,35,Error,1.0095536686175726
2,36,Error,0.8621437032743672
2,37,0.8116378784179688
2,38,Error,0.16590505275076886
2,39,Error,1.5754707134059212
2,40,Error,0.8063298321107644
2,41,Error,2.3904840673540724
2,42,Error,0.6513284286542732
2,43,Error,1.3401489257093369
2,44,0.8685557842254639
2,45,Error,1.1335385032320984
2,46,Error,1.4781696726288625
2,47,Error,0.09030376142717496
2,48,0.9032330513000488
2,49,Error,2.006218701951075
2,50,Error,1.7688029388199955
2,51,Error,0.7420747107986659
2,52,Error,0.09427147231928194
2,53,Error,1.988576298833764
2,54,Error,2.196467182144625
2,55,Error,1.3509899268527088
2,56,Error,1.1314543794395233
2,57,0.7979254722595215
2,58,0.7918572425842285
2,59,Error,0.960045384857182
2,60,Error,0.8330439728114759
2,61,0.8911924362182617
2,62,Error,1.7032710101935882
2,63,0.7954752445220947
2,64,0.8659951686859131
2,65,Error,0.013799678904283474
2,66,0.8211150169372559
