idx,CommunicationRound,TimeCost
8,0,7.531409025192261
8,1,Error,1.1932502290141322
8,2,Error,0.5091010145389505
8,3,Error,0.9112532332687889
8,4,Error,0.9114324007738128
8,5,Error,0.5646247738669853
8,6,Error,1.4219730457261701
8,7,0.9731462001800537
8,8,Error,0.32360253389400506
8,9,1.0628035068511963
8,10,0.9553937911987305
8,11,0.9388437271118164
8,12,1.0957019329071045
8,13,Error,1.847202275321541
8,14,1.0659868717193604
8,15,Error,1.8325549500077962
8,16,0.8906383514404297
8,17,Error,1.2326946599000774
8,18,Error,1.3340970756989419
8,19,0.9597275257110596
8,20,1.1045215129852295
8,21,Error,1.0373869612795539
8,22,0.8880348205566406
8,23,Error,0.7959612572989795
8,24,0.9743702411651611
8,25,Error,2.0131902795420826
8,26,Error,1.771627573160375
8,27,Error,0.21117962051527958
8,28,1.0084946155548096
8,29,Error,0.7077073814684046
8,30,Error,0.753059948253577
8,31,Error,1.8404819649363802
8,32,1.1123631000518799
8,33,0.872006893157959
8,34,Error,1.193252945328006
8,35,1.044966459274292
8,36,Error,1.9845916573862148
8,37,Error,1.7378015910700497
8,38,0.8798229694366455
8,39,Error,0.6199828974780857
8,40,1.0064749717712402
8,41,Error,1.3793809488188409
8,42,0.9354052543640137
8,43,1.0677258968353271
8,44,1.0400257110595703
8,45,Error,1.2061725669630283
8,46,Error,2.5426675093927886
8,47,Error,2.5011379011480384
8,48,1.0010361671447754
8,49,Error,1.0621494933368527
8,50,Error,1.264577032951391
8,51,1.0982372760772705
8,52,0.8849561214447021
8,53,Error,0.12324968183195978
8,54,Error,1.0580895833310726
8,55,Error,0.902729547216701
8,56,0.9354791641235352
8,57,0.9654481410980225
8,58,0.9015047550201416
8,59,1.0141816139221191
8,60,1.0026545524597168
8,61,Error,2.0864942591978077
8,62,Error,2.2739357800899915
8,63,Error,0.48252165231207217
8,64,Error,1.253755417325117
8,65,Error,1.4492102679304326
8,66,Error,2.3901831131801052
