idx,CommunicationRound,TimeCost
5,0,Error,50.36229206462381
5,1,Error,54.74759811551236
5,2,27.983352184295654
5,3,Error,28.33514241862958
5,4,28.026065826416016
5,5,27.828335285186768
5,6,Error,76.98124986214843
5,7,28.968997478485107
