idx,CommunicationRound,TimeCost
0,0,18.101843118667603
0,1,Error,10.501097031666767
0,2,Error,10.26791747226481
0,3,6.805551052093506
0,4,Error,1.7910825973232194
0,5,6.878472328186035
0,6,6.714950323104858
0,7,6.716844320297241
0,8,Error,0.30146921503947155
0,9,Error,3.8130595460182195
0,10,Error,9.216732690644127
0,11,6.516018867492676
0,12,6.802424669265747
0,13,6.842186212539673
0,14,Error,20.312237322010823
0,15,6.789693593978882
