idx,CommunicationRound,TimeCost
2,0,26.660682201385498
2,1,15.04589581489563
2,2,Error,6.570146216775038
2,3,14.273946762084961
2,4,15.13255786895752
2,5,Error,19.086918626436436
2,6,15.24817442893982
2,7,Error,6.566290124217713
2,8,15.282621383666992
2,9,15.232829093933105
2,10,15.315419673919678
2,11,Error,38.84329624475148
2,12,14.563907384872437
2,13,Error,16.240314894498287
2,14,Error,5.312600361460115
2,15,15.34542179107666
