idx,CommunicationRound,TimeCost
3,0,23.88278317451477
3,1,12.13478398323059
3,2,Error,25.85369421061818
3,3,Error,25.38364962389161
3,4,12.167683601379395
3,5,Error,33.04466182076627
3,6,Error,29.260607672700964
3,7,Error,20.29883151096377
3,8,Error,23.48175221427839
3,9,Error,2.9971851616873892
3,10,12.056726217269897
3,11,12.162820816040039
3,12,11.971231460571289
3,13,12.406040668487549
3,14,12.07728910446167
