idx,CommunicationRound,TimeCost
0,0,18.406282901763916
0,1,6.954025983810425
0,2,6.907260894775391
0,3,6.677033424377441
0,4,6.890501976013184
0,5,Error,1.8023257073088583
0,6,6.713066816329956
0,7,6.6538074016571045
0,8,6.9079673290252686
0,9,Error,0.3058371387847586
0,10,Error,3.8607140101746085
0,11,Error,9.178688840143309
0,12,6.761516809463501
0,13,6.815966606140137
0,14,6.574909925460815
0,15,Error,20.814960376037458
