idx,CommunicationRound,TimeCost
2,0,26.62828278541565
2,1,14.938947439193726
2,2,Error,6.668766213939032
2,3,15.11992621421814
2,4,14.730868101119995
2,5,Error,18.97295417843877
2,6,15.171211004257202
2,7,Error,6.644156912731888
2,8,15.157233476638794
2,9,15.237866401672363
2,10,15.273669719696045
2,11,Error,38.88307087228627
2,12,14.821060419082642
2,13,15.26958966255188
2,14,14.919204711914062
