idx,CommunicationRound,TimeCost
3,0,23.798322677612305
3,1,12.358043193817139
3,2,Error,27.488247173077134
3,3,Error,25.206047715269857
3,4,12.065357446670532
3,5,Error,32.90140341157769
3,6,Error,29.757799840379413
3,7,Error,20.452872080150303
3,8,Error,24.279413661708443
3,9,Error,3.077221591563726
3,10,11.927529096603394
3,11,12.000428438186646
3,12,12.398942232131958
3,13,12.342137336730957
3,14,12.175831079483032
3,15,Error,3.508792549603982
