idx,CommunicationRound,TimeCost
6,0,16.065105438232422
6,1,Error,10.963785909434943
6,2,4.647496223449707
6,3,Error,5.288971785441939
6,4,Error,7.102871810293495
6,5,4.579547166824341
6,6,4.7901787757873535
6,7,Error,11.623589091588482
6,8,Error,9.794453860645701
6,9,4.6599016189575195
6,10,4.598242998123169
6,11,4.738144874572754
6,12,Error,12.859095099078818
6,13,4.647027969360352
6,14,4.596436023712158
6,15,4.666065454483032
