idx,CommunicationRound,TimeCost
8,0,16.675445318222046
8,1,5.290038824081421
8,2,5.270849943161011
8,3,Error,4.030514156020366
8,4,Error,4.169836019917573
8,5,Error,4.81138376552421
8,6,Error,1.0928257099007743
8,7,5.089268684387207
8,8,5.235302448272705
8,9,5.290486097335815
8,10,5.09536600112915
8,11,Error,10.160525777859075
8,12,5.163838148117065
8,13,5.298229694366455
8,14,Error,8.471710152214579
8,15,5.363739728927612
