idx,CommunicationRound,TimeCost
9,0,20.954620838165283
9,1,8.87294602394104
9,2,8.810763120651245
9,3,8.938576221466064
9,4,Error,10.9759798195658
9,5,Error,8.52059101888917
9,6,9.01829719543457
9,7,Error,23.98254125442007
9,8,8.883711576461792
9,9,8.730786085128784
9,10,Error,15.250507204440714
9,11,Error,5.039693127953717
9,12,Error,18.447133957510047
9,13,Error,0.6200119242510281
9,14,8.7568998336792
9,15,Error,0.3424392430564137
