idx,CommunicationRound,TimeCost
2,0,Error,53.52533753172377
2,1,Error,10.175776874112922
2,2,Error,33.103913649486266
2,3,Error,9.453217602730051
2,4,Error,36.69149504355761
2,5,Error,12.508799938293253
2,6,15.074861526489258
2,7,15.261888980865479
2,8,15.312430143356323
2,9,15.468517065048218
2,10,15.216511487960815
2,11,15.110745668411255
2,12,Error,16.583014103057085
