idx,CommunicationRound,TimeCost
5,0,Error,31.917778122461566
5,1,Error,27.494468039181395
5,2,Error,0.4206024055071927
5,3,Error,5.801356268843157
5,4,Error,32.91695234471466
5,5,Error,37.11996093807733
5,6,Error,1.1346266683282349
5,7,Error,12.102970032472182
5,8,Error,10.761442105907344
5,9,Error,17.4973013161093
5,10,13.771337747573853
5,11,Error,40.483150660289375
5,12,14.182809114456177
