idx,CommunicationRound,TimeCost
0,0,8.763031959533691
0,1,Error,2.733252811374435
0,2,Error,3.0660182336796438
0,3,1.690154790878296
0,4,Error,0.46294908128085727
0,5,1.772212028503418
0,6,1.7249648571014404
0,7,1.965876817703247
0,8,Error,0.07426273996289202
0,9,Error,1.0963096694212566
0,10,Error,2.398528590311937
0,11,1.591423749923706
0,12,2.0585215091705322
0,13,2.0982320308685303
0,14,Error,5.197770289407881
0,15,1.9115886688232422
0,16,Error,1.2053195389010698
0,17,Error,4.6417204554577225
0,18,1.5849590301513672
0,19,1.815664529800415
0,20,Error,1.0737557394428132
0,21,Error,5.322874164905754
0,22,Error,2.832870363901526
0,23,Error,0.5591007740950872
0,24,1.9239096641540527
0,25,Error,1.296671341707874
0,26,Error,4.037165785871352
0,27,1.8635516166687012
0,28,Error,3.965754110997806
0,29,1.8488616943359375
0,30,Error,1.2541022225626675
0,31,1.9600422382354736
0,32,Error,6.024238346718007
0,33,Error,5.25352684238702
0,34,Error,5.640739435877087
0,35,Error,5.08522732348067
0,36,Error,0.435011932305701
0,37,1.9252936840057373
0,38,1.7199375629425049
0,39,Error,5.509498651397066
0,40,1.919884204864502
0,41,Error,0.734469142854372
0,42,1.9257633686065674
0,43,Error,4.224044402240415
0,44,Error,4.938478780898971
0,45,1.840052604675293
0,46,Error,0.24181798170608915
0,47,Error,3.432436629839235
0,48,2.11911940574646
0,49,Error,0.9413607057404817
0,50,Error,1.1612824465596203
0,51,2.1489739418029785
0,52,Error,5.663564798774995
0,53,Error,1.2483629787997346
0,54,Error,0.9547136369370671
0,55,1.8180418014526367
0,56,Error,5.262648474352069
0,57,2.070246934890747
0,58,1.978926658630371
0,59,Error,0.10629325946041311
0,60,1.8310322761535645
0,61,Error,3.3016361660941573
0,62,2.053621768951416
0,63,1.8638980388641357
0,64,1.761674404144287
0,65,1.7829251289367676
0,66,1.7654623985290527
0,67,1.8832387924194336
0,68,1.9451935291290283
0,69,1.7894515991210938
0,70,1.753053903579712
0,71,2.11258864402771
0,72,Error,3.457309675363328
0,73,Error,3.9968960366518274
0,74,1.9426257610321045
0,75,Error,4.009113278752514
0,76,Error,4.8207669862905815
0,77,2.157256603240967
0,78,1.7157618999481201
0,79,Error,4.224966736767218
0,80,2.0655064582824707
0,81,Error,0.07478768811286382
0,82,1.6909966468811035
0,83,Error,5.0626789732956725
0,84,Error,4.865855960905729
0,85,1.8251738548278809
