idx,CommunicationRound,TimeCost
0,0,7.454105377197266
0,1,Error,1.675459060441882
0,2,Error,1.5389410415604308
0,3,1.016082763671875
0,4,Error,0.22973918175074726
0,5,1.0613117218017578
0,6,0.846468448638916
0,7,1.1087145805358887
0,8,Error,0.04537345754375621
0,9,Error,0.5622985422097988
0,10,Error,1.240841158672994
0,11,0.9594235420227051
0,12,0.9909441471099854
0,13,0.9763221740722656
0,14,Error,2.8951447258199448
0,15,1.1156857013702393
0,16,Error,0.7185537939967243
0,17,Error,2.1085892036334886
0,18,0.9478940963745117
0,19,0.9360129833221436
0,20,Error,0.677933059340691
0,21,Error,3.1879838545507666
0,22,Error,1.7919440058474834
0,23,Error,0.2769567261137644
0,24,0.9321415424346924
0,25,Error,0.7753605122345969
0,26,Error,2.0492651419808405
0,27,0.8842108249664307
0,28,Error,2.0946702436763314
0,29,0.8692820072174072
0,30,Error,0.5553141080599293
0,31,0.9165565967559814
0,32,Error,2.887338501474052
0,33,Error,2.2947737489296682
0,34,Error,3.030361026837404
0,35,Error,2.0730662643447806
0,36,Error,0.2001589924228585
0,37,0.855414867401123
0,38,0.9022185802459717
0,39,Error,2.706536749895923
0,40,0.9599087238311768
0,41,Error,0.5044678477311771
0,42,1.0979485511779785
0,43,Error,2.0235362292623016
0,44,Error,3.142693151047352
0,45,1.0907917022705078
0,46,Error,0.11084354470366119
0,47,Error,2.3419244443871
0,48,0.9114747047424316
0,49,Error,0.5284642139548691
0,50,Error,0.7114647758308729
0,51,0.9995837211608887
0,52,Error,2.7499093446217704
0,53,Error,0.7250929181491556
0,54,Error,0.5082635396394005
0,55,0.9426774978637695
0,56,Error,2.3330771656874645
0,57,1.1157944202423096
0,58,1.0315673351287842
0,59,Error,0.04692957008149659
0,60,1.0989525318145752
0,61,Error,2.129087007765694
0,62,0.9711334705352783
0,63,0.9283771514892578
0,64,0.8557453155517578
0,65,1.046048879623413
0,66,1.0434355735778809
0,67,1.0626327991485596
0,68,0.9363839626312256
0,69,1.095017910003662
