idx,CommunicationRound,TimeCost
5,0,Error,8.610690999406295
5,1,Error,2.184797317234686
5,2,1.0520694255828857
5,3,Error,0.9904689436232238
5,4,1.0195789337158203
5,5,1.074026346206665
5,6,Error,3.3283678825805776
5,7,1.2168514728546143
5,8,Error,1.8392949184420144
5,9,Error,0.9953136487027839
5,10,1.0548346042633057
5,11,Error,2.1101387773773097
5,12,Error,0.16634237736474403
5,13,1.2430763244628906
5,14,1.2086520195007324
5,15,Error,0.9572590499087014
5,16,Error,2.3334266756642403
5,17,Error,3.0373873516993797
5,18,1.126316785812378
5,19,1.1125261783599854
5,20,1.09232497215271
5,21,Error,0.4855566696193337
5,22,Error,1.1651705756229174
5,23,1.1129357814788818
5,24,Error,1.691732064945193
5,25,1.2585103511810303
5,26,1.1808910369873047
5,27,Error,0.2877661166007139
5,28,Error,1.9277935923978897
5,29,Error,2.582571980061107
5,30,1.2509546279907227
5,31,1.0308868885040283
5,32,Error,0.035276837545216974
5,33,1.1336987018585205
5,34,Error,1.18335331111702
5,35,Error,2.176585234245913
5,36,Error,0.10125857450695344
5,37,1.0382258892059326
5,38,1.2466864585876465
5,39,Error,1.2595884837592446
5,40,Error,1.3274219094060002
5,41,Error,3.2777393275891233
5,42,Error,0.8310174892606064
5,43,1.0375521183013916
5,44,1.2233572006225586
5,45,Error,0.06791217637812569
5,46,Error,0.39433772867557393
5,47,0.9962563514709473
5,48,Error,1.717619104317787
5,49,1.0959434509277344
5,50,Error,0.2682849945503457
5,51,1.1693060398101807
5,52,Error,1.6560455328139976
5,53,1.219041347503662
5,54,Error,0.505409340830291
5,55,Error,1.3969372785224337
5,56,Error,2.2628483155106887
5,57,Error,1.3870160065760322
5,58,Error,3.1562402822096285
5,59,0.992466926574707
5,60,1.0287024974822998
5,61,Error,1.7730095916261581
5,62,1.2288453578948975
5,63,1.1744396686553955
5,64,1.1972527503967285
5,65,1.1232922077178955
5,66,1.2117202281951904
5,67,1.043527364730835
5,68,1.0916850566864014
5,69,1.205174207687378
