idx,CommunicationRound,TimeCost
4,0,Error,38.90427250986606
4,1,5.847556829452515
4,2,6.498522758483887
4,3,7.780780076980591
4,4,Error,8.688239931547672
4,5,Error,5.56213160917888
4,6,6.526416301727295
4,7,7.882893800735474
4,8,9.505059719085693
4,9,Error,11.497715345765881
4,10,Error,16.80264528091287
4,11,7.130701303482056
4,12,13.365822792053223
4,13,8.357433795928955
4,14,Error,19.198625401713166
4,15,Error,4.13091754730551
4,16,9.836220264434814
4,17,Error,11.214328819566722
4,18,Error,2.5518064198633943
4,19,Error,19.972870208357737
4,20,Error,15.763689999762903
4,21,6.158339262008667
4,22,Error,6.678197617479335
4,23,Error,25.44673184571961
4,24,Error,2.3737220431649377
4,25,12.390537977218628
4,26,Error,17.257791154179888
4,27,8.04820990562439
4,28,10.36934494972229
4,29,Error,36.24103802246169
4,30,Error,15.817862643496346
4,31,8.961552858352661
4,32,Error,26.447187788021825
