idx,CommunicationRound,TimeCost
8,0,16.289824724197388
8,1,4.2433106899261475
8,2,4.539874792098999
8,3,Error,3.427460571516476
8,4,Error,4.364181476884487
8,5,Error,4.046954710164643
8,6,Error,1.2450336934939397
8,7,6.8394856452941895
8,8,9.0249764919281
8,9,Error,3.047889675737234
8,10,6.79326605796814
8,11,8.684704780578613
8,12,9.104465246200562
8,13,10.39650559425354
8,14,Error,17.337266853871316
8,15,9.585935592651367
8,16,Error,16.121242586964236
8,17,11.649261951446533
8,18,Error,14.315720332764256
8,19,Error,12.989572290345711
8,20,10.445899248123169
8,21,9.571407556533813
8,22,Error,9.143120599365629
8,23,11.280277729034424
8,24,Error,7.165149907108855
8,25,12.977333784103394
8,26,Error,19.574756391223136
8,27,Error,22.104052243731964
8,28,Error,1.963724029539217
8,29,14.697548627853394
8,30,Error,14.04056542668141
8,31,Error,8.508936814809514
8,32,Error,30.70199314069293
8,33,10.034506797790527
8,34,11.980655193328857
8,35,Error,15.1833911510045
8,36,11.710195302963257
8,37,10.58189868927002
8,38,15.845976829528809
8,39,17.395689010620117
