idx,CommunicationRound,TimeCost
1,0,22.34064292907715
1,1,Error,0.34715904949415827
1,2,Error,25.71912607018035
1,3,10.688132762908936
1,4,10.649823188781738
1,5,10.537343263626099
1,6,10.509876012802124
1,7,10.541958570480347
1,8,10.508873224258423
1,9,10.490711450576782
1,10,Error,1.9315889386729677
1,11,10.605220794677734
1,12,10.466635942459106
1,13,Error,13.59330441697858
1,14,Error,19.628930224085916
1,15,10.474417924880981
