idx,CommunicationRound,TimeCost
3,0,23.47261357307434
3,1,12.38331151008606
3,2,Error,26.582878401755003
3,3,Error,24.234971537223604
3,4,12.250660419464111
3,5,Error,31.383182664885716
3,6,Error,29.62989099255469
3,7,Error,20.27245227298575
3,8,Error,23.474103005516596
3,9,Error,3.0636528256843008
3,10,11.994675636291504
3,11,12.270279884338379
3,12,12.115565061569214
3,13,12.388604879379272
3,14,12.273812532424927
3,15,Error,3.422760919416525
3,16,12.263583183288574
