idx,CommunicationRound,TimeCost
7,0,17.37982940673828
7,1,Error,8.716311408094782
7,2,5.968219995498657
7,3,Error,4.539402846851612
7,4,Error,12.305891849678698
7,5,6.063169956207275
7,6,Error,4.373404507480978
7,7,6.150532484054565
7,8,5.837815046310425
7,9,6.08393669128418
7,10,Error,0.11896956582733259
7,11,Error,13.443108019431392
7,12,5.872941017150879
7,13,6.010151624679565
7,14,Error,2.0846095129099056
7,15,5.965114593505859
7,16,5.891252756118774
