idx,CommunicationRound,TimeCost
8,0,16.68124508857727
8,1,5.193496227264404
8,2,5.130001544952393
8,3,Error,3.9713908674567975
8,4,Error,4.100674616844449
8,5,Error,4.687061091844976
8,6,Error,1.0963401312727143
8,7,5.122422933578491
8,8,5.162526607513428
8,9,5.170621633529663
8,10,5.092885494232178
8,11,Error,10.383219547511601
8,12,5.054038763046265
8,13,5.195131063461304
8,14,Error,8.607283575647362
8,15,5.135899066925049
