idx,CommunicationRound,TimeCost
9,0,20.7015860080719
9,1,8.876053810119629
9,2,8.902350902557373
9,3,8.860525369644165
9,4,Error,11.029250532865005
9,5,Error,8.392088157301403
9,6,8.934711933135986
9,7,Error,23.90918950073159
9,8,8.76979684829712
9,9,8.81269097328186
9,10,Error,15.07265690465899
9,11,Error,5.0034669498789475
9,12,Error,18.25596491037092
9,13,Error,0.6146832335792919
9,14,8.895595788955688
9,15,Error,0.3346042393413987
