idx,CommunicationRound,TimeCost
2,0,25.59478235244751
2,1,15.092417240142822
2,2,Error,6.5647666380003455
2,3,14.855236768722534
2,4,14.86563229560852
2,5,Error,19.363770922957265
2,6,15.18011999130249
2,7,Error,6.267648594428217
2,8,15.093429327011108
