idx,CommunicationRound,TimeCost
3,0,23.774545431137085
3,1,12.295243501663208
3,2,Error,25.672754866637717
3,3,Error,24.478812004342334
3,4,12.231081247329712
3,5,Error,32.73149767322825
3,6,Error,29.24398936529875
3,7,Error,20.30830246738016
3,8,Error,23.062408699254654
