idx,CommunicationRound,TimeCost
5,0,Error,50.211827213696445
5,1,Error,55.853489350962285
5,2,28.545291662216187
5,3,Error,28.519294316350496
5,4,28.868355989456177
5,5,28.671557188034058
5,6,Error,76.27326476740187
5,7,28.897265434265137
