idx,CommunicationRound,TimeCost
6,0,15.873539686203003
6,1,Error,10.428383023128047
6,2,4.657837152481079
6,3,Error,5.159431423924849
6,4,Error,7.008382887504288
6,5,4.534427881240845
6,6,Error,13.737663590166507
6,7,4.49992823600769
6,8,Error,9.619531955375441
