idx,CommunicationRound,TimeCost
8,0,16.512391328811646
8,1,5.016499996185303
8,2,5.048760414123535
8,3,Error,4.00349018708762
8,4,Error,4.075738677343831
8,5,Error,4.758313636555381
8,6,Error,1.1026228202138184
8,7,5.164792060852051
8,8,5.0747902393341064
