idx,CommunicationRound,TimeCost
0,0,7.40556526184082
0,1,Error,1.6633182475364512
0,2,Error,1.5270559556749321
0,3,1.0106585025787354
0,4,Error,0.23288602553511517
0,5,1.062171459197998
0,6,0.8401541709899902
0,7,1.1064484119415283
0,8,Error,0.04524116449590706
0,9,Error,0.5604175487662304
0,10,Error,1.2491057611132752
0,11,0.953362226486206
0,12,0.9813957214355469
0,13,0.9677779674530029
0,14,Error,2.8430391637830863
0,15,1.115234613418579
0,16,Error,0.7128626649122284
0,17,Error,2.105434387191348
0,18,0.9452359676361084
0,19,0.9412498474121094
0,20,Error,0.6753984825741861
0,21,Error,3.2137707551152115
0,22,Error,1.7833434295503863
0,23,Error,0.27482627345724936
0,24,0.9287500381469727
0,25,Error,0.7741781825209252
0,26,Error,2.04097797320313
0,27,0.8818113803863525
0,28,Error,2.09278358017738
0,29,0.8713650703430176
0,30,Error,0.5544773234070826
0,31,0.9090840816497803
0,32,Error,2.8461882940255365
0,33,Error,2.265589542662398
0,34,Error,3.01146234681533
0,35,Error,2.057360467432613
0,36,Error,0.20361629670985917
0,37,0.857184886932373
0,38,0.9030427932739258
0,39,Error,2.7103977074732173
0,40,0.9698314666748047
0,41,Error,0.49813596913544395
0,42,1.097397804260254
0,43,Error,1.9959378127428014
0,44,Error,3.1524575018855154
0,45,1.0916697978973389
0,46,Error,0.11102580349995032
0,47,Error,2.3400431822328085
0,48,0.9079225063323975
0,49,Error,0.5266441302746527
0,50,Error,0.7081955796763616
0,51,0.9897580146789551
0,52,Error,2.760548770348368
0,53,Error,0.7202741569648605
0,54,Error,0.507862269893327
0,55,0.9405252933502197
0,56,Error,2.3239498323464445
0,57,1.1153373718261719
0,58,1.0275135040283203
0,59,Error,0.04609062600682906
0,60,1.0927934646606445
0,61,Error,2.124328710649798
0,62,0.9693694114685059
0,63,0.9238941669464111
0,64,0.8556947708129883
0,65,1.040588617324829
0,66,1.0461180210113525
0,67,1.0630683898925781
0,68,0.9323287010192871
0,69,1.09434175491333
