idx,CommunicationRound,TimeCost
1,0,7.750615835189819
1,1,Error,0.04643891828862308
1,2,Error,3.262956840055849
1,3,1.4288244247436523
1,4,1.391397476196289
1,5,Error,0.6203374817401699
1,6,Error,3.671235489332041
1,7,1.2341363430023193
1,8,Error,3.373155566862473
1,9,Error,3.382039920511446
1,10,Error,4.004746743673481
1,11,Error,1.898388449434035
1,12,Error,2.3551521757349927
1,13,1.2852706909179688
1,14,Error,3.098286959465372
1,15,Error,2.416921950439212
1,16,Error,0.1252151210895206
1,17,1.4454360008239746
1,18,1.5043056011199951
1,19,Error,2.7613442110575526
1,20,Error,1.007290759941466
1,21,1.3292956352233887
1,22,1.4494354724884033
1,23,1.2379260063171387
1,24,1.3589403629302979
1,25,Error,1.4965633764125814
1,26,Error,2.4032868230452173
1,27,1.2832708358764648
1,28,Error,1.289083218025525
1,29,Error,1.9570479994038144
1,30,Error,1.848263357420723
1,31,Error,4.34384585984149
1,32,1.2810170650482178
1,33,Error,3.0220849830124696
1,34,Error,1.2072579566236856
1,35,Error,1.057027067533082
1,36,Error,2.2942777763699036
1,37,1.5127320289611816
1,38,Error,1.3355232476494447
1,39,1.4680447578430176
1,40,Error,2.2448184135137725
1,41,1.36016845703125
1,42,1.3107969760894775
1,43,Error,1.3012924567215594
1,44,Error,4.221199175422872
1,45,1.3840341567993164
1,46,Error,1.2300939280198127
1,47,1.3186671733856201
1,48,Error,3.8124649308707315
1,49,Error,1.7737566240723042
1,50,1.5146520137786865
1,51,1.416011095046997
1,52,1.513312816619873
1,53,1.3603615760803223
1,54,1.4950475692749023
1,55,Error,1.5456567001336652
1,56,1.4479875564575195
1,57,1.2351634502410889
1,58,1.48095703125
1,59,1.501741886138916
1,60,1.3962223529815674
1,61,Error,1.4239724684627886
1,62,1.3097434043884277
1,63,1.4383790493011475
1,64,Error,2.2648244432037754
1,65,Error,1.0579071522047014
1,66,Error,2.781081688516195
1,67,Error,1.1987697930696661
1,68,1.4394512176513672
1,69,1.4245350360870361
