idx,CommunicationRound,TimeCost
2,0,6.677000522613525
2,1,0.9692013263702393
2,2,Error,0.36167612587198344
2,3,0.8263199329376221
2,4,0.7954263687133789
2,5,Error,1.0672581466734596
2,6,0.9996821880340576
2,7,Error,0.3359668415171067
2,8,1.006347417831421
2,9,1.0074613094329834
2,10,0.975480318069458
2,11,Error,2.519922387678526
2,12,0.9066483974456787
2,13,Error,0.9988788655738078
2,14,Error,0.3036900996835683
2,15,0.9884529113769531
2,16,1.0445499420166016
2,17,0.9222006797790527
2,18,0.8017897605895996
2,19,Error,0.5487541649501528
2,20,Error,1.275370077562789
2,21,Error,0.3666970826184791
2,22,Error,0.6391256086631002
2,23,Error,0.1779171507851971
2,24,0.9584157466888428
2,25,0.868898868560791
2,26,Error,0.43481933462045763
2,27,1.0078706741333008
2,28,Error,1.1839285291878787
2,29,1.0230379104614258
2,30,Error,2.585143496236635
2,31,0.8852353096008301
2,32,0.7940294742584229
2,33,0.9515600204467773
2,34,0.821812629699707
2,35,0.9300053119659424
2,36,0.8591480255126953
2,37,Error,0.42012153670354463
2,38,Error,0.6451397194770282
2,39,0.7808728218078613
2,40,0.9200425148010254
2,41,Error,0.7897704578440161
2,42,Error,2.3516232108060975
2,43,Error,0.6361339835681876
2,44,Error,1.3224167177105306
2,45,0.8740262985229492
2,46,Error,1.1532058624373032
2,47,1.0371794700622559
2,48,0.8884999752044678
2,49,Error,1.2661304030638698
2,50,1.0203514099121094
2,51,0.8340737819671631
2,52,Error,1.7692096385966143
2,53,Error,0.7511203594379764
2,54,Error,0.09419204760014147
2,55,Error,2.029383091380397
2,56,Error,2.1737210324340595
2,57,Error,1.365086705958263
2,58,Error,1.1186992414456778
2,59,0.79121994972229
2,60,0.7944247722625732
2,61,Error,0.9656298443273111
2,62,Error,0.8356262317776457
2,63,0.8947222232818604
2,64,Error,1.670919141451434
2,65,0.800199031829834
2,66,0.8577291965484619
2,67,Error,0.01363708952696235
2,68,0.8343234062194824
2,69,Error,0.9052769456018773
