idx,CommunicationRound,TimeCost
4,0,Error,15.38693482362422
4,1,0.934208869934082
4,2,0.8905935287475586
4,3,1.082761526107788
4,4,Error,1.190200388205543
4,5,Error,0.8604441030794441
4,6,0.9479901790618896
4,7,1.1358952522277832
4,8,0.9481585025787354
4,9,Error,1.409341447034006
4,10,Error,1.7006930476863642
4,11,0.9897246360778809
4,12,1.1522526741027832
4,13,1.006559133529663
4,14,Error,3.3167784148693342
4,15,Error,0.46232598612057346
4,16,1.160158395767212
4,17,Error,1.6305510105776204
4,18,Error,0.3981111085437125
4,19,Error,2.2731934795061055
4,20,Error,1.5718897806964671
4,21,0.9384965896606445
4,22,Error,0.9202233887753938
4,23,Error,3.063170635455816
4,24,Error,0.2194436124040051
4,25,1.1478941440582275
4,26,Error,1.5154816648004712
4,27,0.9970533847808838
4,28,1.1527955532073975
4,29,Error,2.6081462746000503
4,30,Error,1.7464686122149515
4,31,1.031442642211914
4,32,Error,2.258596274950485
4,33,Error,2.4385701580795383
4,34,1.061044454574585
4,35,Error,0.02587533464634071
4,36,0.9865469932556152
4,37,Error,1.8490013263568803
4,38,1.0940430164337158
4,39,0.987572193145752
4,40,1.1192047595977783
4,41,Error,2.296183175441991
4,42,Error,1.5483665602440209
4,43,Error,2.747033695747656
4,44,0.9848740100860596
4,45,Error,1.0393429167899437
4,46,1.0659751892089844
4,47,Error,0.5095613966299614
4,48,1.1364669799804688
4,49,0.9203619956970215
4,50,Error,2.824721519399168
4,51,Error,0.9504402983124252
4,52,1.0988247394561768
4,53,1.0312151908874512
4,54,1.0011460781097412
4,55,0.8930985927581787
4,56,0.9360637664794922
4,57,1.131753921508789
4,58,1.053875207901001
4,59,Error,0.7649738111530856
4,60,1.0476789474487305
4,61,0.9242982864379883
4,62,Error,2.1673284434785574
4,63,Error,2.8903295103894955
4,64,1.1766843795776367
4,65,Error,0.39372779810889186
4,66,0.9694530963897705
4,67,0.9095690250396729
4,68,1.0884358882904053
4,69,0.9173457622528076
