idx,CommunicationRound,TimeCost
2,0,25.87433123588562
2,1,15.103118896484375
2,2,14.442380428314209
2,3,15.064743280410767
2,4,Error,23.93518420817135
2,5,14.865478992462158
2,6,15.079776763916016
2,7,Error,12.542565012322223
2,8,15.00194787979126
2,9,15.310539484024048
2,10,15.075901746749878
2,11,14.6367928981781
2,12,14.435932159423828
2,13,15.109931945800781
2,14,15.172648906707764
2,15,15.023462295532227
