idx,CommunicationRound,TimeCost
3,0,23.800110578536987
3,1,12.141174793243408
3,2,12.369474649429321
3,3,12.35047698020935
3,4,12.200596332550049
3,5,12.127497434616089
3,6,11.789390087127686
3,7,12.031150102615356
3,8,12.28024935722351
3,9,Error,20.559267630176045
3,10,Error,24.266085113546666
3,11,12.127103328704834
3,12,11.981207370758057
3,13,12.400461196899414
3,14,12.424917936325073
3,15,12.373905181884766
