idx,CommunicationRound,TimeCost
4,0,Error,38.56124946859933
4,1,5.965853452682495
4,2,6.036648988723755
4,3,5.993641376495361
4,4,6.236871957778931
4,5,6.097344398498535
4,6,6.113731861114502
4,7,5.942257642745972
4,8,6.156482458114624
4,9,6.051377534866333
4,10,6.070839166641235
4,11,6.107661962509155
4,12,6.100217819213867
4,13,6.156872034072876
4,14,6.208487510681152
4,15,6.1251537799835205
