idx,CommunicationRound,TimeCost
7,0,17.244367599487305
7,1,Error,8.779826846838873
7,2,5.987908840179443
7,3,6.064918041229248
7,4,6.03740119934082
7,5,5.975690841674805
7,6,5.960537433624268
7,7,6.041594505310059
7,8,5.89675498008728
7,9,5.982590675354004
7,10,6.010277271270752
7,11,6.118872880935669
7,12,Error,17.551930558634478
7,13,5.930533170700073
7,14,6.015848159790039
7,15,6.068942546844482
