idx,CommunicationRound,TimeCost
8,0,16.431312561035156
8,1,5.1281750202178955
8,2,5.158714532852173
8,3,Error,3.8354766395608113
8,4,5.140650033950806
8,5,Error,5.0326256199096
8,6,5.156454563140869
8,7,Error,3.022322865683531
8,8,5.146149158477783
8,9,5.1572887897491455
8,10,Error,11.169940146987239
8,11,5.236809253692627
8,12,5.26491641998291
8,13,5.344069242477417
8,14,5.183473110198975
8,15,5.022179126739502
