idx,CommunicationRound,TimeCost
2,0,Error,54.33050915684843
2,1,Error,10.500949130535941
2,2,Error,32.69966711343906
2,3,Error,10.49651375329253
2,4,Error,40.953618635628565
2,5,Error,12.573821691803982
2,6,Error,40.008904711195406
2,7,Error,35.0290095708752
2,8,Error,11.558957006302759
2,9,Error,38.878484738207355
2,10,Error,17.608187638490072
2,11,Error,5.963938535473731
2,12,Error,45.25314338068036
