idx,CommunicationRound,TimeCost
0,0,18.308103799819946
0,1,6.892186164855957
0,2,6.584258556365967
0,3,6.634963274002075
0,4,6.715536594390869
0,5,6.493980169296265
0,6,6.367164850234985
0,7,Error,19.26124914342454
0,8,6.836740255355835
0,9,Error,0.2991095705743315
0,10,Error,3.736630616630018
0,11,Error,9.173884247726509
0,12,6.751965522766113
0,13,6.683089971542358
0,14,6.487920045852661
0,15,6.567296504974365
