idx,CommunicationRound,TimeCost
1,0,32.213698625564575
1,1,Error,0.6635318133607331
1,2,20.121424436569214
1,3,20.34419536590576
1,4,20.285237789154053
1,5,Error,27.047362060669542
1,6,20.180601119995117
1,7,20.224284887313843
1,8,20.055959224700928
1,9,20.333343029022217
1,10,Error,3.7092156624461627
1,11,20.493555545806885
1,12,20.159899473190308
1,13,Error,25.902580734319784
1,14,20.188235998153687
