idx,CommunicationRound,TimeCost
2,0,26.382841110229492
2,1,14.934837102890015
2,2,14.713757038116455
2,3,14.859039306640625
2,4,Error,24.23508052647051
2,5,14.862737655639648
2,6,14.524595975875854
2,7,Error,12.546765399290143
2,8,14.869436740875244
2,9,14.897065162658691
2,10,15.049883842468262
2,11,14.870493650436401
2,12,14.75025224685669
2,13,14.783039331436157
2,14,15.139827966690063
2,15,14.801143884658813
