idx,CommunicationRound,TimeCost
5,0,40.521719455718994
5,1,28.8985812664032
5,2,28.49646496772766
5,3,28.640686511993408
5,4,28.364356994628906
5,5,Error,63.14377232172615
5,6,28.499719381332397
5,7,29.0324969291687
5,8,28.59257745742798
5,9,Error,38.950525776434965
5,10,27.969126224517822
5,11,28.6334011554718
5,12,28.43872570991516
5,13,28.702287912368774
5,14,28.580148458480835
