idx,CommunicationRound,TimeCost
7,0,17.32328701019287
7,1,Error,8.614428521234226
7,2,5.894921541213989
7,3,5.941620826721191
7,4,5.943025350570679
7,5,5.945043087005615
7,6,6.004732370376587
7,7,6.069300889968872
7,8,5.8852245807647705
7,9,6.016025066375732
7,10,5.960972547531128
7,11,6.079065799713135
7,12,Error,17.331976104182353
7,13,5.893263101577759
7,14,5.934324741363525
7,15,6.020988941192627
