idx,CommunicationRound,TimeCost
3,0,23.647035121917725
3,1,12.149779796600342
3,2,Error,26.685431348257357
3,3,Error,25.28762461152232
3,4,11.552088737487793
3,5,Error,33.075633666881295
3,6,Error,29.156408446157823
3,7,Error,20.141267873757744
3,8,Error,23.788188094085278
