idx,CommunicationRound,TimeCost
7,0,17.478963136672974
7,1,Error,8.5955639394448
7,2,Error,8.160857840280416
7,3,Error,12.282142775521002
7,4,5.790919303894043
7,5,6.074044942855835
7,6,Error,4.371467266404439
7,7,Error,3.611732875715218
7,8,5.994366884231567
