idx,CommunicationRound,TimeCost
9,0,28.907334804534912
9,1,16.94847536087036
9,2,16.88364553451538
9,3,17.12007999420166
9,4,Error,20.728270593169256
9,5,Error,16.509174776332923
9,6,Error,10.657380597742986
9,7,16.880118131637573
9,8,Error,31.65608646129187
