idx,CommunicationRound,TimeCost
0,0,18.817087173461914
0,1,5.465074777603149
0,2,4.935879468917847
0,3,5.038440227508545
0,4,4.66798734664917
0,5,Error,1.2650705020049302
0,6,5.446525573730469
0,7,5.558125734329224
0,8,7.025065898895264
0,9,Error,0.33241303102336733
0,10,Error,3.171762680367331
0,11,Error,7.893753542031344
0,12,6.324138879776001
0,13,7.574321985244751
0,14,5.623528957366943
0,15,Error,14.26325752693883
0,16,6.256345748901367
0,17,Error,3.858795948970951
0,18,Error,16.610165569416726
0,19,7.419089317321777
0,20,4.967512369155884
0,21,Error,3.490882315610056
0,22,5.857168197631836
0,23,Error,1.5266939015228882
0,24,6.1037437915802
0,25,Error,6.98393250736543
0,26,5.604583740234375
0,27,Error,2.0238989754279157
0,28,5.965702533721924
0,29,7.264811992645264
0,30,Error,16.401787651859767
0,31,4.714106559753418
0,32,5.35018253326416
0,33,Error,18.359075218234477
0,34,Error,14.824806216078976
0,35,Error,19.0528751762044
0,36,Error,14.775089653150934
0,37,Error,11.370438766968247
0,38,Error,1.2057001553020221
0,39,4.358610153198242
0,40,6.225852966308594
0,41,3.992156744003296
0,42,4.34431791305542
0,43,5.108637094497681
0,44,Error,18.6944920238426
0,45,Error,3.032617514116373
0,46,5.592225551605225
0,47,6.128942012786865
0,48,4.838324546813965
0,49,Error,0.5684187975099857
0,50,Error,13.724395026504967
0,51,6.493572473526001
0,52,Error,3.010184889275175
0,53,Error,3.814937581645312
0,54,7.226953506469727
0,55,Error,11.560625459384175
0,56,Error,4.662305190992872
0,57,Error,2.7909987524181314
0,58,5.013441562652588
0,59,Error,12.141549944689283
0,60,7.1834564208984375
