idx,CommunicationRound,TimeCost
5,0,60.45271444320679
5,1,34.70557260513306
5,2,20.281981229782104
5,3,22.11949872970581
5,4,Error,37.43495514142303
5,5,39.77473998069763
5,6,36.30510449409485
5,7,Error,78.5549594582311
5,8,31.408875703811646
5,9,48.695945024490356
5,10,Error,11.400748428449369
