idx,CommunicationRound,TimeCost
3,0,10.797721862792969
3,1,4.734650135040283
3,2,4.750207424163818
3,3,4.885058164596558
3,4,4.753979206085205
3,5,4.846702575683594
3,6,4.869365453720093
3,7,4.918401002883911
3,8,4.896738052368164
3,9,4.930440664291382
3,10,4.828084468841553
3,11,4.866891384124756
3,12,4.824344873428345
3,13,4.879167079925537
3,14,5.011145830154419
3,15,4.86128044128418
3,16,4.975983142852783
3,17,4.95749831199646
3,18,4.985734224319458
3,19,5.006640672683716
3,20,4.984301328659058
3,21,5.024521589279175
3,22,4.987187623977661
3,23,4.938597202301025
3,24,4.97075343132019
3,25,4.904228448867798
3,26,5.050753116607666
3,27,4.984477281570435
3,28,5.28933048248291
3,29,5.081880807876587
3,30,5.190544843673706
3,31,5.085971832275391
3,32,4.977164030075073
3,33,5.07959508895874
3,34,5.031264066696167
3,35,4.963091135025024
3,36,5.016385555267334
3,37,5.096140384674072
3,38,5.054529428482056
3,39,5.0293684005737305
3,40,4.907973527908325
3,41,4.9670445919036865
3,42,4.9219489097595215
3,43,4.889782428741455
3,44,5.106152057647705
3,45,5.009253740310669
3,46,4.911969900131226
3,47,5.044904947280884
3,48,4.96602201461792
3,49,4.969570159912109
3,50,5.012364387512207
3,51,5.09580135345459
3,52,5.021920680999756
3,53,4.944333553314209
3,54,4.897491216659546
3,55,4.988084077835083
3,56,4.908210277557373
3,57,4.995436906814575
3,58,5.1005072593688965
3,59,4.4042723178863525
