idx,CommunicationRound,TimeCost
0,0,18.337111711502075
0,1,6.7227559089660645
0,2,6.578787326812744
0,3,6.737367391586304
0,4,6.722796440124512
0,5,6.69391655921936
0,6,6.768029689788818
0,7,Error,19.570600786086867
0,8,6.825816631317139
0,9,6.71515154838562
0,10,6.7300865650177
0,11,6.810718059539795
0,12,Error,9.44177138419299
0,13,6.610567569732666
0,14,6.589327096939087
0,15,6.692564249038696
0,16,6.718800783157349
