idx,CommunicationRound,TimeCost
1,0,32.56232571601868
1,1,20.426305532455444
1,2,20.15229296684265
1,3,20.36523199081421
1,4,20.3711154460907
1,5,20.38766884803772
1,6,20.309719800949097
1,7,20.27331805229187
1,8,20.35778307914734
1,9,20.32624316215515
1,10,20.417922973632812
1,11,Error,3.721797356498472
1,12,20.5132098197937
1,13,20.22906184196472
1,14,20.47859239578247
1,15,20.385525226593018
1,16,20.353471755981445
