idx,CommunicationRound,TimeCost
2,0,26.685413122177124
2,1,15.0975022315979
2,2,14.22305679321289
2,3,15.084487438201904
2,4,15.087169885635376
2,5,15.201942205429077
2,6,15.10403561592102
2,7,14.950484037399292
2,8,15.092068910598755
2,9,14.827849864959717
2,10,15.356210470199585
2,11,14.896092653274536
2,12,14.992495059967041
2,13,14.82590103149414
2,14,15.054913997650146
2,15,15.108744382858276
2,16,15.100577354431152
