idx,CommunicationRound,TimeCost
3,0,23.589149236679077
3,1,12.108715057373047
3,2,12.171754598617554
3,3,12.082344055175781
3,4,12.143311977386475
3,5,12.051651239395142
3,6,11.698867082595825
3,7,12.112026453018188
3,8,12.019341230392456
3,9,12.37402629852295
3,10,12.520581007003784
3,11,12.017608642578125
3,12,12.307940483093262
3,13,12.079193115234375
3,14,12.53713846206665
3,15,12.5018789768219
3,16,12.36163878440857
