idx,CommunicationRound,TimeCost
6,0,16.12798023223877
6,1,4.677879810333252
6,2,4.628459215164185
6,3,4.588098526000977
6,4,4.476154088973999
6,5,4.645793676376343
6,6,4.622445344924927
6,7,4.61383318901062
6,8,4.542649984359741
6,9,4.476027727127075
6,10,4.684142589569092
6,11,4.621206045150757
6,12,4.716352224349976
6,13,4.63980507850647
6,14,4.707831144332886
6,15,4.572107315063477
6,16,4.606527805328369
