idx,CommunicationRound,TimeCost
4,0,Error,39.11882010053749
4,1,5.994999647140503
4,2,6.028611183166504
4,3,6.005314826965332
4,4,Error,6.327396672376037
4,5,Error,4.778674788483733
4,6,5.925153017044067
4,7,6.143027067184448
4,8,5.896697759628296
4,9,Error,8.275167082810242
4,10,Error,10.217097591190676
4,11,6.063544034957886
