idx,CommunicationRound,TimeCost
8,0,16.679896593093872
8,1,5.119248867034912
8,2,5.132262229919434
8,3,Error,3.9081457121594023
8,4,5.096632957458496
8,5,Error,4.848563734870477
8,6,5.033932209014893
8,7,Error,3.106256052249943
8,8,5.0426411628723145
8,9,5.159391164779663
8,10,Error,10.911318141036213
8,11,5.174228191375732
