idx,CommunicationRound,TimeCost
0,0,8.763824462890625
0,1,Error,2.73656552719832
0,2,Error,3.019291465640963
0,3,1.748427152633667
0,4,Error,0.4915088141686871
0,5,1.6861114501953125
0,6,1.7975749969482422
0,7,1.9830896854400635
0,8,Error,0.07595759308620453
0,9,Error,1.1080218670607298
0,10,Error,2.4975744051991136
0,11,1.7577650547027588
0,12,2.111315965652466
0,13,1.853147029876709
0,14,Error,5.552884465781021
0,15,1.8444080352783203
0,16,Error,1.2990200491210435
0,17,Error,4.499414446732763
0,18,1.8282685279846191
0,19,1.5838334560394287
0,20,Error,1.3223622148619916
0,21,Error,6.008161310358637
0,22,Error,3.7205765300181404
0,23,Error,0.5356609954335582
0,24,1.8591749668121338
0,25,Error,1.154453589941092
0,26,Error,4.873540470493295
0,27,1.8978559970855713
0,28,Error,3.8699227032716847
0,29,1.8626997470855713
0,30,Error,1.1755099341544448
0,31,1.9625115394592285
0,32,Error,5.568937990897651
0,33,Error,4.854744466374838
0,34,Error,5.864086057294168
0,35,Error,3.837234354843696
0,36,Error,0.39716128832346265
0,37,2.0376031398773193
0,38,1.961380958557129
0,39,Error,5.986927871474665
0,40,1.9901716709136963
0,41,Error,0.9670651918625335
0,42,2.035938262939453
0,43,Error,3.8222487330053045
0,44,Error,5.170878214092646
0,45,2.0820109844207764
0,46,Error,0.20066447138359841
0,47,Error,4.8086673318094535
0,48,1.998767614364624
0,49,Error,0.9336080652648878
0,50,Error,1.3222714072015846
0,51,1.9228527545928955
0,52,Error,5.085266900419168
0,53,Error,1.4979030668101698
0,54,Error,1.0940834570117273
0,55,1.9911651611328125
0,56,Error,5.087897925390643
0,57,1.7104949951171875
0,58,1.9471640586853027
0,59,Error,0.10037869605465075
0,60,2.000452756881714
0,61,Error,3.493688991697049
0,62,1.952854871749878
0,63,1.817488431930542
0,64,1.6210827827453613
0,65,1.6279380321502686
0,66,2.046884059906006
0,67,2.080660343170166
0,68,1.8718819618225098
0,69,1.922968864440918
0,70,2.097162961959839
0,71,2.051805019378662
0,72,Error,3.7652810779142394
0,73,Error,3.5510540715714343
0,74,1.669468879699707
0,75,Error,4.798137418882547
0,76,Error,4.417829260745573
0,77,1.6828203201293945
0,78,1.9795310497283936
0,79,Error,4.395685202969055
0,80,2.029407262802124
0,81,Error,0.06299862996001378
0,82,2.0422887802124023
0,83,Error,5.057081786284415
