idx,CommunicationRound,TimeCost
3,0,9.581886768341064
3,1,3.507540464401245
3,2,Error,8.233015272161097
3,3,Error,7.544438989192472
3,4,3.870166063308716
3,5,Error,10.000654041757175
3,6,Error,9.299323056600246
3,7,Error,6.564654019751298
3,8,Error,7.601422415992713
3,9,Error,1.0247474036763944
3,10,3.951432466506958
3,11,3.8068735599517822
3,12,3.882326602935791
3,13,3.8979785442352295
3,14,3.9672350883483887
3,15,Error,1.0970852182958817
3,16,3.8469555377960205
3,17,Error,2.605629089896287
3,18,3.8754942417144775
3,19,3.91658353805542
3,20,Error,0.32300568559957704
3,21,Error,6.20542233069722
3,22,Error,7.98297763757269
3,23,Error,5.592987333667547
3,24,3.8407328128814697
3,25,Error,2.881165114233437
3,26,4.001617193222046
3,27,Error,8.309679745965227
3,28,Error,8.40430683610233
3,29,Error,4.18171518795272
3,30,3.9950673580169678
3,31,Error,2.185043110872512
3,32,Error,2.9163847375331016
3,33,Error,3.7123839198233544
3,34,3.8875887393951416
3,35,3.938485860824585
3,36,Error,0.40716600320842816
3,37,Error,2.712422358824926
3,38,Error,2.9806032630532076
3,39,3.986912488937378
3,40,3.9482288360595703
3,41,3.869887590408325
3,42,3.9942286014556885
3,43,3.7662463188171387
3,44,Error,4.5781198689263825
3,45,3.6474990844726562
