idx,CommunicationRound,TimeCost
4,0,Error,17.649388066615227
4,1,2.0327305793762207
4,2,1.8659193515777588
4,3,1.9974987506866455
4,4,Error,1.7691030435804949
4,5,Error,1.3830285190407863
4,6,2.0176327228546143
4,7,1.9825265407562256
4,8,2.026301383972168
4,9,Error,2.4305271928817977
4,10,Error,3.0573769227030527
4,11,1.9162101745605469
4,12,2.0300228595733643
4,13,1.742661952972412
4,14,Error,4.9126007669041725
4,15,Error,1.0141591610607354
4,16,2.1156630516052246
4,17,Error,2.5035079238165743
4,18,Error,0.5882555179097093
4,19,Error,4.841003912608333
4,20,Error,3.2549105951016335
4,21,1.9398791790008545
4,22,Error,1.5501649244637337
4,23,Error,4.688198606374543
4,24,Error,0.4406776840535902
4,25,1.9775018692016602
4,26,Error,2.8675433780239667
4,27,1.970977544784546
4,28,1.9515697956085205
4,29,Error,4.472590932005021
4,30,Error,2.8247775012581657
4,31,2.023850440979004
4,32,Error,4.876267210064284
4,33,Error,4.738569743867651
4,34,2.109623908996582
4,35,Error,0.05244888411707423
4,36,2.17718768119812
4,37,Error,3.359037982502838
4,38,2.07277250289917
4,39,1.9958577156066895
4,40,1.9359476566314697
4,41,Error,3.88548690571595
4,42,Error,2.9623655282613255
4,43,Error,5.464763225041344
4,44,2.1953866481781006
4,45,Error,1.7461671308519169
4,46,1.761169672012329
4,47,Error,1.034658245258431
4,48,1.9121570587158203
4,49,2.0018157958984375
4,50,Error,5.06190688109932
4,51,Error,2.006141439526946
4,52,1.7819616794586182
4,53,2.084125518798828
4,54,1.8903777599334717
4,55,2.0145018100738525
4,56,1.9880626201629639
4,57,1.7541966438293457
4,58,1.8733627796173096
4,59,Error,1.2936905803465557
4,60,2.013165235519409
4,61,2.141754150390625
4,62,Error,4.206022436263887
4,63,Error,5.009421670568396
4,64,1.9283864498138428
4,65,Error,0.7986795217147932
4,66,2.0275261402130127
4,67,1.971339464187622
4,68,2.220898151397705
4,69,2.107445001602173
4,70,2.0490691661834717
4,71,1.9581677913665771
4,72,1.912642478942871
4,73,Error,4.826114742953989
4,74,Error,2.6490377865866535
4,75,Error,3.3171412314230304
4,76,Error,2.757720113769707
4,77,2.1377696990966797
4,78,Error,5.914001967106364
4,79,Error,5.656423383242701
