idx,CommunicationRound,TimeCost
1,0,32.430896520614624
1,1,20.567551851272583
1,2,20.3905508518219
1,3,20.58839249610901
1,4,20.786478519439697
1,5,20.500770568847656
1,6,20.409310579299927
1,7,20.54273223876953
1,8,20.539270162582397
1,9,20.648773431777954
1,10,20.50029706954956
1,11,Error,3.765707594823179
1,12,20.647914171218872
1,13,20.512612342834473
1,14,20.714301109313965
1,15,20.521052360534668
1,16,20.519325017929077
1,17,20.524354934692383
