idx,CommunicationRound,TimeCost
2,0,26.244301795959473
2,1,14.73164439201355
2,2,15.051776885986328
2,3,14.695032358169556
2,4,14.619913816452026
2,5,15.033363819122314
2,6,14.81445050239563
2,7,15.136017084121704
2,8,14.49997353553772
2,9,14.684885263442993
2,10,15.12964153289795
2,11,14.804584264755249
2,12,14.887789249420166
2,13,14.837565183639526
2,14,15.082240104675293
2,15,14.85640025138855
2,16,15.09481167793274
2,17,14.760030269622803
