idx,CommunicationRound,TimeCost
3,0,23.74172854423523
3,1,11.976457357406616
3,2,12.171893835067749
3,3,12.035034418106079
3,4,12.18532943725586
3,5,12.122710704803467
3,6,11.957479476928711
3,7,12.46397066116333
3,8,11.873165369033813
3,9,12.078837394714355
3,10,12.310784101486206
3,11,12.23848271369934
3,12,12.188878536224365
3,13,12.02805209159851
3,14,12.32759404182434
3,15,11.882071018218994
3,16,11.7501540184021
3,17,12.195690631866455
