idx,CommunicationRound,TimeCost
6,0,15.91275930404663
6,1,4.6667540073394775
6,2,4.656638860702515
6,3,4.646242618560791
6,4,4.538770437240601
6,5,4.671382188796997
6,6,4.560431957244873
6,7,4.667822599411011
6,8,4.554116725921631
6,9,4.52509617805481
6,10,4.691622972488403
6,11,4.681027173995972
6,12,4.739277362823486
6,13,4.566678762435913
6,14,4.6076459884643555
6,15,4.51278018951416
6,16,4.583305358886719
6,17,4.406131982803345
