idx,CommunicationRound,TimeCost
7,0,17.18884539604187
7,1,5.858362913131714
7,2,6.009868144989014
7,3,5.996892690658569
7,4,6.02396559715271
7,5,6.072396516799927
7,6,5.944148063659668
7,7,6.138804912567139
7,8,5.976760387420654
7,9,6.1199870109558105
7,10,5.901320219039917
7,11,6.019093751907349
7,12,5.952098608016968
7,13,5.924154758453369
7,14,5.989762783050537
7,15,5.973983526229858
7,16,6.028884649276733
7,17,5.914638042449951
