idx,CommunicationRound,TimeCost
2,0,Error,56.781528148377376
2,1,Error,11.050251977684644
2,2,Error,40.69366898201232
2,3,Error,9.37092991291527
2,4,Error,43.13598587040244
2,5,Error,13.18154113603175
2,6,18.733699798583984
2,7,15.465361595153809
2,8,15.950432062149048
2,9,15.689150333404541
2,10,15.235379457473755
2,11,17.414981842041016
2,12,Error,16.487628325582083
2,13,Error,5.232722909016489
2,14,15.879945516586304
2,15,Error,29.347902009692614
2,16,Error,31.07189474227479
2,17,Error,9.195467940385651
