idx,CommunicationRound,TimeCost
3,0,25.33782958984375
3,1,11.639099359512329
3,2,Error,24.12495691695403
3,3,Error,26.811551429054617
3,4,13.650715112686157
3,5,Error,36.69873034840972
3,6,Error,34.26703040072265
3,7,Error,23.0179231048763
3,8,Error,24.586483479596748
3,9,Error,2.5957914058870895
3,10,12.137404203414917
3,11,12.230755805969238
3,12,10.895481824874878
3,13,12.40722393989563
3,14,12.837776184082031
3,15,Error,3.8748800762170728
3,16,12.316135883331299
3,17,Error,7.041636476429206
3,18,14.138604640960693
3,19,14.18576431274414
3,20,Error,1.197698089206543
3,21,Error,22.405051553466954
3,22,Error,26.58000837185927
3,23,Error,19.52796846420633
3,24,10.946498394012451
