idx,CommunicationRound,TimeCost
4,0,Error,38.41839532125018
4,1,5.441669940948486
4,2,6.1486899852752686
4,3,6.418318510055542
4,4,Error,6.683329267585161
4,5,Error,3.9863154645691465
4,6,4.320676326751709
4,7,3.9187800884246826
4,8,5.543781757354736
4,9,Error,7.355948044366568
4,10,Error,8.45337167769966
4,11,4.448775768280029
4,12,4.231199502944946
4,13,6.457535266876221
4,14,Error,14.106547148758448
4,15,Error,2.1335993798835946
4,16,5.403472423553467
4,17,Error,9.083139880782255
4,18,Error,1.9500617574052683
4,19,Error,11.519954458166723
4,20,Error,9.737973176746332
4,21,4.6975486278533936
4,22,Error,5.958775739898393
4,23,Error,15.283446237190773
4,24,Error,1.0129139466539634
4,25,6.491185665130615
4,26,Error,9.219312632738388
4,27,4.6085803508758545
4,28,4.43647313117981
4,29,Error,15.328739885669439
4,30,Error,6.49861311052566
4,31,4.2571024894714355
4,32,Error,14.538509583287377
4,33,Error,12.039195875244202
4,34,4.445688962936401
4,35,Error,0.09960945150257361
4,36,4.1234588623046875
4,37,Error,10.95731992131438
4,38,4.702951908111572
4,39,6.8373517990112305
4,40,4.803107261657715
4,41,Error,11.798016568718786
4,42,Error,6.729690767083103
4,43,Error,18.732711508451523
4,44,3.912576198577881
4,45,Error,4.315728061447506
4,46,4.910887241363525
4,47,Error,2.2999756455435003
4,48,3.889502763748169
4,49,6.11780858039856
4,50,Error,17.049841750738
4,51,Error,6.183336118258314
4,52,5.020852088928223
4,53,5.106314659118652
4,54,5.238205194473267
4,55,6.335877418518066
4,56,5.012932777404785
4,57,3.8946409225463867
4,58,3.7676515579223633
