idx,CommunicationRound,TimeCost
6,0,15.808943748474121
6,1,Error,10.696353789968342
6,2,4.611420631408691
6,3,Error,5.1837286225171955
6,4,Error,7.024224561774154
6,5,3.9797286987304688
6,6,Error,10.503223275328093
6,7,4.57010293006897
6,8,Error,9.874668876279602
6,9,4.626634120941162
6,10,4.603207111358643
6,11,4.7990803718566895
6,12,Error,13.467585561463979
6,13,3.3836846351623535
6,14,3.271343231201172
6,15,3.398503303527832
6,16,Error,0.5094476212819257
6,17,Error,13.370077212846876
6,18,4.672844409942627
6,19,Error,7.895034092108738
6,20,3.791565418243408
6,21,Error,11.085148957276775
6,22,4.614181995391846
6,23,4.715250492095947
6,24,4.710678339004517
6,25,Error,4.549078191358095
6,26,4.889049530029297
6,27,Error,10.974280056113185
6,28,Error,3.9236055635501095
6,29,3.4162189960479736
6,30,Error,9.91666011803288
6,31,Error,5.865954350806653
6,32,Error,7.564068357496801
6,33,4.680644989013672
6,34,Error,3.4751535451826254
6,35,Error,2.876526936999889
6,36,4.656208276748657
6,37,4.863832712173462
6,38,Error,13.288157625027722
6,39,3.216275930404663
6,40,3.331757068634033
6,41,Error,1.0559613372558425
6,42,Error,7.490416627390201
6,43,Error,2.964530501967958
6,44,Error,5.596915673207317
6,45,4.815183401107788
6,46,Error,13.155028042365105
6,47,Error,4.706012559637225
6,48,Error,0.3941855820067295
6,49,4.679923057556152
6,50,4.887810230255127
6,51,5.000863790512085
6,52,5.046359539031982
6,53,Error,14.634029511395127
6,54,Error,3.6761610314727307
6,55,4.6385369300842285
6,56,Error,8.485793539509908
6,57,3.4091975688934326
6,58,Error,4.994212165855791
6,59,Error,0.12084007009700096
6,60,3.323775053024292
6,61,Error,8.547217946119288
6,62,Error,7.011583410524904
6,63,Error,6.672026697924179
6,64,4.61417293548584
6,65,Error,9.522743124939428
6,66,Error,7.64936403395012
6,67,Error,8.397282747543095
6,68,4.908284664154053
6,69,Error,7.716901023318478
6,70,4.881317615509033
