idx,CommunicationRound,TimeCost
4,0,Error,38.859169706158255
4,1,6.058202028274536
4,2,6.038345098495483
4,3,6.157048225402832
4,4,Error,6.199168333755965
4,5,Error,4.901396517636235
4,6,6.149915456771851
4,7,6.244288682937622
4,8,6.098528146743774
4,9,Error,8.362340017481497
4,10,Error,10.287565427896011
4,11,Error,17.110745002281455
4,12,Error,16.035972455099294
