idx,CommunicationRound,TimeCost
5,0,Error,31.674114711223393
5,1,Error,27.521684643356515
5,2,Error,0.4140372320031694
5,3,Error,5.787497501041254
5,4,Error,32.44756013473501
5,5,Error,37.92997165424974
5,6,Error,1.1155494776814874
5,7,Error,12.254866842170447
5,8,Error,10.580032942750057
5,9,Error,17.44436329127159
5,10,13.927634716033936
5,11,Error,39.8745720722495
5,12,13.972444295883179
