idx,CommunicationRound,TimeCost
3,0,10.362746000289917
3,1,4.0240631103515625
3,2,4.276343822479248
3,3,4.149386644363403
3,4,4.205254077911377
3,5,4.348391771316528
3,6,4.178903341293335
3,7,4.456816673278809
3,8,4.314698219299316
3,9,Error,7.2902652510088455
3,10,Error,8.362142053990109
3,11,4.251589059829712
3,12,4.329440116882324
3,13,4.334341287612915
3,14,4.4319374561309814
3,15,4.581118583679199
3,16,Error,7.603976385767628
3,17,Error,1.2742202003523297
3,18,4.300865650177002
3,19,4.367185831069946
3,20,4.435552358627319
3,21,Error,10.929223649001633
3,22,4.388209104537964
3,23,4.411960124969482
3,24,4.53265380859375
3,25,4.331174612045288
3,26,4.222325086593628
3,27,4.468165159225464
3,28,4.452174425125122
3,29,4.460265874862671
3,30,4.391888380050659
3,31,Error,1.9294270124060378
3,32,4.686909914016724
3,33,4.49297833442688
3,34,4.503447532653809
3,35,4.812033653259277
3,36,4.737567901611328
3,37,Error,8.749622440402696
3,38,4.460827112197876
3,39,Error,4.309633557606743
3,40,4.521142244338989
3,41,4.528639554977417
3,42,4.383008718490601
3,43,Error,2.667392094271618
3,44,4.476253986358643
3,45,4.376828908920288
3,46,4.506704807281494
3,47,4.641105651855469
3,48,4.479727029800415
3,49,4.542079448699951
3,50,4.5227086544036865
3,51,4.589002370834351
3,52,4.552524089813232
3,53,4.574298858642578
3,54,3.8631420135498047
