idx,CommunicationRound,TimeCost
4,0,Error,18.571386594059994
4,1,2.0057125091552734
4,2,2.297114133834839
4,3,2.187849521636963
4,4,2.30818510055542
4,5,2.1878085136413574
4,6,2.0940802097320557
4,7,2.1238222122192383
4,8,2.105276346206665
4,9,2.2670845985412598
4,10,2.344287157058716
4,11,2.18064022064209
4,12,2.2332663536071777
4,13,2.2220587730407715
4,14,2.185157537460327
4,15,2.3078324794769287
4,16,2.190171241760254
4,17,Error,0.7616537879786823
4,18,2.1328063011169434
4,19,2.2929630279541016
4,20,2.2334160804748535
4,21,Error,0.7611296924402677
4,22,2.236581325531006
4,23,2.157198429107666
4,24,2.324965715408325
4,25,2.1677346229553223
4,26,2.3068947792053223
4,27,2.297337293624878
4,28,2.2586381435394287
4,29,2.292370319366455
4,30,2.283381700515747
4,31,1.9547433853149414
4,32,2.041353940963745
4,33,1.9915671348571777
4,34,2.199083089828491
4,35,Error,6.065605714283623
4,36,Error,3.2704549850464737
4,37,2.445152759552002
4,38,Error,5.730091472910402
4,39,2.229434013366699
4,40,2.261950969696045
4,41,2.130016803741455
4,42,Error,2.2194847299270912
4,43,2.15865421295166
4,44,2.371952533721924
4,45,2.2406811714172363
4,46,2.2706809043884277
4,47,2.105292558670044
4,48,Error,4.78963831683813
4,49,2.029557704925537
4,50,Error,1.5335485777310303
4,51,1.8923814296722412
4,52,1.9983739852905273
4,53,2.396270513534546
4,54,2.113205671310425
4,55,Error,1.105735860664817
4,56,2.221057415008545
4,57,2.316258430480957
4,58,2.111426591873169
4,59,Error,0.6118206929469849
4,60,2.114797830581665
4,61,2.2669119834899902
4,62,2.3362677097320557
4,63,Error,5.6270328238432255
4,64,2.2727608680725098
4,65,2.277087450027466
4,66,2.3522491455078125
4,67,2.4131250381469727
4,68,2.2365529537200928
4,69,Error,3.338858682777412
4,70,Error,4.97831549496709
4,71,2.2348623275756836
4,72,2.2990365028381348
4,73,2.378239631652832
4,74,Error,2.0169729492523074
4,75,Error,6.4493491285128055
4,76,2.3393490314483643
4,77,2.3858697414398193
4,78,2.1074025630950928
4,79,2.1865077018737793
4,80,2.1227359771728516
4,81,Error,6.212154509615307
4,82,2.311455011367798
4,83,2.3438425064086914
4,84,2.1943461894989014
4,85,2.1965537071228027
4,86,2.0567781925201416
4,87,2.322880744934082
4,88,2.2690529823303223
4,89,2.285045862197876
4,90,Error,2.3386833835590832
4,91,Error,4.506291681041738
4,92,2.1870224475860596
4,93,Error,3.2154238019378996
4,94,2.1239535808563232
