idx,CommunicationRound,TimeCost
0,0,17.917912006378174
0,1,6.844202518463135
0,2,6.7789976596832275
0,3,6.691116094589233
0,4,6.684703588485718
0,5,6.641703844070435
0,6,6.491814374923706
0,7,Error,19.61236908173277
0,8,6.729023694992065
0,9,Error,0.3084982032493493
0,10,Error,3.8678143318742926
0,11,Error,9.07951460635529
0,12,6.667480707168579
0,13,6.638631582260132
0,14,6.546776056289673
0,15,Error,20.483902385741924
0,16,6.908329486846924
0,17,6.571452856063843
