idx,CommunicationRound,TimeCost
3,0,23.347018003463745
3,1,12.182820558547974
3,2,Error,26.47623434223456
3,3,12.09290337562561
3,4,12.175965547561646
3,5,Error,8.352461443972764
3,6,12.334523677825928
3,7,12.153266429901123
3,8,Error,20.048912542420815
3,9,Error,23.305893129184067
3,10,12.354900598526001
3,11,Error,35.144537464505866
3,12,12.134592771530151
3,13,12.283260107040405
3,14,11.995842218399048
3,15,11.741919994354248
3,16,Error,3.357586201231113
3,17,11.997118473052979
