idx,CommunicationRound,TimeCost
2,0,Error,57.50950980690277
2,1,Error,11.320406185159424
2,2,Error,40.03562566667439
2,3,Error,9.519223794757732
2,4,Error,36.70754776473799
2,5,Error,12.855374478627382
2,6,16.661298274993896
2,7,14.780239582061768
2,8,Error,52.07537732097004
2,9,Error,42.33714227660562
2,10,Error,25.74134451575185
2,11,Error,19.399384529271636
2,12,Error,36.83093310352394
2,13,16.34418225288391
