idx,CommunicationRound,TimeCost
4,0,Error,39.71409256607062
4,1,4.334999084472656
4,2,4.480342388153076
4,3,5.053576946258545
4,4,Error,6.190655823965039
4,5,Error,3.426294731519697
4,6,4.795339822769165
4,7,3.9182305335998535
4,8,4.602879524230957
4,9,Error,6.993548182907851
4,10,Error,8.874976290914548
4,11,Error,10.513338471522935
4,12,Error,16.062936494137105
4,13,Error,11.23903935904031
4,14,Error,2.7537010043624157
4,15,5.514991760253906
4,16,Error,6.034390892198722
4,17,Error,1.6549714559763358
4,18,Error,13.64773942614957
4,19,Error,5.937865089284069
4,20,5.427096128463745
4,21,Error,5.802568144109555
4,22,Error,14.994638434663209
4,23,Error,0.9913009551785505
4,24,5.4153525829315186
4,25,Error,6.203476383517076
4,26,6.0909202098846436
4,27,4.505730867385864
4,28,Error,12.103953349825845
4,29,Error,5.94950126839508
4,30,4.908245801925659
4,31,Error,15.630198758258334
4,32,Error,15.241262083306221
4,33,5.090548515319824
4,34,Error,0.09735188619396658
4,35,4.258153200149536
4,36,Error,7.333705252649808
4,37,Error,4.419981573219236
4,38,4.363147735595703
4,39,4.062329292297363
4,40,5.3211588859558105
4,41,Error,6.608408229914475
4,42,Error,12.394734772781069
4,43,4.418119192123413
4,44,Error,3.7222510672294526
4,45,5.702655792236328
4,46,Error,2.6077223842405592
4,47,5.143453121185303
4,48,4.126983404159546
4,49,Error,9.951688396935157
4,50,Error,4.781428408240707
4,51,Error,7.438986644849691
4,52,Error,10.63203806049851
4,53,4.488239526748657
4,54,4.557323694229126
4,55,4.678674697875977
4,56,Error,11.60259887525686
4,57,Error,6.077596366703768
