idx,CommunicationRound,TimeCost
1,0,32.20535111427307
1,1,20.335373878479004
1,2,20.29518723487854
1,3,20.165902614593506
1,4,20.371419429779053
1,5,20.261045694351196
1,6,20.203446626663208
1,7,20.17282199859619
1,8,20.108762979507446
1,9,20.17270803451538
1,10,20.21215844154358
1,11,Error,3.713251508520622
1,12,20.31486701965332
1,13,20.184620141983032
1,14,20.408222913742065
1,15,20.277968406677246
1,16,20.194539308547974
1,17,20.216546297073364
