idx,CommunicationRound,TimeCost
2,0,26.438544750213623
2,1,15.068444728851318
2,2,15.125324964523315
2,3,14.922500133514404
2,4,15.135037660598755
2,5,15.085501909255981
2,6,14.210221290588379
2,7,15.135763168334961
2,8,14.972958087921143
2,9,14.921305656433105
2,10,15.16446566581726
2,11,15.11321759223938
2,12,15.042038679122925
2,13,14.927289009094238
2,14,14.894284963607788
2,15,15.189345121383667
2,16,15.139592170715332
2,17,14.895017862319946
