idx,CommunicationRound,TimeCost
7,0,17.28960156440735
7,1,5.93351411819458
7,2,5.99130654335022
7,3,5.9514734745025635
7,4,6.016324520111084
7,5,6.055341482162476
7,6,6.036679029464722
7,7,6.135296583175659
7,8,5.955948829650879
7,9,6.077865362167358
7,10,5.943294048309326
7,11,6.095967769622803
7,12,5.952981948852539
7,13,5.935774803161621
7,14,6.0395097732543945
7,15,6.039191722869873
7,16,6.018244504928589
7,17,5.945564270019531
