idx,CommunicationRound,TimeCost
8,0,16.68768286705017
8,1,5.073022365570068
8,2,5.1403515338897705
8,3,5.155184030532837
8,4,5.130810737609863
8,5,5.121331214904785
8,6,5.02323317527771
8,7,5.1515052318573
8,8,Error,3.08805768036288
8,9,5.127641439437866
8,10,5.238069534301758
8,11,Error,11.199551457782386
8,12,5.267559051513672
8,13,5.297865867614746
8,14,5.278711318969727
8,15,5.069401025772095
8,16,5.111108779907227
8,17,5.204571723937988
