idx,CommunicationRound,TimeCost
5,0,59.612849950790405
5,1,47.627798080444336
5,2,47.29513120651245
5,3,47.71323561668396
5,4,46.64159893989563
5,5,40.97008943557739
5,6,36.33442449569702
5,7,40.12479305267334
5,8,33.36645174026489
5,9,44.50500988960266
5,10,47.24464249610901
5,11,47.65505361557007
5,12,47.160247802734375
5,13,31.489736557006836
