idx,CommunicationRound,TimeCost
7,0,6.037073135375977
7,1,Error,0.19222483300315188
7,2,Error,0.17215445749806943
7,3,Error,0.26793861480836784
7,4,0.1249392032623291
7,5,0.1334846019744873
7,6,Error,0.08547123251229824
7,7,0.135392427444458
7,8,0.12265920639038086
7,9,0.13612985610961914
7,10,Error,0.0037034437531574213
7,11,Error,0.2996554984888176
7,12,0.13266897201538086
7,13,0.13181519508361816
7,14,Error,0.04462817758409512
7,15,0.13100051879882812
7,16,0.12303757667541504
7,17,Error,0.09238394484993123
7,18,Error,0.16245742810504848
7,19,Error,0.2787518767575797
7,20,0.15410399436950684
7,21,0.12959790229797363
7,22,0.13668417930603027
7,23,Error,0.06083091843783404
7,24,0.12484574317932129
7,25,Error,0.3726007349229949
7,26,0.13092565536499023
7,27,0.1565234661102295
7,28,0.131591796875
7,29,0.12622404098510742
7,30,Error,0.3351720375131733
7,31,Error,0.10373989410321145
7,32,0.13131308555603027
7,33,Error,0.3296101054197357
7,34,Error,0.37635536900578015
7,35,Error,0.2239987014560463
7,36,Error,0.2828836064013116
7,37,Error,0.20762128517370884
7,38,Error,0.03937063188823463
7,39,0.13679981231689453
7,40,Error,0.2699140401457588
7,41,Error,0.34067330405648044
7,42,Error,0.07240561068335666
7,43,0.13670992851257324
7,44,Error,0.023187668132115175
7,45,0.13525724411010742
7,46,0.13312435150146484
7,47,0.1427898406982422
