idx,CommunicationRound,TimeCost
8,0,6.7024877071380615
8,1,0.18149423599243164
8,2,0.18436408042907715
8,3,Error,0.13627481887424084
8,4,Error,0.14015952955235522
8,5,Error,0.1620629449963878
8,6,Error,0.039058318752812085
8,7,0.17653274536132812
8,8,0.1792612075805664
8,9,Error,0.05362442609886315
8,10,0.2550802230834961
8,11,0.17162370681762695
8,12,0.1736454963684082
8,13,0.1835346221923828
8,14,Error,0.304545592106497
8,15,0.1859135627746582
8,16,Error,0.32855129628085517
8,17,0.17778801918029785
8,18,Error,0.24669190697289153
8,19,Error,0.2603371939494417
8,20,0.1782209873199463
8,21,0.18317866325378418
8,22,Error,0.19926106538630223
8,23,0.1643235683441162
8,24,Error,0.15498661749132484
8,25,0.18135619163513184
8,26,Error,0.36621843928643316
8,27,Error,0.368985858163208
8,28,Error,0.038022276439027704
8,29,0.17734146118164062
8,30,Error,0.14464413120624883
8,31,Error,0.14987879418428487
8,32,Error,0.3371970091538454
8,33,0.18518829345703125
8,34,0.17468953132629395
8,35,Error,0.2064996199558735
8,36,0.18105030059814453
8,37,0.18397188186645508
8,38,0.18149423599243164
8,39,0.1838080883026123
8,40,0.17875051498413086
8,41,Error,0.10817489920080091
8,42,0.18866705894470215
8,43,Error,0.2794250332872436
8,44,0.17957592010498047
8,45,0.18947505950927734
8,46,0.1842644214630127
8,47,0.18035340309143066
