idx,CommunicationRound,TimeCost
1,0,23.023969173431396
1,1,Error,0.3747442689875315
1,2,Error,27.530809530958578
1,3,11.18148684501648
1,4,3.2587757110595703
1,5,2.8193695545196533
1,6,2.966817855834961
1,7,2.939899206161499
1,8,2.8147103786468506
1,9,2.9558162689208984
1,10,Error,1.517292870192625
1,11,11.548974514007568
1,12,10.55410647392273
1,13,Error,9.519138717395926
1,14,Error,11.778104711732773
1,15,10.909141778945923
1,16,Error,27.93738618661564
1,17,11.127064943313599
1,18,11.361654996871948
1,19,Error,15.204801051402146
1,20,7.3251869678497314
1,21,Error,7.8034029148959
1,22,7.166001558303833
1,23,Error,8.357555908174799
1,24,10.313740491867065
1,25,Error,26.93779709991536
1,26,2.9060723781585693
1,27,6.387694358825684
1,28,3.1390905380249023
1,29,7.059840202331543
1,30,6.80827522277832
1,31,Error,9.30137376256076
1,32,Error,13.572258399648208
1,33,Error,10.585388658916203
1,34,8.192214012145996
1,35,Error,22.477288059862868
1,36,Error,16.130172438684976
1,37,Error,7.995908201995784
1,38,Error,5.283551486839064
1,39,Error,19.585057089809546
1,40,8.998224258422852
1,41,Error,10.456564389336474
1,42,7.5503058433532715
