idx,CommunicationRound,TimeCost
2,0,6.666194915771484
2,1,0.9837791919708252
2,2,Error,0.360449145305418
2,3,0.8336954116821289
2,4,Error,0.5125347143609958
2,5,Error,2.122595368125205
2,6,Error,0.7736493292086345
2,7,0.8017547130584717
2,8,0.9978859424591064
2,9,0.9975759983062744
2,10,1.037337064743042
2,11,0.8339753150939941
2,12,0.9063770771026611
2,13,Error,1.0049002772420756
2,14,Error,0.3060401524998619
2,15,0.9948010444641113
2,16,1.042952537536621
2,17,0.9228420257568359
2,18,0.8003356456756592
2,19,Error,0.5394734363667287
2,20,Error,1.2670106983778697
2,21,Error,0.36735187545198233
2,22,Error,0.6427539153080964
2,23,Error,0.1791038388486422
2,24,0.9702737331390381
2,25,0.8845469951629639
2,26,Error,0.4460233166623579
2,27,0.9943804740905762
2,28,Error,1.1667057222622919
2,29,1.0200071334838867
2,30,Error,2.552668520490985
2,31,0.8750078678131104
2,32,0.7892670631408691
2,33,0.9606242179870605
2,34,0.8249528408050537
2,35,Error,1.0076377821687883
2,36,Error,0.8675897112469153
2,37,0.813072681427002
2,38,Error,0.16342040398051852
2,39,Error,1.5406147642834649
2,40,Error,0.7996306050676627
2,41,Error,2.3596245002156446
2,42,Error,0.6438162309849841
2,43,Error,1.3292871080803486
2,44,0.8875303268432617
2,45,Error,1.1341809998966983
2,46,Error,1.4817301525195963
2,47,Error,0.09055228077121694
2,48,0.9091126918792725
2,49,Error,2.0049828084359316
2,50,Error,1.7766753342892292
2,51,Error,0.7461522510353177
2,52,Error,0.09557173183424311
2,53,Error,2.0129105997896213
2,54,Error,2.2056984824213695
2,55,Error,1.3794195223106949
2,56,Error,1.1374205074257664
2,57,0.8132166862487793
2,58,0.810103178024292
2,59,Error,0.9571932968273742
2,60,Error,0.8349228244352611
2,61,0.9072461128234863
2,62,Error,1.7012450000544646
2,63,0.8096482753753662
2,64,0.8691270351409912
2,65,Error,0.013797601761932088
2,66,0.844261646270752
