idx,CommunicationRound,TimeCost
4,0,Error,15.393729355329635
4,1,0.9438419342041016
4,2,0.8932888507843018
4,3,1.0866401195526123
4,4,Error,1.1943660844862092
4,5,Error,0.8598772086096962
4,6,0.9580593109130859
4,7,1.1408188343048096
4,8,0.9563605785369873
4,9,Error,1.4157266457884308
4,10,Error,1.7122805031497383
4,11,Error,2.7808462746384732
4,12,Error,2.7947441396176758
4,13,Error,3.331417126536396
4,14,Error,0.4549746264316301
4,15,1.1600019931793213
4,16,Error,1.621408612036613
4,17,Error,0.3991629308016368
4,18,Error,2.2813301762295524
4,19,Error,1.5791791278853982
4,20,0.9461123943328857
4,21,Error,0.9267018191331886
4,22,Error,3.0774769323622984
4,23,Error,0.2194061431063
4,24,1.155817985534668
4,25,Error,1.5203642202480785
4,26,1.0061872005462646
4,27,1.1593797206878662
4,28,Error,2.60179451756369
4,29,Error,1.7444944393346002
4,30,1.0339391231536865
4,31,Error,2.292036589164161
4,32,Error,2.4707731940709086
4,33,1.06192946434021
4,34,Error,0.02587405150352024
4,35,0.9909627437591553
4,36,Error,1.8714021804721466
4,37,Error,1.0285340202085735
4,38,1.1268377304077148
4,39,1.1471545696258545
4,40,0.8949968814849854
4,41,Error,1.5487460197999519
4,42,Error,2.7717377690539786
4,43,0.9827873706817627
4,44,Error,1.0433831836340854
4,45,1.0631790161132812
4,46,Error,0.5113512434986494
4,47,1.140655517578125
4,48,0.9293835163116455
4,49,Error,2.837389418389495
4,50,Error,0.9547797785414299
4,51,Error,1.6061376219038015
4,52,Error,2.742915508613293
4,53,0.8940737247467041
4,54,0.9417433738708496
4,55,1.1342761516571045
4,56,Error,2.3864974503182586
4,57,Error,1.669645077711781
4,58,Error,1.6660629250297676
4,59,Error,2.195047615924455
4,60,Error,2.8978818372051447
4,61,1.1762630939483643
4,62,Error,0.39288998784866885
4,63,0.9797317981719971
4,64,0.9123058319091797
4,65,1.094632625579834
4,66,0.9195556640625
