idx,CommunicationRound,TimeCost
5,0,Error,8.636527663024397
5,1,Error,2.2210880045129757
5,2,1.062546730041504
5,3,Error,0.9990455123207378
5,4,1.028214693069458
5,5,1.0770726203918457
5,6,Error,3.3803908068302393
5,7,1.2140841484069824
5,8,Error,1.8725626441977081
5,9,Error,0.9975048455128755
5,10,1.0617992877960205
5,11,Error,2.092651952730184
5,12,Error,0.16624080439233987
5,13,1.2649788856506348
5,14,Error,0.8531159365575083
5,15,Error,1.4308903818675476
5,16,0.9891688823699951
5,17,Error,2.9944904889049155
5,18,1.1346392631530762
5,19,1.1057052612304688
5,20,1.1113650798797607
5,21,Error,0.48729237624427874
5,22,Error,1.1791843788051446
5,23,1.1448299884796143
5,24,Error,1.6832779524759964
5,25,1.2548367977142334
5,26,1.1789131164550781
5,27,Error,0.2922661704889735
5,28,Error,1.8964716156665389
5,29,Error,2.57087069445852
5,30,1.2601902484893799
5,31,1.0325884819030762
5,32,Error,0.03489448015634108
5,33,1.136436939239502
5,34,Error,1.182395050907149
5,35,Error,2.184721363957283
5,36,Error,0.10164933709830308
5,37,1.0466299057006836
5,38,Error,0.38816020706290216
5,39,Error,0.34132277982282433
5,40,Error,2.5833440399423346
5,41,1.058377742767334
5,42,Error,0.8390866961593643
5,43,1.033393144607544
5,44,1.2093946933746338
5,45,Error,0.06864996086832352
5,46,Error,0.39352310200797613
5,47,1.0027642250061035
5,48,Error,1.720911438263187
5,49,Error,1.679073166375056
5,50,Error,2.0936174288444325
5,51,1.1863510608673096
5,52,Error,2.6117692648430273
5,53,Error,1.2000356382230883
5,54,1.0365235805511475
5,55,Error,0.7333352403692744
5,56,1.116180181503296
5,57,Error,1.3791175342353632
5,58,Error,3.1186437725403837
5,59,0.9894964694976807
5,60,1.007450819015503
5,61,Error,1.745358332839708
5,62,1.2258367538452148
5,63,1.1785781383514404
5,64,1.1998262405395508
5,65,1.1350266933441162
5,66,Error,0.7972396701130616
