idx,CommunicationRound,TimeCost
8,0,7.599803924560547
8,1,Error,1.1961973028939714
8,2,Error,0.508793593946326
8,3,Error,0.913777616662161
8,4,Error,0.9123734412603958
8,5,Error,0.5721002974385931
8,6,Error,1.4339908865863042
8,7,0.9686062335968018
8,8,Error,0.32478856564364084
8,9,1.0649657249450684
8,10,0.9693934917449951
8,11,0.9434268474578857
8,12,1.09678053855896
8,13,Error,1.847248684675733
8,14,1.0479285717010498
8,15,Error,1.8231133857001771
8,16,0.8825795650482178
8,17,Error,1.2359878429566755
8,18,Error,1.343555441614317
8,19,0.9646377563476562
8,20,1.1111626625061035
8,21,Error,1.0471029989254448
8,22,0.8982625007629395
8,23,Error,0.7945178611234186
8,24,0.9758896827697754
8,25,Error,2.0195996351717063
8,26,Error,1.7898643705979613
8,27,Error,0.21451123888045023
8,28,1.0057296752929688
8,29,Error,0.7123247854750212
8,30,Error,0.7610798742369772
8,31,Error,1.8505536068417765
8,32,1.115297794342041
8,33,0.8757305145263672
8,34,Error,1.2066459952079918
8,35,1.0472204685211182
8,36,Error,1.991133833570026
8,37,Error,1.7338613001271639
8,38,0.8720636367797852
8,39,Error,0.6181270972357336
8,40,1.010181188583374
8,41,Error,1.3907612777152736
8,42,0.9375894069671631
8,43,1.068774938583374
8,44,1.0481832027435303
8,45,Error,1.2050421078327371
8,46,Error,2.5399254015489534
8,47,Error,2.517744394751758
8,48,1.0081579685211182
8,49,Error,1.0613441172246723
8,50,Error,1.2733229929828158
8,51,1.1027419567108154
8,52,0.8927900791168213
8,53,Error,0.12398420871867978
8,54,Error,1.0629583912722702
8,55,Error,0.9169184684376095
8,56,0.9388468265533447
8,57,0.9747374057769775
8,58,0.911992073059082
8,59,1.0206522941589355
8,60,1.003824234008789
8,61,Error,2.1048702567308295
8,62,Error,2.2757544374675303
8,63,Error,0.4910246583179851
8,64,Error,1.2585175995522064
8,65,Error,1.4453274139636338
8,66,Error,2.4158152527478385
