idx,CommunicationRound,TimeCost
2,0,Error,54.712862193203875
2,1,Error,10.426915662599571
2,2,Error,32.83881540607093
2,3,Error,10.533787881401881
2,4,Error,40.20070808679387
2,5,Error,12.005041551225693
2,6,Error,39.870470123704216
2,7,Error,34.25987798721305
2,8,Error,11.592226739610341
2,9,Error,36.533611122955286
2,10,Error,17.4468713758423
2,11,Error,5.818040766208029
2,12,Error,45.198819927449286
