idx,CommunicationRound,TimeCost
2,0,27.754276752471924
2,1,15.623305320739746
2,2,Error,6.646116912635598
2,3,16.06071400642395
2,4,Error,9.966455804600681
2,5,Error,41.58405326673501
2,6,Error,12.699061487134742
2,7,15.759928226470947
2,8,16.99474835395813
2,9,18.006313800811768
2,10,15.957487106323242
2,11,17.291685819625854
2,12,15.890079975128174
2,13,Error,19.655816412546258
2,14,Error,5.837355420184035
2,15,17.256884336471558
2,16,16.734368801116943
2,17,15.409265041351318
2,18,15.219052076339722
2,19,Error,10.59074452508308
2,20,Error,21.246375859874632
2,21,Error,5.8240674857419865
2,22,Error,10.77730011867013
2,23,Error,3.3385068768975326
2,24,15.184149980545044
2,25,16.586400508880615
