idx,CommunicationRound,TimeCost
8,0,16.659224033355713
8,1,3.8247485160827637
8,2,3.595937967300415
8,3,Error,2.79283165406482
8,4,Error,2.948261655040978
8,5,Error,3.3898980683235687
8,6,Error,0.7466411292569701
8,7,3.5864670276641846
8,8,3.7175185680389404
8,9,4.699976205825806
8,10,4.856237411499023
8,11,Error,10.369161993296824
8,12,4.4519147872924805
8,13,3.6892521381378174
8,14,Error,4.817994905360918
8,15,5.07209324836731
8,16,Error,9.49642805694327
8,17,2.944249391555786
8,18,3.2362380027770996
8,19,Error,5.2280357019179355
8,20,Error,11.705176936644023
8,21,5.0120627880096436
8,22,Error,4.296368598083496
8,23,3.7156453132629395
8,24,Error,3.1276505904891803
8,25,5.014033079147339
8,26,Error,10.437937724121396
8,27,Error,10.78793995703084
8,28,Error,0.7553785003696655
8,29,5.158211708068848
8,30,2.934978723526001
8,31,Error,1.427504520732789
8,32,3.715818405151367
8,33,3.5830323696136475
8,34,4.098477363586426
8,35,4.460020542144775
8,36,Error,6.045153681169993
8,37,5.291706085205078
8,38,4.345957040786743
8,39,3.6830286979675293
8,40,3.564248561859131
8,41,3.6737117767333984
8,42,Error,1.70890163592943
8,43,3.7210123538970947
8,44,Error,5.750052191244307
8,45,2.865689754486084
8,46,2.8665575981140137
8,47,3.49113130569458
8,48,3.6263363361358643
8,49,3.645813226699829
8,50,3.7377638816833496
8,51,2.940868377685547
8,52,2.9202284812927246
8,53,Error,4.9814049563789276
8,54,Error,4.839558234907123
8,55,3.474275588989258
8,56,Error,5.894885585159671
8,57,4.4918413162231445
8,58,Error,3.1833047670019083
8,59,3.0362374782562256
8,60,Error,2.959061442459933
8,61,Error,11.0049592960132
8,62,2.7777037620544434
8,63,3.0130083560943604
8,64,4.278064966201782
8,65,Error,7.815619783231497
8,66,Error,8.885612938466178
8,67,Error,1.9550587886262125
8,68,5.154767990112305
8,69,Error,4.963636732197483
8,70,3.780992031097412
8,71,3.6192946434020996
8,72,Error,3.451515947089123
8,73,Error,6.529978438029661
8,74,3.6959807872772217
8,75,Error,2.187451560494353
8,76,Error,6.1817996460931095
8,77,4.346478462219238
8,78,3.995234251022339
8,79,Error,3.2948015698909994
8,80,3.642709493637085
8,81,Error,8.08634361863279
8,82,Error,7.483256932450228
8,83,4.248228311538696
8,84,Error,9.908348004625623
8,85,2.942042350769043
8,86,2.9146206378936768
8,87,3.5086781978607178
8,88,Error,11.296679056559874
8,89,Error,1.2134908809398421
8,90,Error,8.830728527617042
8,91,3.6818017959594727
