idx,CommunicationRound,TimeCost
9,0,20.604568481445312
9,1,8.73866605758667
9,2,8.186107873916626
9,3,8.728106498718262
9,4,Error,6.859128637934222
9,5,Error,5.35493820793599
9,6,6.759569406509399
9,7,Error,23.404938356840002
9,8,7.587646484375
9,9,8.574728965759277
9,10,Error,15.361325911140963
9,11,Error,1.3435465052053377
9,12,Error,11.993621347136742
9,13,Error,0.5968240749974774
9,14,8.756453037261963
9,15,Error,0.27279809238557956
9,16,Error,2.299672300078734
9,17,4.285063982009888
9,18,Error,4.643350559199643
9,19,5.7861669063568115
9,20,8.87213134765625
9,21,7.707104682922363
9,22,5.270092964172363
9,23,Error,8.679709886300495
9,24,2.346308469772339
9,25,2.436661958694458
9,26,3.722649335861206
9,27,5.015564441680908
9,28,5.54201865196228
9,29,2.862614393234253
9,30,Error,5.1809981526107
9,31,8.444895267486572
9,32,Error,18.583620197252706
9,33,Error,1.3958134655727736
9,34,Error,0.32081949788491826
9,35,Error,3.5371595447620034
9,36,Error,4.748885251256023
9,37,Error,5.256360847109702
9,38,Error,10.052378886202929
9,39,Error,5.865497271643813
9,40,2.9278571605682373
9,41,2.5189685821533203
9,42,Error,4.0837061638971655
9,43,5.497411251068115
9,44,5.442717552185059
9,45,Error,7.584048930551619
9,46,Error,4.24534871853299
9,47,Error,16.14150303724013
9,48,6.684219121932983
9,49,Error,9.641159280742547
9,50,8.591819524765015
9,51,5.554729700088501
9,52,6.985034465789795
9,53,8.223539352416992
9,54,Error,11.885828296186476
9,55,8.788946628570557
9,56,7.909558057785034
9,57,7.4830052852630615
9,58,5.556371212005615
9,59,Error,0.9476341437598925
9,60,8.669891595840454
9,61,8.638041973114014
