idx,CommunicationRound,TimeCost
1,0,Error,45.981885892629634
1,1,Error,11.905639451853466
1,2,10.648205757141113
1,3,Error,17.88536224829663
1,4,Error,14.11337371851559
1,5,10.535632610321045
1,6,10.51646089553833
1,7,Error,10.670116921792873
1,8,10.64949917793274
1,9,Error,28.991582586315864
1,10,Error,31.71335890710989
1,11,Error,13.699734073628555
1,12,Error,19.8335695638331
