idx,CommunicationRound,TimeCost
6,0,16.441288709640503
6,1,Error,10.916695087461036
6,2,Error,1.523100643185919
6,3,Error,10.156613262401434
6,4,Error,4.341626499822546
6,5,4.695881366729736
6,6,4.629477500915527
6,7,4.524475574493408
6,8,Error,9.601519054596439
6,9,4.586928129196167
6,10,Error,12.180468612022278
6,11,Error,1.1418550487122316
6,12,Error,14.367763102073805
