idx,CommunicationRound,TimeCost
5,0,59.601778507232666
5,1,43.88857841491699
5,2,33.79377770423889
5,3,16.926785469055176
5,4,45.05287027359009
5,5,Error,107.36542877609448
5,6,38.96756291389465
5,7,31.760504484176636
5,8,33.29845833778381
5,9,Error,54.57957661563107
5,10,34.53324246406555
5,11,28.377065181732178
