idx,CommunicationRound,TimeCost
5,0,Error,44.85946414727074
5,1,Error,37.45230775085993
5,2,9.595946788787842
5,3,Error,13.72423807532266
5,4,11.960638523101807
5,5,6.9568517208099365
5,6,Error,45.8165265621528
5,7,6.251939058303833
5,8,Error,37.10653108777621
5,9,Error,14.54057441204798
5,10,9.316293716430664
5,11,Error,20.408218985711322
5,12,Error,1.5824581537707134
5,13,12.816665410995483
5,14,Error,9.461100686185784
5,15,Error,19.327230694708717
5,16,12.25003695487976
5,17,Error,60.25190600989373
5,18,9.489056825637817
5,19,16.125935792922974
5,20,9.430390119552612
