idx,CommunicationRound,TimeCost
9,0,20.745879411697388
9,1,8.782601356506348
9,2,7.351770877838135
9,3,5.672505617141724
9,4,Error,2.8325233975756823
9,5,Error,2.37100074041964
9,6,Error,1.5104787205995986
9,7,2.4247324466705322
9,8,Error,8.18335613361279
9,9,Error,1.0838752950008284
9,10,Error,0.65600978437466
9,11,5.400757312774658
9,12,5.977875232696533
9,13,Error,0.5767738937001264
9,14,5.719291687011719
9,15,Error,0.10609580331159875
9,16,Error,0.9737229953698856
9,17,Error,3.2398026571598892
9,18,2.370666265487671
9,19,Error,1.1858831767926075
9,20,5.016130447387695
9,21,3.943817138671875
9,22,Error,0.8364985771866946
9,23,Error,7.3364916260758015
9,24,7.479288578033447
9,25,5.746689796447754
9,26,2.4369537830352783
9,27,2.2544729709625244
9,28,Error,5.660401576341789
9,29,5.529124975204468
9,30,Error,5.10768919725379
9,31,7.64096474647522
9,32,Error,1.9339710252238298
9,33,Error,0.34716220512762813
9,34,Error,3.5729852533430337
9,35,Error,4.486856508754528
9,36,Error,2.2915872396372308
9,37,Error,6.43431914815244
9,38,Error,1.5904097948597207
9,39,Error,14.843366127002218
9,40,Error,0.07963627110576078
9,41,8.201176404953003
9,42,5.194162368774414
9,43,Error,5.695486787537327
9,44,2.3566253185272217
9,45,Error,10.379417395529295
9,46,2.2893447875976562
9,47,4.616842031478882
9,48,Error,15.28930832225745
9,49,2.355036735534668
9,50,Error,15.495333724593323
9,51,2.363462209701538
9,52,Error,5.040072721680211
9,53,Error,7.38526677416469
9,54,8.227483749389648
9,55,Error,10.841017617697407
9,56,Error,5.563129912287087
9,57,5.429675817489624
9,58,Error,6.23310890145878
9,59,Error,17.09683434629981
9,60,Error,6.551615021243849
9,61,8.434134721755981
9,62,8.627996921539307
9,63,Error,1.3595096725869658
9,64,Error,11.301417608763918
9,65,Error,1.6774199853191947
9,66,2.3083748817443848
9,67,2.2642323970794678
9,68,Error,1.6210135948445148
9,69,Error,5.6452560948383725
9,70,Error,8.649401410794935
9,71,2.8276748657226562
9,72,Error,13.004670850538531
9,73,Error,9.070066828499307
9,74,5.398593902587891
