idx,CommunicationRound,TimeCost
0,0,18.83279299736023
0,1,5.47014045715332
0,2,4.9563140869140625
0,3,4.946331977844238
0,4,5.089844703674316
0,5,4.728599309921265
0,6,5.10656476020813
0,7,Error,14.374276358075345
0,8,7.343780755996704
0,9,Error,0.21785612476934163
0,10,Error,2.833737301963509
0,11,Error,8.960370072074978
0,12,7.28109073638916
0,13,4.850063323974609
0,14,4.331071376800537
0,15,Error,20.448854937379277
0,16,7.155550003051758
0,17,5.443469762802124
0,18,Error,1.004936297099361
0,19,6.3745644092559814
0,20,7.626378774642944
0,21,7.519430875778198
0,22,Error,16.227341180706368
0,23,4.880615472793579
0,24,Error,11.458121486132862
0,25,Error,1.5395034227862692
0,26,4.628544092178345
0,27,Error,5.807768681434569
0,28,Error,18.23958588822214
0,29,5.068675994873047
0,30,Error,12.076029457925918
0,31,5.467077970504761
0,32,5.9792351722717285
0,33,Error,16.283207819562648
0,34,8.017015933990479
0,35,Error,9.401035604955732
0,36,5.526240348815918
0,37,4.180474519729614
0,38,Error,13.09210316201614
0,39,Error,1.2324804432339145
0,40,6.360161542892456
0,41,5.573549032211304
0,42,6.895374059677124
0,43,5.506462574005127
0,44,7.095457315444946
0,45,Error,15.098558494827575
0,46,Error,3.9366090817362136
0,47,5.240791082382202
0,48,5.259567975997925
0,49,7.028920888900757
0,50,Error,0.6379398031183486
0,51,Error,16.09851158049667
0,52,5.327698469161987
0,53,Error,2.4820240853402136
0,54,Error,4.831052330263953
0,55,5.365460634231567
0,56,Error,17.166482118001646
0,57,Error,4.8793140681249065
0,58,Error,3.489899207270888
0,59,7.164226293563843
0,60,5.564065933227539
