idx,CommunicationRound,TimeCost
7,0,17.5817608833313
7,1,Error,8.673204268378926
7,2,Error,8.000687971089178
7,3,Error,10.905178971070898
7,4,4.529379606246948
7,5,4.598651885986328
7,6,Error,3.426285833946928
7,7,6.05164098739624
7,8,4.958453893661499
7,9,4.610036611557007
7,10,Error,0.0914687756991514
7,11,Error,10.201848176515199
7,12,5.852959156036377
7,13,5.889038562774658
7,14,Error,2.0347548863414513
7,15,6.095201015472412
7,16,4.688866376876831
7,17,Error,2.8445633255914093
7,18,Error,5.563740500822255
7,19,Error,9.536786230025426
7,20,5.632644891738892
7,21,5.960475444793701
7,22,5.623743295669556
7,23,Error,2.061579028769848
7,24,4.534906387329102
7,25,Error,12.653478764238296
7,26,4.557906866073608
7,27,5.7046873569488525
7,28,5.955049276351929
7,29,5.2053542137146
7,30,Error,11.273483025235713
7,31,Error,3.635612377437301
7,32,5.92479395866394
7,33,Error,13.887082307785228
7,34,Error,13.402834386668037
7,35,Error,9.946315049862898
7,36,Error,12.633627843751416
7,37,Error,9.483794913316483
7,38,Error,1.863143872676663
7,39,6.17319130897522
7,40,Error,11.195890333053871
7,41,Error,14.493479659157547
7,42,Error,3.3646799737340225
7,43,4.67214822769165
7,44,Error,1.1016460685749538
7,45,6.18861985206604
7,46,6.023324251174927
7,47,6.210943698883057
7,48,Error,1.426643684858416
7,49,6.2582292556762695
7,50,Error,5.148045099096847
7,51,Error,5.992396030034988
7,52,4.546196460723877
7,53,Error,5.639765393706979
7,54,5.873977422714233
7,55,Error,16.825539138980904
7,56,Error,3.5379311036156595
7,57,Error,2.339460524279188
7,58,5.878691911697388
7,59,Error,13.724130468346338
7,60,Error,11.58921569618748
7,61,5.8954432010650635
7,62,5.81422758102417
