idx,CommunicationRound,TimeCost
1,0,Error,45.5323206982801
1,1,Error,11.948133477482234
1,2,10.576056957244873
1,3,Error,17.936807830300204
1,4,Error,14.166677236143725
1,5,10.555795669555664
1,6,10.547682285308838
1,7,Error,10.71770731242886
1,8,10.675098896026611
1,9,Error,29.01657794898543
1,10,Error,31.54701346743344
1,11,Error,13.652101353660456
