idx,CommunicationRound,TimeCost
2,0,Error,55.2165874221248
2,1,Error,10.440756257004645
2,2,Error,33.38850200963011
2,3,Error,9.688502044998666
2,4,Error,37.48798513856097
2,5,Error,12.55801055927185
2,6,15.002224922180176
2,7,14.946382999420166
2,8,Error,43.55122776933063
2,9,Error,38.82465547864423
2,10,Error,25.512147338937393
2,11,Error,19.44849538913674
