idx,CommunicationRound,TimeCost
8,0,Error,26.501853469755115
8,1,Error,15.693494152692258
8,2,Error,4.083645770773325
8,3,Error,4.167061293269639
8,4,Error,4.855611876627766
8,5,Error,1.1134837452483204
8,6,Error,6.079884355265872
8,7,5.349436521530151
8,8,Error,11.289001381246655
8,9,Error,10.469266036498608
8,10,5.2021660804748535
8,11,Error,14.79734203076096
