idx,CommunicationRound,TimeCost
1,0,Error,46.033989885153495
1,1,Error,11.875455138606192
1,2,10.62735891342163
1,3,Error,17.884377301916153
1,4,Error,14.153728665354631
1,5,10.59664011001587
1,6,10.58142614364624
1,7,Error,10.665856041941213
1,8,10.615173816680908
1,9,Error,28.86457033064125
1,10,Error,31.31046374099046
1,11,Error,13.608298406206394
