idx,CommunicationRound,TimeCost
2,0,Error,55.07285206938094
2,1,Error,10.56786300950723
2,2,Error,32.40951359861155
2,3,Error,9.760834116663858
2,4,Error,37.593977554437444
2,5,Error,12.109370758789007
2,6,15.103909015655518
2,7,15.304010152816772
2,8,Error,43.71321012421515
2,9,Error,38.74905225666999
2,10,Error,25.792208939973793
2,11,Error,19.40579788585648
