idx,CommunicationRound,TimeCost
4,0,Error,39.97051546576589
4,1,6.115602731704712
4,2,6.065677642822266
4,3,6.102045059204102
4,4,Error,6.4112703928979204
4,5,Error,4.849962803908216
4,6,6.000195264816284
4,7,Error,4.201086948524715
4,8,Error,4.2986354332091965
4,9,Error,1.4708606146114858
4,10,Error,10.551852254612008
4,11,Error,7.560525088302471
4,12,6.153582572937012
