idx,CommunicationRound,TimeCost
6,0,16.34460949897766
6,1,Error,10.795736148284119
6,2,4.691929817199707
6,3,Error,5.275395426217626
6,4,Error,6.957391747264702
6,5,4.567451477050781
6,6,Error,14.24464294490212
6,7,4.466404914855957
6,8,Error,9.70834893480555
6,9,4.66198992729187
6,10,4.565020561218262
6,11,4.720283508300781
6,12,Error,12.849130699654575
6,13,4.667100429534912
6,14,4.547320365905762
6,15,4.642377614974976
