idx,CommunicationRound,TimeCost
0,0,18.268563985824585
0,1,6.730146408081055
0,2,6.580967426300049
0,3,6.775620222091675
0,4,6.581299781799316
0,5,Error,1.812273775282873
0,6,6.779933214187622
0,7,6.730666399002075
0,8,6.728055953979492
0,9,Error,0.2972445390218271
0,10,Error,3.824170277433621
0,11,Error,8.884816952079177
0,12,6.712872266769409
0,13,6.830567121505737
0,14,6.800097465515137
0,15,Error,19.912882654879517
