idx,CommunicationRound,TimeCost
1,0,22.82851243019104
1,1,Error,0.3487956415904784
1,2,Error,25.78553501795778
1,3,10.731466293334961
1,4,10.737271785736084
1,5,10.617680788040161
1,6,10.606904029846191
1,7,10.499752283096313
1,8,10.61725926399231
1,9,10.580711126327515
1,10,Error,1.9551957774480972
1,11,10.676522731781006
1,12,10.601946115493774
1,13,Error,13.6304648946217
1,14,Error,19.641458374045023
1,15,10.607681274414062
