idx,CommunicationRound,TimeCost
2,0,26.207332372665405
2,1,14.673999786376953
2,2,Error,6.669125561254314
2,3,14.367658615112305
2,4,14.781494140625
2,5,Error,18.982133702068005
2,6,15.12631607055664
2,7,Error,6.375041790844545
2,8,15.241028547286987
2,9,14.792201519012451
2,10,14.66289758682251
2,11,Error,38.46978302613542
2,12,15.060389757156372
2,13,14.880526781082153
2,14,14.537767171859741
