idx,CommunicationRound,TimeCost
3,0,23.668927669525146
3,1,11.95499324798584
3,2,Error,27.186680374682627
3,3,Error,25.650877128639046
3,4,12.302619457244873
3,5,Error,33.615351049641475
3,6,Error,30.05570060372831
3,7,Error,20.580484907064395
3,8,Error,24.396760261888037
3,9,Error,3.0514434419744183
3,10,12.2045578956604
3,11,12.374482154846191
3,12,12.272380590438843
3,13,12.193013668060303
3,14,12.171628475189209
3,15,Error,3.489858270966029
