idx,CommunicationRound,TimeCost
8,0,16.13595151901245
8,1,4.990827798843384
8,2,5.133690118789673
8,3,Error,4.092645979669725
8,4,Error,3.9841481699916548
8,5,Error,4.789014512707857
8,6,Error,1.0997017979440384
8,7,5.111095190048218
8,8,5.021110534667969
8,9,5.225599527359009
8,10,5.020465135574341
8,11,Error,9.897445261396113
8,12,5.126937389373779
8,13,5.367745637893677
8,14,Error,8.675169150988019
8,15,5.198867082595825
