idx,CommunicationRound,TimeCost
1,0,6.825530290603638
1,1,Error,0.008890080996342848
1,2,Error,0.6540408469299817
1,3,0.27930688858032227
1,4,0.270113468170166
1,5,0.2705690860748291
1,6,0.33749866485595703
1,7,0.26500868797302246
1,8,0.2627735137939453
1,9,0.26880788803100586
1,10,Error,0.05151077453027987
1,11,0.279923677444458
1,12,0.27014946937561035
1,13,Error,0.35704304417066396
1,14,Error,0.49928222451194487
1,15,0.2730584144592285
1,16,Error,0.6593194780558083
1,17,0.275585412979126
1,18,0.2792165279388428
1,19,Error,0.5926682770166924
1,20,0.2812931537628174
1,21,Error,0.30479497893174184
1,22,0.2794320583343506
1,23,Error,0.2966842352370644
1,24,0.2742595672607422
1,25,Error,0.6759409568694308
1,26,0.2702920436859131
1,27,0.2731668949127197
1,28,0.2773895263671875
1,29,0.27065396308898926
1,30,0.2682301998138428
1,31,Error,0.27911418425936535
1,32,Error,0.3872296984700683
1,33,Error,0.3867546358548485
1,34,0.2797675132751465
1,35,Error,0.7745226610506947
1,36,Error,0.614314729073469
1,37,Error,0.227142138529919
1,38,Error,0.19756042152217018
1,39,Error,0.5022512197276569
1,40,0.288196325302124
1,41,Error,0.26446591091892047
1,42,0.2905559539794922
1,43,Error,0.43854121008167773
1,44,0.27912211418151855
1,45,0.269364595413208
1,46,Error,0.24636167676048729
1,47,Error,0.7906733365160667
1,48,0.277864933013916
1,49,Error,0.2376779494877295
1,50,0.2718484401702881
1,51,Error,0.7383345728397096
