idx,CommunicationRound,TimeCost
4,0,Error,39.50290407564032
4,1,6.106186389923096
4,2,5.98209547996521
4,3,6.214983224868774
4,4,Error,6.404757426994196
4,5,Error,4.83208302766718
4,6,6.1370556354522705
4,7,6.277225017547607
4,8,6.131378650665283
4,9,Error,8.437462954421727
4,10,Error,10.29955678225664
4,11,Error,16.873683846456323
4,12,Error,15.645824663607911
4,13,Error,17.71758414894856
4,14,Error,3.1412292950123177
