idx,CommunicationRound,TimeCost
8,0,17.017003059387207
8,1,Error,6.1493691427969495
8,2,Error,2.3023934958586696
8,3,Error,5.072653012393159
8,4,Error,5.12822178348094
8,5,Error,3.1244331141672266
8,6,Error,8.463155974354324
8,7,5.24012017250061
8,8,Error,1.574691987471135
8,9,5.275279998779297
8,10,5.150924205780029
8,11,5.064433574676514
8,12,5.019468069076538
8,13,Error,8.624243659639907
8,14,5.212945461273193
