idx,CommunicationRound,TimeCost
2,0,Error,57.196237186401675
2,1,Error,11.250695460269442
2,2,Error,41.39400852297538
2,3,Error,9.454202148646644
2,4,Error,43.2494561354579
2,5,Error,13.503205546812916
2,6,18.93521237373352
2,7,15.37214469909668
2,8,16.898561000823975
2,9,15.601234912872314
2,10,15.109687328338623
2,11,17.96142292022705
2,12,Error,16.82453952869605
2,13,Error,5.42429057524384
2,14,15.934794902801514
2,15,Error,29.0067425343441
2,16,Error,30.27603544423442
2,17,Error,9.097778257391711
