idx,CommunicationRound,TimeCost
3,0,9.02626347541809
3,1,2.8555057048797607
3,2,Error,6.2918199479675545
3,3,Error,5.9330228138262715
3,4,2.8927907943725586
3,5,Error,7.849415442303239
3,6,Error,7.067275205473045
3,7,Error,4.814760646325528
3,8,Error,5.753544649198577
3,9,Error,0.7429101818781146
3,10,2.899351119995117
3,11,2.9211978912353516
3,12,2.949012517929077
3,13,2.976581573486328
3,14,2.9456582069396973
3,15,Error,0.8352541499480071
3,16,2.9427552223205566
3,17,Error,1.9045505641214302
3,18,2.949608325958252
3,19,3.0713276863098145
3,20,Error,0.24535834666835268
3,21,Error,4.649975257465918
3,22,Error,6.03793887873164
3,23,Error,4.307543027117693
3,24,2.945002555847168
3,25,Error,2.0870975082730965
3,26,2.940474271774292
3,27,Error,6.19657521300334
3,28,Error,6.394320189258099
3,29,Error,3.103162667575772
3,30,2.9691567420959473
3,31,Error,1.6783323884547645
3,32,Error,2.28188424313248
3,33,Error,2.780946621968903
3,34,2.972006320953369
3,35,2.9747891426086426
3,36,Error,0.3150673197919606
3,37,Error,2.0743611566747933
3,38,Error,2.2356452855145204
3,39,2.9937949180603027
3,40,2.9953489303588867
3,41,3.0072507858276367
3,42,2.993941068649292
3,43,2.9662022590637207
3,44,Error,3.449349091809595
3,45,2.9530880451202393
3,46,Error,8.170891540795362
3,47,Error,8.333699046081023
