idx,CommunicationRound,TimeCost
5,0,Error,7.553995494583191
5,1,Error,0.16220070555623975
5,2,0.07772016525268555
5,3,Error,0.07103451295388125
5,4,0.07363343238830566
5,5,0.07646751403808594
5,6,Error,0.20402184378642269
5,7,0.08370566368103027
5,8,Error,0.13830598274646752
5,9,Error,0.07159733915130286
5,10,0.07723689079284668
5,11,Error,0.15651216276774096
5,12,Error,0.011668175532441037
5,13,0.08714604377746582
5,14,0.08315491676330566
5,15,Error,0.07028021411470309
5,16,Error,0.1676302263644857
5,17,Error,0.21439152100583142
5,18,0.07941365242004395
5,19,0.08061575889587402
5,20,0.08046817779541016
5,21,Error,0.06073727366322866
5,22,Error,0.08598122314292653
5,23,0.07919931411743164
5,24,Error,0.12387824710485335
5,25,0.08586454391479492
5,26,0.08147144317626953
5,27,Error,0.021647059010931474
5,28,Error,0.14550461172499005
5,29,Error,0.17463505590762884
5,30,0.0858299732208252
5,31,0.07714605331420898
5,32,Error,0.002608041208133306
5,33,0.08166050910949707
5,34,Error,0.09208352879353289
5,35,Error,0.1649403516103671
5,36,Error,0.007227415951396804
5,37,0.07629179954528809
5,38,0.08417654037475586
5,39,Error,0.09687897234437161
5,40,Error,0.09755698088034745
5,41,Error,0.22642701001219454
5,42,Error,0.05678651276578846
5,43,0.07933449745178223
5,44,0.09179258346557617
5,45,Error,0.004958320816629092
5,46,Error,0.02849936387914594
5,47,0.07236099243164062
5,48,Error,0.12578787235158648
