idx,CommunicationRound,TimeCost
1,0,22.347968816757202
1,1,Error,0.3476648235984633
1,2,Error,25.73519159188206
1,3,10.743963956832886
1,4,10.758774280548096
1,5,10.600562334060669
1,6,10.653225898742676
1,7,10.598524570465088
1,8,10.662572383880615
1,9,10.688364267349243
1,10,Error,1.9660827970041732
1,11,10.706004619598389
1,12,10.624006271362305
1,13,Error,13.570537369863635
1,14,10.573313474655151
1,15,Error,22.34756042819375
1,16,Error,25.962294739373952
1,17,10.697926759719849
