idx,CommunicationRound,TimeCost
2,0,26.12633180618286
2,1,15.113431215286255
2,2,Error,6.522371022785251
2,3,14.575299501419067
2,4,15.097330093383789
2,5,Error,19.670576983319872
2,6,15.286217451095581
2,7,Error,6.423224558486534
2,8,15.365718841552734
2,9,15.006177186965942
2,10,15.1518235206604
2,11,Error,38.914568617893316
2,12,14.96050763130188
2,13,15.124966859817505
2,14,15.0713050365448
2,15,Error,37.09974559419003
2,16,15.263863801956177
2,17,15.210886001586914
