idx,CommunicationRound,TimeCost
6,0,16.138572692871094
6,1,Error,10.814678124290007
6,2,4.6332032680511475
6,3,Error,5.261423932509736
6,4,Error,7.1548775639366635
6,5,4.680870532989502
6,6,4.780836820602417
6,7,Error,11.4966452840568
6,8,Error,10.065893887471628
6,9,4.669593811035156
6,10,4.483262777328491
6,11,4.750655174255371
6,12,Error,12.87071709489946
6,13,4.655706405639648
6,14,4.62161660194397
6,15,4.702900409698486
6,16,4.573560953140259
6,17,4.545360088348389
