idx,CommunicationRound,TimeCost
7,0,17.222160816192627
7,1,Error,8.624411039309884
7,2,5.999570608139038
7,3,Error,4.528194118001985
7,4,6.085887908935547
7,5,6.030975341796875
7,6,6.062766790390015
7,7,Error,13.237935092905456
7,8,Error,12.190030904457473
7,9,6.14838981628418
7,10,Error,0.11893198352504436
7,11,Error,13.3271802195325
7,12,5.987596750259399
7,13,5.97527551651001
7,14,6.009127140045166
7,15,5.805312633514404
7,16,Error,12.384040663719185
