idx,CommunicationRound,TimeCost
4,0,Error,39.32049403560684
4,1,6.028401613235474
4,2,6.006179571151733
4,3,6.03635048866272
4,4,Error,6.306889317382454
4,5,Error,4.7943319993966975
4,6,6.024294853210449
4,7,6.222154140472412
4,8,6.005326271057129
4,9,Error,8.267240404476944
4,10,Error,10.179660202404028
4,11,6.121265888214111
