idx,CommunicationRound,TimeCost
2,0,26.540382385253906
2,1,15.007532119750977
2,2,Error,6.590340293861631
2,3,14.718562126159668
2,4,14.870102882385254
2,5,Error,18.78664877461287
2,6,14.533337116241455
2,7,Error,6.431236271302156
2,8,14.711894989013672
