idx,CommunicationRound,TimeCost
5,0,Error,50.71333387139972
5,1,Error,56.71106900087934
5,2,28.21038556098938
5,3,Error,28.738604705540386
5,4,28.40208625793457
5,5,28.249322414398193
5,6,Error,77.88499374600477
5,7,28.270541429519653
