idx,CommunicationRound,TimeCost
3,0,Error,48.080597638332115
3,1,Error,9.014978385344657
3,2,Error,11.919228008396987
3,3,Error,33.29199951025461
3,4,Error,34.71178664094543
3,5,Error,29.631644405769933
3,6,Error,21.130737340219632
3,7,Error,23.783219138241236
3,8,Error,3.385655234719146
3,9,13.355357646942139
3,10,13.892221212387085
3,11,Error,41.135900827168314
3,12,Error,26.31506328314834
3,13,Error,4.991933378792072
3,14,Error,10.7615269959111
3,15,Error,38.363910494496764
