idx,CommunicationRound,TimeCost
2,0,27.754451274871826
2,1,15.87276029586792
2,2,Error,6.61956310381593
2,3,15.46158242225647
2,4,15.41242504119873
2,5,Error,24.24373990280399
2,6,15.569528341293335
2,7,Error,7.176314859744316
2,8,16.077960729599
2,9,18.65908455848694
2,10,17.45336413383484
2,11,Error,39.25268973132619
2,12,17.53429627418518
2,13,Error,19.632740716685987
2,14,Error,5.612982373151209
2,15,16.94147300720215
2,16,15.319263219833374
2,17,16.39954710006714
2,18,19.833366870880127
2,19,Error,9.348604454837844
2,20,Error,23.076654653242624
2,21,Error,6.116263642891968
2,22,Error,11.291259768008318
2,23,Error,3.2552494042112925
2,24,16.33961248397827
2,25,16.44621706008911
