idx,CommunicationRound,TimeCost
4,0,Error,39.90126093662903
4,1,6.262282371520996
4,2,6.144041061401367
4,3,6.437305927276611
4,4,Error,6.169384826500083
4,5,Error,3.9979801187166006
4,6,3.913912534713745
4,7,4.181241273880005
4,8,6.481088876724243
4,9,Error,6.967048483979641
4,10,Error,8.079937662567099
4,11,4.274235486984253
4,12,4.2074196338653564
4,13,6.467069625854492
4,14,Error,13.793907202904165
4,15,Error,2.1125387344592226
4,16,5.54104208946228
4,17,Error,9.030260683799474
4,18,Error,1.918536932723779
4,19,Error,11.219065605278711
4,20,Error,9.124784988848452
4,21,4.561567306518555
4,22,Error,5.915299555192611
4,23,Error,15.770746305071196
4,24,Error,1.026009041620621
4,25,6.487674236297607
4,26,Error,9.028411794988331
4,27,4.602217197418213
4,28,4.344583749771118
4,29,Error,14.38411455888045
4,30,Error,6.84827771000388
4,31,4.333999395370483
4,32,Error,12.582739128264771
4,33,Error,11.077192409876544
4,34,3.9927549362182617
4,35,Error,0.11417619950412713
4,36,3.9384076595306396
4,37,Error,9.946952561809523
4,38,4.356607913970947
4,39,6.456349849700928
4,40,6.10136342048645
4,41,Error,9.79188944869028
4,42,Error,7.232542121698764
4,43,Error,14.071422519592216
4,44,6.417001962661743
4,45,Error,4.175177426777398
4,46,4.48689079284668
4,47,Error,2.109698909630946
4,48,5.172273635864258
4,49,4.141571521759033
4,50,Error,10.354848822080376
4,51,Error,5.299666355514612
4,52,4.631235599517822
4,53,4.6964569091796875
4,54,6.069759368896484
4,55,4.764413118362427
4,56,4.367074966430664
4,57,6.567938327789307
4,58,4.17397403717041
4,59,Error,4.476729400265708
4,60,4.258120536804199
4,61,4.206709861755371
