idx,CommunicationRound,TimeCost
7,0,17.554837703704834
7,1,Error,8.743665209247347
7,2,Error,8.050077928808616
7,3,Error,10.543536492401827
7,4,4.611336708068848
7,5,4.614372491836548
7,6,Error,3.8938598276227583
7,7,6.048255205154419
7,8,4.519818544387817
7,9,4.723893642425537
7,10,Error,0.0917469972065807
7,11,Error,10.29100820529213
7,12,5.887143135070801
7,13,5.949937343597412
7,14,Error,2.0670370832865497
7,15,5.872798919677734
7,16,4.45678973197937
7,17,Error,2.847198910483823
7,18,Error,5.612820576257143
7,19,Error,9.554480586138839
7,20,6.039015769958496
7,21,5.987320423126221
7,22,5.129478454589844
7,23,Error,2.0317552447750487
7,24,4.477894067764282
7,25,Error,12.691775449530041
7,26,4.788685083389282
7,27,5.850692510604858
7,28,5.977535963058472
7,29,4.784520387649536
7,30,Error,11.384610455193489
7,31,Error,3.7057028264805023
7,32,5.851494312286377
7,33,Error,12.95969684579409
7,34,Error,13.315098881185497
7,35,Error,9.69589154628755
7,36,Error,12.9712590420699
7,37,Error,9.53505974160527
7,38,Error,1.8423100330882982
7,39,6.2154200077056885
7,40,Error,11.176425036070736
7,41,Error,14.456111483697374
7,42,Error,3.2557461184813357
7,43,4.7966179847717285
7,44,Error,1.073880497584146
7,45,6.111851692199707
7,46,6.098961353302002
7,47,6.193129539489746
7,48,Error,1.4346945694224713
7,49,6.304494619369507
7,50,Error,5.174380364136807
7,51,Error,6.0142729984453736
7,52,4.546753406524658
7,53,Error,5.642510299881049
7,54,5.946983814239502
7,55,Error,16.98268976329832
7,56,Error,3.6322056993669145
7,57,Error,2.292954857945594
7,58,5.883317470550537
7,59,Error,14.579422034591056
7,60,Error,11.890320832924834
7,61,5.9529454708099365
7,62,5.768168687820435
