idx,CommunicationRound,TimeCost
1,0,22.66460680961609
1,1,Error,0.34951399462487726
1,2,Error,25.867634482294374
1,3,10.76003885269165
1,4,10.698267459869385
1,5,Error,5.113266747495512
1,6,Error,26.417064156839746
1,7,10.598440408706665
1,8,Error,27.059727358306613
1,9,Error,29.13518598764452
1,10,Error,31.435450699434274
1,11,Error,13.652875965410647
1,12,Error,19.853979980360418
1,13,10.548120498657227
1,14,Error,25.808842677253615
