idx,CommunicationRound,TimeCost
2,0,26.546175241470337
2,1,14.931475162506104
2,2,Error,6.556316397471479
2,3,14.935885667800903
2,4,14.953779697418213
2,5,Error,19.17582081718105
2,6,15.122480154037476
2,7,Error,6.527113961913907
2,8,15.409008026123047
2,9,15.356802940368652
2,10,15.311401128768921
2,11,Error,37.49157108779027
2,12,15.282243490219116
2,13,Error,16.38045970179174
2,14,Error,5.3162624347621446
2,15,15.197873830795288
