idx,CommunicationRound,TimeCost
5,0,Error,32.21901887586828
5,1,Error,27.256542560069388
5,2,13.862394571304321
5,3,Error,13.797826122785498
5,4,13.610820293426514
5,5,13.593176126480103
5,6,Error,37.14894841645258
5,7,13.94551706314087
5,8,Error,25.817152492763395
5,9,Error,12.792359645390723
5,10,13.537798881530762
5,11,Error,26.549209971692708
5,12,Error,1.8394484757848022
5,13,13.961504936218262
5,14,13.871769428253174
