idx,CommunicationRound,TimeCost
0,0,18.54073667526245
0,1,Error,9.360862787740272
0,2,Error,8.418475449708199
0,3,5.409912586212158
0,4,Error,2.470246624237838
0,5,10.733734369277954
0,6,8.652176856994629
0,7,11.094964742660522
0,8,Error,0.49308327024641946
0,9,Error,7.348938123930145
0,10,Error,11.021028202437927
0,11,7.013011455535889
0,12,9.685669183731079
0,13,11.567179441452026
0,14,Error,36.75846743195226
0,15,9.281111240386963
0,16,Error,2.2292950154110747
0,17,Error,8.940862703937944
0,18,3.70186710357666
0,19,3.9562621116638184
0,20,Error,3.472218368508655
0,21,Error,21.851909292852397
0,22,Error,7.849492016560563
0,23,Error,1.5329255099659065
0,24,6.840544939041138
0,25,Error,6.828203462461593
0,26,Error,14.73634077518543
0,27,8.955785751342773
0,28,Error,23.430793323308137
0,29,7.152786016464233
0,30,Error,4.316984965575026
0,31,9.421488285064697
0,32,Error,22.29386253583428
0,33,Error,31.984809036600307
0,34,Error,37.820659311674085
0,35,Error,22.637224137818645
0,36,Error,1.6193687788145286
