idx,CommunicationRound,TimeCost
6,0,15.979368448257446
6,1,Error,13.898377898514886
6,2,5.891550302505493
6,3,Error,7.025554317530399
6,4,Error,9.886666031663776
6,5,6.43700098991394
6,6,Error,19.460092067722158
6,7,6.032466173171997
6,8,Error,15.639651518326803
6,9,7.257782459259033
6,10,6.487237215042114
6,11,8.089063882827759
6,12,Error,25.071151545123424
6,13,6.245189905166626
6,14,6.110530853271484
6,15,7.493249893188477
6,16,Error,1.6457206908854427
6,17,Error,31.865876378555566
6,18,10.809623956680298
6,19,Error,16.548481891721767
6,20,11.758355379104614
6,21,Error,30.645582228268093
6,22,13.183940172195435
6,23,11.029266595840454
6,24,9.553369045257568
6,25,Error,14.074246894250326
6,26,10.26512598991394
6,27,Error,21.869980622542275
6,28,Error,8.6215020571974
6,29,12.914355039596558
6,30,Error,29.852949917137714
6,31,Error,24.55711338829922
