idx,CommunicationRound,TimeCost
9,0,20.53086280822754
9,1,5.301524639129639
9,2,5.202295303344727
9,3,3.8338828086853027
9,4,Error,3.078226950190581
9,5,Error,2.3869512911933617
9,6,Error,3.5717598597657174
9,7,3.8697996139526367
9,8,Error,6.112826624891243
9,9,Error,1.565559870591718
9,10,Error,1.830823048058314
9,11,8.170768022537231
9,12,3.8845083713531494
9,13,Error,0.10334910167072223
9,14,1.5492782592773438
9,15,Error,0.0819665305086704
9,16,Error,0.8974756690974299
9,17,2.164835214614868
9,18,Error,5.378176521139629
9,19,Error,3.545066494127168
9,20,6.879667043685913
9,21,6.1195690631866455
9,22,Error,3.3061582493888135
9,23,2.8161165714263916
9,24,3.048161029815674
9,25,Error,8.959203417109174
9,26,7.641801595687866
9,27,12.04509973526001
9,28,8.641106843948364
9,29,Error,16.760238207970026
9,30,Error,9.58450040728428
9,31,8.077053308486938
9,32,Error,1.0053347558765606
9,33,Error,0.5113332008060776
9,34,Error,6.856718758877183
9,35,Error,29.037670317675694
9,36,Error,9.68535117381229
9,37,Error,11.080334557637517
9,38,Error,6.232137557764595
9,39,15.08603310585022
9,40,15.569960832595825
9,41,Error,5.548388380258372
9,42,Error,15.931483972220931
9,43,Error,3.9663944907944177
9,44,9.708478450775146
9,45,Error,32.56170722629522
9,46,3.264017105102539
9,47,9.259740114212036
9,48,Error,15.25448618429927
9,49,6.812787771224976
9,50,9.833674192428589
9,51,10.419193029403687
9,52,5.76457142829895
