idx,CommunicationRound,TimeCost
0,0,18.040996313095093
0,1,6.829740047454834
0,2,6.711636543273926
0,3,6.729813814163208
0,4,6.78177547454834
0,5,6.669579982757568
0,6,6.596673250198364
0,7,Error,19.904894680344725
0,8,6.818784475326538
0,9,Error,0.3095864932847416
0,10,Error,3.8129305729396354
0,11,Error,9.286874961551707
