idx,CommunicationRound,TimeCost
5,0,39.87917900085449
5,1,28.62118363380432
5,2,28.597822189331055
5,3,28.06643533706665
5,4,28.074437856674194
5,5,Error,63.64991884566246
5,6,28.658205270767212
5,7,Error,75.96895887725293
5,8,28.95513606071472
5,9,28.494226217269897
5,10,Error,18.974336504942325
