idx,CommunicationRound,TimeCost
4,0,Error,17.83083633323693
4,1,1.673114538192749
4,2,1.6567130088806152
4,3,1.827979564666748
4,4,Error,1.8313239454017352
4,5,Error,1.3541291429907965
4,6,1.7927665710449219
4,7,1.6974680423736572
4,8,1.932974100112915
4,9,Error,2.2930005619352807
4,10,Error,3.1429800627852584
4,11,Error,4.9470337624246605
4,12,Error,4.874939391704609
4,13,Error,5.679742394362134
4,14,Error,0.8991287578647327
4,15,1.8904972076416016
4,16,Error,2.973189222521481
4,17,Error,0.5819240516744447
4,18,Error,4.765350367291829
4,19,Error,3.05244456899091
4,20,1.773064374923706
4,21,Error,1.7644980784225637
4,22,Error,4.97425465035482
4,23,Error,0.4156456456989163
4,24,1.8944053649902344
4,25,Error,2.463689009082003
4,26,1.99306058883667
4,27,1.842839002609253
4,28,Error,5.262783651059452
4,29,Error,2.9083499855174844
4,30,1.8209130764007568
4,31,Error,4.5503703433753895
4,32,Error,4.6410983873525975
4,33,1.8306283950805664
4,34,Error,0.05166087483042922
4,35,1.7053909301757812
4,36,Error,3.2350050655825773
4,37,Error,1.8373006735360402
4,38,1.9807429313659668
4,39,1.9773354530334473
4,40,1.6605217456817627
4,41,Error,2.9857493528296044
4,42,Error,5.8721786823122395
4,43,1.7845816612243652
4,44,Error,1.647446388202056
4,45,1.9562387466430664
4,46,Error,1.083071324173642
4,47,2.0539886951446533
4,48,1.7468416690826416
4,49,Error,4.96331377162963
4,50,Error,2.0379176810294193
4,51,Error,3.0674753772802483
4,52,Error,4.107070573212724
4,53,1.94551420211792
4,54,1.9252736568450928
4,55,1.8208205699920654
4,56,Error,4.600444940290302
4,57,Error,3.107594503720838
4,58,Error,2.6866080251462603
4,59,Error,4.5389895629780295
4,60,Error,4.804296859339478
4,61,2.0278730392456055
4,62,Error,0.6971480877402351
4,63,1.9233577251434326
4,64,1.9985969066619873
4,65,2.0293521881103516
4,66,1.9936981201171875
4,67,1.786311388015747
4,68,1.8869776725769043
4,69,1.997154951095581
4,70,Error,4.474047288095073
4,71,Error,2.406922279077798
4,72,Error,3.1859942545604096
4,73,Error,2.5647855591552866
4,74,Error,2.6316467239062136
4,75,1.661773681640625
