idx,CommunicationRound,TimeCost
0,0,7.984271049499512
0,1,1.4709522724151611
0,2,1.4522769451141357
0,3,1.4639813899993896
0,4,1.4549877643585205
0,5,Error,0.39441730502838085
0,6,1.4603450298309326
0,7,1.4438271522521973
0,8,1.4549047946929932
0,9,Error,0.06577350688471148
0,10,Error,0.8432357832060766
0,11,Error,2.02448016998988
0,12,1.453916072845459
0,13,1.460803508758545
0,14,1.4615495204925537
0,15,Error,4.48189609707196
0,16,1.4748497009277344
0,17,Error,1.0151479431071286
0,18,Error,3.38041925135359
0,19,1.4748446941375732
0,20,1.4639496803283691
0,21,Error,0.9326324491043484
0,22,1.47373366355896
0,23,Error,0.32985439753184176
0,24,1.479656457901001
0,25,Error,1.4797182098009398
0,26,1.4837360382080078
0,27,Error,0.44609702117273814
0,28,1.4786601066589355
0,29,1.4796595573425293
0,30,Error,3.232879046640503
0,31,1.484154224395752
0,32,1.4761950969696045
0,33,Error,4.289800208008537
0,34,Error,3.961060311372717
0,35,Error,3.791782305697282
0,36,Error,4.422802015047595
0,37,Error,3.4323124043596236
0,38,Error,0.327618049642425
0,39,1.4764635562896729
0,40,1.4863064289093018
0,41,1.4863214492797852
0,42,1.4928503036499023
0,43,1.4870975017547607
0,44,Error,4.036233050899083
0,45,Error,0.8696659306697205
0,46,1.5077934265136719
0,47,1.4871747493743896
0,48,1.4936943054199219
0,49,Error,0.17241391511280924
0,50,Error,3.164261273474659
0,51,1.4821882247924805
