idx,CommunicationRound,TimeCost
9,0,6.891918420791626
9,1,0.27529120445251465
9,2,0.26532673835754395
9,3,0.27906322479248047
9,4,Error,0.33439123552818706
9,5,Error,0.2644508505283922
9,6,0.3459961414337158
9,7,Error,0.7219764883577818
9,8,0.2687513828277588
9,9,0.27064061164855957
9,10,Error,0.4668149102797921
9,11,Error,0.14950243298507812
9,12,Error,0.5584150690902734
9,13,Error,0.01856651266390832
9,14,0.27425050735473633
9,15,Error,0.010431696396132943
9,16,Error,0.11139070820801265
9,17,0.27311277389526367
9,18,Error,0.5115865443157083
9,19,0.2711327075958252
9,20,0.26549506187438965
9,21,0.27521634101867676
9,22,0.2752089500427246
9,23,Error,0.4941213288708877
9,24,0.2767524719238281
9,25,0.27918434143066406
9,26,0.2666158676147461
9,27,0.2655773162841797
9,28,0.2718057632446289
9,29,0.27680277824401855
9,30,Error,0.5512012046724969
9,31,0.26543569564819336
9,32,Error,0.6087699620747851
9,33,Error,0.06934981832719844
9,34,Error,0.03653863154358163
9,35,Error,0.4044482351351055
9,36,Error,0.5246443883458695
9,37,Error,0.25497563543422513
9,38,Error,0.30841817530662274
9,39,Error,0.1824753549979425
9,40,0.26575446128845215
9,41,0.2800009250640869
9,42,Error,0.15073685333181103
9,43,0.27179384231567383
9,44,0.2756679058074951
9,45,Error,0.2397896739857116
9,46,Error,0.22776342854395323
9,47,Error,0.8071615583591644
9,48,0.274000883102417
9,49,Error,0.4676270901458893
9,50,0.26897430419921875
9,51,0.2749311923980713
