idx,CommunicationRound,TimeCost
0,0,19.081107139587402
0,1,Error,10.382723742602431
0,2,Error,9.987256990793654
0,3,6.704389810562134
0,4,Error,1.8367359249456814
0,5,6.876057386398315
0,6,6.695452690124512
0,7,6.8081700801849365
0,8,Error,0.30127999199065825
0,9,Error,3.8736020667995263
0,10,Error,9.49340009614497
0,11,6.842022180557251
0,12,6.758840799331665
0,13,6.880323648452759
0,14,Error,20.164796849077135
0,15,7.0437657833099365
