idx,CommunicationRound,TimeCost
3,0,24.546045064926147
3,1,12.380474090576172
3,2,Error,26.92524082149268
3,3,Error,25.160537764527373
3,4,12.262431859970093
3,5,Error,32.37229389417161
3,6,Error,28.707851635063875
3,7,Error,20.529674884106374
3,8,Error,24.34833951187232
3,9,Error,3.0773752592998918
3,10,12.411375761032104
3,11,12.299575090408325
3,12,12.3786301612854
3,13,12.062456846237183
3,14,11.966395854949951
