idx,CommunicationRound,TimeCost
5,0,Error,32.70701313206784
5,1,Error,26.96393360498254
5,2,13.46835470199585
5,3,Error,13.608455955670117
5,4,13.635097742080688
5,5,13.567622423171997
5,6,Error,37.0504998943403
5,7,13.646623134613037
5,8,Error,25.304326270664347
5,9,Error,12.79154312600098
5,10,13.493073225021362
5,11,Error,26.373532256470522
5,12,Error,1.8205522202285178
5,13,13.688858032226562
5,14,13.630213499069214
