idx,CommunicationRound,TimeCost
2,0,Error,54.6498475490754
2,1,Error,10.545882702973566
2,2,Error,32.521817895113564
2,3,Error,9.518185699335188
2,4,Error,36.70548313303614
2,5,Error,12.380432245593333
2,6,Error,35.752087769098814
2,7,Error,33.887261958807194
2,8,Error,11.882475950073184
2,9,Error,34.65126913415141
2,10,Error,16.725665161774305
2,11,Error,5.240709781259377
