idx,CommunicationRound,TimeCost
3,0,Error,46.65690784827452
3,1,Error,9.406687755292632
3,2,Error,11.018910754095687
3,3,Error,28.581519217519958
3,4,Error,32.83521064126088
3,5,Error,29.139379973525138
3,6,Error,20.140236270227522
3,7,Error,23.97519143774615
3,8,Error,3.089117747816041
3,9,12.039369344711304
3,10,12.361524820327759
3,11,Error,31.951173187468743
