idx,CommunicationRound,TimeCost
9,0,7.731947422027588
9,1,1.1588935852050781
9,2,1.011030673980713
9,3,1.2040300369262695
9,4,Error,1.373078750978884
9,5,Error,1.1778325692693747
9,6,Error,0.7648123568581779
9,7,1.0350759029388428
9,8,Error,1.9457655116582577
9,9,Error,0.2889609253492316
9,10,Error,0.31545098580233927
9,11,0.9986720085144043
9,12,1.0326056480407715
9,13,Error,0.06985670489351163
9,14,1.134678840637207
9,15,Error,0.03885429997050063
9,16,Error,0.4633003152497211
9,17,Error,1.5178857322286332
9,18,0.9932661056518555
9,19,Error,0.5387548410156098
9,20,1.215846300125122
9,21,1.146127462387085
9,22,Error,0.38698465199286936
9,23,Error,1.4687163620411083
9,24,1.2388465404510498
9,25,0.9707021713256836
9,26,0.9342525005340576
9,27,1.043304681777954
9,28,Error,2.8376872682681444
9,29,0.9595670700073242
9,30,Error,0.9827360561743677
9,31,0.969825267791748
9,32,Error,0.24469680566139262
9,33,Error,0.1505283925345247
9,34,Error,1.4586400847965018
9,35,Error,1.9065276183212136
9,36,Error,1.0249525963673494
9,37,Error,1.1350195846805127
9,38,Error,0.6870212604263329
9,39,Error,2.74877303092158
9,40,Error,0.01105752658654315
9,41,0.9898555278778076
9,42,1.0511255264282227
9,43,Error,1.3159533172393572
9,44,1.0338022708892822
9,45,Error,2.559700334854281
9,46,1.0579376220703125
9,47,1.0454390048980713
9,48,Error,1.8838879513988034
9,49,1.0163562297821045
9,50,Error,3.1732169902276386
9,51,1.1099200248718262
9,52,Error,1.0014436623183323
9,53,Error,3.4444228952490596
9,54,0.9634943008422852
9,55,Error,2.0088196595085512
9,56,Error,0.9473318470983999
9,57,0.9718174934387207
9,58,Error,3.0985163433242255
9,59,Error,2.5620335264880243
9,60,Error,3.1652131083379813
9,61,1.0389647483825684
9,62,1.037407398223877
9,63,Error,0.16466117061822147
9,64,Error,2.407043035934147
9,65,Error,0.6779758581842241
9,66,0.9796504974365234
9,67,0.952146053314209
