idx,CommunicationRound,TimeCost
0,0,18.34736466407776
0,1,6.814670085906982
0,2,6.476808786392212
0,3,6.580572605133057
0,4,6.6331939697265625
0,5,Error,1.8173308530525378
0,6,6.603341102600098
0,7,6.4778892993927
0,8,6.959115266799927
0,9,Error,0.30368540791906873
0,10,Error,3.836206404292618
0,11,Error,9.176116148313248
0,12,6.745258808135986
0,13,6.579418897628784
0,14,6.8112101554870605
0,15,Error,20.097711829928834
