idx,CommunicationRound,TimeCost
2,0,26.81191873550415
2,1,15.021601915359497
2,2,Error,6.63312935965216
2,3,14.978936672210693
2,4,14.961193561553955
2,5,Error,19.53314805909296
2,6,15.198004961013794
2,7,Error,6.369181568524655
2,8,14.811858654022217
2,9,14.720483541488647
2,10,15.173458337783813
2,11,Error,38.20549121315896
2,12,15.212561130523682
2,13,14.80313754081726
2,14,14.717368602752686
