idx,CommunicationRound,TimeCost
4,0,Error,38.863200521163165
4,1,6.054755926132202
4,2,5.893912076950073
4,3,6.099209785461426
4,4,Error,6.233148247423568
4,5,Error,4.876286671030032
4,6,6.06941294670105
4,7,6.0676047801971436
4,8,6.1422247886657715
4,9,Error,8.533629971167644
4,10,Error,10.35865567280202
4,11,6.0578718185424805
4,12,6.251176595687866
4,13,6.101639032363892
4,14,6.339590787887573
4,15,Error,2.651950260718824
