idx,CommunicationRound,TimeCost
5,0,25.404956102371216
5,1,13.654447555541992
5,2,13.669466972351074
5,3,13.663862228393555
5,4,Error,13.918078066194639
5,5,13.663220882415771
5,6,13.796262502670288
5,7,Error,37.56057495533004
5,8,13.973244190216064
5,9,13.824336767196655
5,10,Error,9.119416654107999
5,11,Error,32.58698756855852
5,12,13.79501461982727
5,13,13.853230714797974
5,14,Error,40.82031592172773
5,15,13.853053569793701
