idx,CommunicationRound,TimeCost
1,0,32.45505356788635
1,1,20.399577617645264
1,2,20.35511803627014
1,3,20.367496252059937
1,4,20.435754537582397
1,5,20.34256935119629
1,6,20.281766653060913
1,7,20.323750734329224
1,8,20.34090757369995
1,9,20.31570553779602
1,10,20.37968611717224
1,11,Error,3.7138657024868165
1,12,20.457115411758423
1,13,20.311851739883423
1,14,20.431065559387207
1,15,20.396328449249268
1,16,20.45599913597107
1,17,20.38607907295227
