idx,CommunicationRound,TimeCost
5,0,40.6314697265625
5,1,28.838560342788696
5,2,28.184613943099976
5,3,28.634019374847412
5,4,28.599324703216553
5,5,28.177730560302734
5,6,28.216285467147827
5,7,28.64902091026306
5,8,27.96294641494751
5,9,28.367292642593384
5,10,27.738765716552734
5,11,28.35669469833374
5,12,28.32195281982422
5,13,28.5081946849823
5,14,27.83926248550415
5,15,28.480899572372437
5,16,Error,83.06491113198206
5,17,28.396265268325806
