idx,CommunicationRound,TimeCost
8,0,Error,26.533608538635484
8,1,Error,15.641340449385268
8,2,Error,4.012519713841911
8,3,Error,4.121667110234029
8,4,Error,4.7298875091675185
8,5,Error,1.104890445264027
8,6,Error,5.810656103613165
8,7,5.240937948226929
8,8,Error,11.34990743407773
8,9,Error,10.380329970534909
8,10,5.163725137710571
8,11,Error,15.084113952044904
