idx,CommunicationRound,TimeCost
5,0,40.84674644470215
5,1,28.40457510948181
5,2,28.328056573867798
5,3,28.434919357299805
5,4,28.10843300819397
5,5,Error,63.27291656304236
5,6,28.718542337417603
5,7,29.12288212776184
5,8,28.439635038375854
5,9,Error,39.30491620579029
5,10,28.38358449935913
5,11,28.308189153671265
5,12,28.183640480041504
5,13,28.444406986236572
5,14,28.49213743209839
