idx,CommunicationRound,TimeCost
6,0,16.045348167419434
6,1,4.634732961654663
6,2,4.579235076904297
6,3,Error,0.36777759932623916
6,4,4.577364444732666
6,5,4.483532428741455
6,6,4.4682557582855225
6,7,4.646657943725586
6,8,Error,11.29618254766408
6,9,Error,9.830780945417922
6,10,4.563856363296509
6,11,4.508838653564453
6,12,4.62807035446167
6,13,Error,12.643155190266304
6,14,4.566514492034912
6,15,4.445991277694702
