idx,CommunicationRound,TimeCost
7,0,17.44935631752014
7,1,Error,8.705616378206704
7,2,5.990225791931152
7,3,5.983149766921997
7,4,5.966596603393555
7,5,5.9903318881988525
7,6,5.954555511474609
7,7,6.004707336425781
7,8,5.922976732254028
7,9,6.000644207000732
7,10,5.968176364898682
7,11,6.072964191436768
7,12,Error,17.385631106436755
7,13,5.9367616176605225
7,14,6.083307981491089
7,15,5.972002267837524
