idx,CommunicationRound,TimeCost
9,0,28.839825868606567
9,1,16.911053895950317
9,2,16.76353430747986
9,3,16.952876567840576
9,4,Error,20.689496627598814
9,5,Error,16.29822584907754
9,6,16.910233974456787
9,7,16.776416778564453
9,8,16.682562589645386
9,9,16.925212144851685
9,10,16.916318655014038
9,11,16.776533126831055
9,12,Error,9.580822859014585
9,13,16.91383385658264
9,14,Error,5.985232178165313
9,15,16.910818815231323
