idx,CommunicationRound,TimeCost
5,0,59.567854166030884
5,1,46.84958481788635
5,2,46.85606598854065
5,3,47.27143406867981
5,4,47.30614113807678
5,5,47.37609934806824
5,6,47.24101972579956
5,7,46.94428730010986
5,8,46.2745258808136
5,9,46.689167976379395
5,10,46.9698646068573
5,11,47.156386375427246
5,12,39.774946212768555
