idx,CommunicationRound,TimeCost
3,0,10.714601039886475
3,1,4.486675500869751
3,2,4.505387544631958
3,3,4.507519245147705
3,4,4.64590859413147
3,5,4.584499359130859
3,6,4.620389699935913
3,7,4.784061670303345
3,8,4.646566152572632
3,9,4.7578654289245605
3,10,4.74805212020874
3,11,4.645576477050781
3,12,4.634390592575073
3,13,4.635734796524048
3,14,4.694227457046509
3,15,4.732138395309448
3,16,4.672459125518799
3,17,4.904897212982178
3,18,4.863081216812134
3,19,Error,12.20098651434799
3,20,4.7937703132629395
3,21,4.914100885391235
3,22,4.7843804359436035
3,23,4.577175617218018
3,24,4.872850179672241
3,25,4.658769369125366
3,26,4.7272303104400635
3,27,4.8207995891571045
3,28,4.752788066864014
3,29,4.699534893035889
3,30,4.8264782428741455
3,31,4.780955076217651
3,32,4.930862903594971
3,33,Error,2.115412156619839
3,34,4.7228052616119385
3,35,4.834670066833496
3,36,4.837578058242798
3,37,4.931410551071167
3,38,4.7058796882629395
3,39,4.807170629501343
3,40,5.230783700942993
3,41,4.803937673568726
3,42,4.61069393157959
3,43,4.831661224365234
3,44,4.75281834602356
3,45,4.717229843139648
3,46,4.701961517333984
3,47,4.67530632019043
3,48,4.680791854858398
3,49,4.769921779632568
3,50,4.636924743652344
3,51,4.717557668685913
3,52,4.73266077041626
3,53,4.657989740371704
3,54,4.6990320682525635
3,55,4.809134244918823
3,56,4.688607454299927
3,57,4.763098239898682
3,58,4.805013179779053
3,59,3.461761713027954
