idx,CommunicationRound,TimeCost
0,0,8.744815111160278
0,1,1.769547700881958
0,2,1.622236728668213
0,3,1.7239179611206055
0,4,1.8822040557861328
0,5,Error,0.5104852102294486
0,6,1.6930062770843506
0,7,1.643484354019165
0,8,1.7558369636535645
0,9,Error,0.07667038759884123
0,10,Error,1.2000366760151162
0,11,Error,2.940950449396273
0,12,1.697237491607666
0,13,2.0659842491149902
0,14,1.6885113716125488
0,15,Error,5.2607415237692425
0,16,1.7695484161376953
0,17,Error,1.1805313822342678
0,18,Error,4.287656436568912
0,19,1.9051165580749512
0,20,1.7422528266906738
0,21,Error,1.346697121851804
0,22,1.920485496520996
0,23,Error,0.48377750603799463
0,24,2.046306848526001
0,25,Error,1.9569018854394338
0,26,1.888059139251709
0,27,Error,0.6503957532948687
0,28,1.9013402462005615
0,29,2.1683666706085205
0,30,Error,4.182348210894426
0,31,1.7234084606170654
0,32,1.7085788249969482
0,33,Error,5.688546453738766
0,34,Error,5.104004190376231
0,35,Error,4.906617518471855
0,36,Error,6.720459207834639
0,37,Error,4.696653373301402
0,38,Error,0.4538712108864027
0,39,1.9438533782958984
0,40,2.001131057739258
0,41,1.8832275867462158
0,42,1.6648855209350586
0,43,2.000844955444336
0,44,Error,5.690803047314853
0,45,Error,1.1465090999384937
0,46,2.025482654571533
0,47,1.8627746105194092
0,48,1.786592960357666
0,49,Error,0.21765694194052454
0,50,Error,3.8712383815665836
0,51,2.0057170391082764
0,52,Error,0.9351062934028943
0,53,Error,1.1418809468547244
0,54,2.124157190322876
0,55,Error,4.63588616574259
0,56,Error,1.6650030021361093
0,57,Error,0.8669291039078227
0,58,2.10320782661438
0,59,Error,4.786442299592777
0,60,2.2133967876434326
0,61,2.0304017066955566
0,62,Error,0.10530473432452876
0,63,2.1741747856140137
0,64,Error,3.786416408837055
0,65,2.0045714378356934
0,66,2.045616388320923
0,67,1.9333531856536865
0,68,1.8653595447540283
0,69,2.2077388763427734
0,70,2.042220115661621
0,71,1.9636740684509277
0,72,1.7980709075927734
0,73,1.5889923572540283
0,74,2.129939556121826
0,75,Error,3.294238092959293
0,76,Error,4.449186461935524
0,77,1.9281291961669922
0,78,Error,4.6043206451634004
0,79,1.841658353805542
0,80,Error,4.271313090244944
0,81,2.1679141521453857
0,82,Error,4.334257183733583
0,83,1.924445629119873
0,84,Error,0.06312091361416794
0,85,1.8395636081695557
0,86,Error,5.208115140428484
0,87,1.8994596004486084
0,88,Error,4.315834357629944
0,89,1.9690089225769043
0,90,2.116168260574341
0,91,Error,3.696745482176913
