idx,CommunicationRound,TimeCost
4,0,Error,39.31146010374067
4,1,6.0549094676971436
4,2,6.074956178665161
4,3,6.195199012756348
4,4,Error,6.318073608574964
4,5,Error,4.853995099787719
4,6,5.9729835987091064
4,7,6.250291585922241
4,8,6.0635693073272705
4,9,Error,8.636334347091433
4,10,Error,10.440346244266507
4,11,Error,17.20250981686852
4,12,Error,16.06440038685071
