idx,CommunicationRound,TimeCost
5,0,Error,31.998371191881844
5,1,Error,26.92678297556559
5,2,Error,0.41610694336669396
5,3,Error,5.8054863436914745
5,4,Error,32.85747840798987
5,5,Error,37.46077407621444
5,6,Error,1.1417185366011486
5,7,Error,12.300071244595777
5,8,Error,10.632194303994734
5,9,Error,17.655310364633024
5,10,13.823310613632202
5,11,Error,40.12148402103749
5,12,13.795448303222656
