idx,CommunicationRound,TimeCost
6,0,16.231014490127563
6,1,Error,10.938514963778857
6,2,Error,1.5484997435928272
6,3,Error,10.015448556052887
6,4,Error,4.341583587888566
6,5,4.682134389877319
6,6,4.613061428070068
6,7,4.592080116271973
6,8,Error,9.993538477831402
6,9,4.74380350112915
6,10,Error,12.204764692792331
6,11,Error,1.168436622576369
6,12,Error,14.162834800688783
