idx,CommunicationRound,TimeCost
7,0,Error,17.598839653744548
7,1,Error,8.736173579787932
7,2,Error,4.762586461899356
7,3,Error,5.784440923939429
7,4,6.0552818775177
7,5,5.972590208053589
7,6,Error,13.282222213804912
7,7,Error,12.231605599077774
7,8,6.207561254501343
7,9,Error,0.12018766419380063
7,10,Error,13.239616791830844
7,11,Error,9.342320527773284
7,12,Error,5.489195734808301
