idx,CommunicationRound,TimeCost
9,0,Error,48.197114729294995
9,1,Error,17.245202040483438
9,2,8.933106422424316
9,3,Error,11.155274309779529
9,4,Error,8.579346486619686
9,5,Error,5.614374812252606
9,6,8.856559991836548
9,7,Error,16.823898313053185
9,8,Error,2.197895946847311
9,9,Error,2.5422892106202384
9,10,Error,7.524861609603806
9,11,Error,3.186104840551676
9,12,8.806889057159424
