idx,CommunicationRound,TimeCost
2,0,28.272544384002686
2,1,15.982657432556152
2,2,Error,6.874148887912681
2,3,16.30045771598816
2,4,Error,10.020608889984977
2,5,Error,41.18107981720461
2,6,Error,12.489094027032436
2,7,15.895693302154541
2,8,16.60937476158142
2,9,17.447710752487183
2,10,15.751967191696167
2,11,16.518696784973145
2,12,16.378859996795654
2,13,Error,18.419392791534772
2,14,Error,5.592360483409089
2,15,15.898048877716064
2,16,17.573238611221313
2,17,15.849944353103638
2,18,14.55143928527832
2,19,Error,10.100247816386895
2,20,Error,20.78209626200231
2,21,Error,6.014540173079741
2,22,Error,11.043998862667289
2,23,Error,3.2890872048014237
2,24,15.792947769165039
2,25,16.50538158416748
2,26,Error,6.59437174161471
2,27,14.047014713287354
