idx,CommunicationRound,TimeCost
4,0,Error,38.91886914542257
4,1,4.306095600128174
4,2,4.331387996673584
4,3,4.5758256912231445
4,4,Error,5.601538301928208
4,5,Error,3.119324766217796
4,6,5.470793008804321
4,7,4.151712417602539
4,8,3.955127239227295
4,9,Error,6.307549042144417
4,10,Error,8.02778340966114
4,11,Error,13.313748500833418
4,12,Error,16.185150534730415
4,13,Error,10.94346540534422
4,14,Error,3.0022030231627026
4,15,6.060958385467529
4,16,Error,5.979625011181359
4,17,Error,1.5449185773951375
4,18,Error,11.560542958549208
4,19,Error,7.096629618810242
4,20,3.862713098526001
4,21,Error,5.532292134532386
4,22,Error,17.24667322902148
4,23,Error,1.0209512702296877
4,24,3.9021027088165283
4,25,Error,8.952642889842608
4,26,4.22018575668335
4,27,5.627365827560425
4,28,Error,10.694724553782427
4,29,Error,8.239540736876833
4,30,4.544328689575195
4,31,Error,14.224151559206728
4,32,Error,15.196782296959974
4,33,5.228571653366089
4,34,Error,0.10936344997431109
4,35,4.237151145935059
4,36,Error,7.1785012941611495
4,37,Error,4.699069907901738
4,38,4.264992952346802
4,39,3.8395049571990967
4,40,4.958981513977051
4,41,Error,7.7677638962839595
4,42,Error,11.775658596513347
4,43,4.4568259716033936
4,44,Error,3.604166039549342
4,45,5.61644983291626
4,46,Error,3.024119602923949
4,47,4.510693550109863
4,48,5.131657361984253
4,49,Error,9.911956387276367
4,50,Error,4.654461070872611
4,51,Error,7.097759801724392
4,52,Error,13.461141035399645
4,53,5.484734773635864
4,54,3.8447604179382324
4,55,3.9008970260620117
4,56,Error,9.912059542345492
4,57,Error,7.6673472852147375
