idx,CommunicationRound,TimeCost
5,0,Error,43.32389478755435
5,1,Error,23.76361518617139
5,2,13.335464715957642
5,3,Error,9.241635622005703
5,4,7.532833099365234
5,5,18.355386972427368
5,6,Error,38.36267476649917
5,7,9.625691652297974
5,8,Error,17.76238791110065
5,9,Error,11.33277971905528
5,10,19.05662202835083
5,11,Error,42.666828804912754
5,12,Error,1.891987072153862
5,13,9.442563533782959
5,14,Error,4.390866000025353
5,15,Error,20.70662137542592
5,16,13.395352602005005
5,17,Error,17.651475769846964
5,18,10.836245059967041
5,19,14.283008813858032
5,20,16.03095531463623
5,21,Error,6.1594011369625195
5,22,Error,18.47246418199281
5,23,17.62486696243286
