idx,CommunicationRound,TimeCost
8,0,16.31693720817566
8,1,Error,4.310017298401363
8,2,Error,1.308947361002289
8,3,Error,2.744011773129379
8,4,Error,2.762869258896256
8,5,Error,1.6879655789318648
8,6,Error,4.493915134624518
8,7,2.8212268352508545
8,8,Error,0.9060205196414814
8,9,3.456571578979492
8,10,3.4000608921051025
8,11,3.6104629039764404
8,12,3.7649500370025635
8,13,Error,7.2597899266479615
8,14,2.902712106704712
8,15,Error,8.245002375618945
8,16,3.5387415885925293
8,17,Error,4.8328715558354265
8,18,Error,5.175774919889725
8,19,3.7474191188812256
8,20,3.84714937210083
8,21,Error,3.721619810839108
8,22,2.7765042781829834
8,23,Error,2.383711660921326
8,24,4.876546859741211
8,25,Error,8.152733306394133
8,26,Error,7.695324198556503
8,27,Error,0.7300770652906053
8,28,3.7006471157073975
8,29,Error,3.976982139203231
8,30,Error,4.165319182499521
8,31,Error,5.905318368531389
8,32,3.5624446868896484
8,33,3.3508331775665283
8,34,Error,4.354909182397029
8,35,3.8290562629699707
8,36,Error,5.836761709175643
8,37,Error,4.553681350808458
8,38,4.336636543273926
8,39,Error,2.594531660024378
8,40,4.705266237258911
8,41,Error,6.583595084088613
8,42,3.4733917713165283
8,43,2.938408613204956
8,44,3.0823967456817627
8,45,Error,4.65409502001604
8,46,Error,12.86134938139095
8,47,Error,12.798189701082169
8,48,3.020031452178955
8,49,Error,4.677093057792216
8,50,Error,3.8356494792589486
8,51,3.6880087852478027
8,52,3.7707176208496094
8,53,Error,0.5446104356874899
8,54,Error,3.1154547368092307
8,55,Error,2.590553239822593
8,56,4.987830400466919
8,57,4.0633111000061035
8,58,3.7589290142059326
8,59,3.1707653999328613
8,60,3.275378942489624
8,61,Error,8.977998665468892
8,62,Error,8.056491743470408
8,63,Error,2.010184378051123
8,64,Error,3.8006115152612154
8,65,Error,5.73394823146112
8,66,Error,12.128396578044068
8,67,Error,3.4476220569783287
8,68,Error,4.095652693308869
8,69,Error,8.625787179694797
8,70,Error,0.8689954733790067
8,71,Error,7.309441528338839
8,72,Error,7.731082151442276
8,73,Error,3.2196074038366134
8,74,3.5303642749786377
8,75,Error,4.958940584907659
8,76,Error,6.510514403378151
8,77,4.566992998123169
8,78,Error,6.072797970856954
8,79,3.147444486618042
8,80,4.519205093383789
8,81,Error,8.452740461064108
8,82,3.5036280155181885
8,83,Error,0.8099275439277909
8,84,Error,6.664961775686333
8,85,3.6362709999084473
8,86,Error,2.0306523469995574
8,87,3.2708444595336914
