idx,CommunicationRound,TimeCost
2,0,Error,54.883499882080045
2,1,Error,10.37159286298755
2,2,Error,32.2684316772344
2,3,Error,10.513364252830028
2,4,Error,39.91860905744701
2,5,Error,12.631283537948022
2,6,Error,40.01534451246188
2,7,Error,34.64009119504077
2,8,Error,11.664348373778965
2,9,Error,39.226039448354406
2,10,Error,17.886664447375075
2,11,Error,5.9144858559676665
2,12,Error,45.56467290637552
