idx,CommunicationRound,TimeCost
9,0,6.899448871612549
9,1,0.28032779693603516
9,2,0.2692272663116455
9,3,0.27989864349365234
9,4,Error,0.33762961075938724
9,5,Error,0.26345401243819305
9,6,0.34916210174560547
9,7,Error,0.7339399764355518
9,8,0.2668318748474121
9,9,0.27811384201049805
9,10,Error,0.4760778527703255
9,11,Error,0.15101127280394985
9,12,Error,0.5632553542515464
9,13,Error,0.01865910002517193
9,14,0.27495551109313965
9,15,Error,0.010271805939974893
9,16,Error,0.11354986405529176
9,17,0.26926302909851074
9,18,Error,0.5325761814080109
9,19,0.2712855339050293
9,20,0.26890087127685547
9,21,0.2813124656677246
9,22,0.275958776473999
9,23,Error,0.4852475005120318
9,24,0.27281713485717773
9,25,0.2754495143890381
9,26,0.2637183666229248
9,27,0.270735502243042
9,28,0.2697415351867676
9,29,0.2766401767730713
9,30,Error,0.5511424940387867
9,31,0.26629042625427246
9,32,Error,0.6045514157323001
9,33,Error,0.07018767502907698
9,34,Error,0.036351786520809004
9,35,Error,0.403570919653331
9,36,Error,0.525659907533791
9,37,Error,0.25493791014436323
9,38,Error,0.30987835222842913
9,39,Error,0.18100875628573262
9,40,0.27095890045166016
9,41,0.27988266944885254
9,42,Error,0.15428717926514268
9,43,0.2772328853607178
9,44,0.27573370933532715
9,45,Error,0.247006819127102
9,46,Error,0.22995152949243358
9,47,Error,0.8153082584484758
9,48,0.2783846855163574
9,49,Error,0.476001574481319
9,50,0.2702298164367676
