idx,CommunicationRound,TimeCost
2,0,Error,57.28331137133073
2,1,Error,10.238676718502433
2,2,Error,31.66652869731914
2,3,Error,9.268194726748842
2,4,Error,46.86582272522593
2,5,Error,12.368233169642163
2,6,15.171935319900513
2,7,23.460092306137085
2,8,19.815974950790405
2,9,26.362993955612183
2,10,10.902162551879883
2,11,17.637442350387573
2,12,Error,21.747847334137287
2,13,Error,6.639349137558749
2,14,23.070923328399658
2,15,Error,31.700938113557797
2,16,Error,41.447581708846535
