idx,CommunicationRound,TimeCost
4,0,Error,39.48433874290189
4,1,4.3529064655303955
4,2,5.54552698135376
4,3,7.254368782043457
4,4,Error,7.32368216976037
4,5,Error,6.3379965640682
4,6,5.360101938247681
4,7,5.800534963607788
4,8,7.767340421676636
4,9,Error,15.570820826278455
4,10,Error,12.188069279549346
4,11,Error,24.04798028576107
4,12,Error,27.481371928359433
4,13,Error,28.91724627259725
4,14,Error,5.863095098791734
4,15,Error,18.74255088234049
4,16,Error,29.687402779294935
4,17,Error,1.5608195544408803
4,18,7.6804022789001465
4,19,Error,11.677086759523092
4,20,10.318553924560547
4,21,Error,11.406871653952615
4,22,Error,24.772136814082096
4,23,Error,3.2918323509784844
4,24,9.967847108840942
4,25,Error,17.96259601153424
4,26,14.674509763717651
4,27,15.55815052986145
