idx,CommunicationRound,TimeCost
0,0,18.90756893157959
0,1,Error,9.278614810029957
0,2,Error,8.804380819870905
0,3,5.4216697216033936
0,4,Error,2.187608974476395
0,5,9.892641067504883
0,6,10.430175304412842
0,7,6.597103118896484
0,8,Error,0.37638059865262474
0,9,Error,5.627871433853543
0,10,Error,11.19761713253629
0,11,7.179561376571655
0,12,10.589615106582642
0,13,9.596786499023438
0,14,Error,24.343080643707047
0,15,9.245328426361084
0,16,Error,7.01283003659939
0,17,Error,20.075792269298464
0,18,10.038258075714111
0,19,8.825491905212402
0,20,Error,7.391495008195054
0,21,Error,29.86044129414296
0,22,Error,18.74264392835879
0,23,Error,3.102071956272736
0,24,15.099528312683105
0,25,Error,7.231167123272357
0,26,Error,30.222080012910165
0,27,16.33979296684265
0,28,Error,40.11576424553998
0,29,15.436557531356812
0,30,Error,12.650102190388608
0,31,10.98028016090393
