idx,CommunicationRound,TimeCost
3,0,25.47989249229431
3,1,11.726805448532104
3,2,Error,28.541008371647422
3,3,Error,29.473065023196124
3,4,13.595342874526978
3,5,Error,39.54256029391075
3,6,Error,46.9265996053635
3,7,Error,24.353900152524222
3,8,Error,36.5007442157235
3,9,Error,4.190348952331229
3,10,19.294671535491943
3,11,22.161708116531372
3,12,18.89629364013672
3,13,21.17820167541504
3,14,27.370439291000366
3,15,Error,8.0999930808023
3,16,25.718034982681274
3,17,Error,17.631102393734192
3,18,28.779985189437866
