idx,CommunicationRound,TimeCost
6,0,15.982898235321045
6,1,Error,13.780875508303634
6,2,5.788403034210205
6,3,Error,7.438979296075769
6,4,Error,8.65142085344666
6,5,6.932271718978882
6,6,Error,19.291203928784427
6,7,6.204013824462891
6,8,Error,12.823445280072047
6,9,5.803647518157959
6,10,8.351420164108276
6,11,9.532774209976196
6,12,Error,30.517091744616202
6,13,8.99462890625
6,14,10.418737173080444
6,15,6.897606134414673
6,16,Error,1.2546103254804555
6,17,Error,23.542344341499007
6,18,8.246870756149292
6,19,Error,16.29303708259437
6,20,6.617297410964966
6,21,Error,20.10367174388185
6,22,7.256268262863159
6,23,8.304967641830444
6,24,9.109930753707886
6,25,Error,13.469721303678448
6,26,10.543883085250854
6,27,Error,33.00403759147703
6,28,Error,11.736889799306095
6,29,14.886915683746338
6,30,Error,45.8838312978776
6,31,Error,18.83393708409687
