idx,CommunicationRound,TimeCost
2,0,Error,54.958512003236706
2,1,Error,10.337962604807297
2,2,Error,32.112376864685196
2,3,Error,10.758405109086086
2,4,Error,40.66478828382951
2,5,Error,12.183212141169012
2,6,Error,39.99229235219494
2,7,Error,34.59085921379504
2,8,Error,11.785423682122522
2,9,Error,38.66601624026407
2,10,Error,17.568803464261126
2,11,Error,5.850222622498594
2,12,Error,43.83140625982305
