idx,CommunicationRound,TimeCost
5,0,Error,32.23486461135343
5,1,Error,26.992710618388475
5,2,13.586962699890137
5,3,Error,13.589485986260787
5,4,13.668344974517822
5,5,13.605587482452393
5,6,Error,36.706796061153106
5,7,13.695514678955078
5,8,Error,25.493579020017965
5,9,Error,12.586902981643556
5,10,13.746634006500244
5,11,Error,26.66594732363727
5,12,Error,1.8252480265607325
5,13,13.710618734359741
5,14,13.70570707321167
