idx,CommunicationRound,TimeCost
7,0,17.52706217765808
7,1,Error,8.689676771199082
7,2,Error,8.306930951394568
7,3,Error,12.344415389266846
7,4,5.941124439239502
7,5,6.057827949523926
7,6,Error,4.322880193864778
7,7,6.017023801803589
7,8,5.928877830505371
7,9,6.080668687820435
7,10,Error,0.11937417367215525
7,11,Error,13.4434845468511
7,12,6.008851528167725
7,13,6.013908863067627
7,14,Error,2.080778420838443
7,15,6.003061771392822
