idx,CommunicationRound,TimeCost
8,0,16.727569103240967
8,1,5.19557523727417
8,2,5.1331140995025635
8,3,Error,3.9977778732477365
8,4,Error,4.03653665707765
8,5,Error,4.827756216359668
8,6,Error,1.1123768939025591
8,7,5.235053300857544
8,8,5.122264385223389
8,9,Error,1.5569641920345063
8,10,5.217909812927246
8,11,5.198498964309692
8,12,5.103391408920288
8,13,5.141191482543945
8,14,Error,8.326695740157543
8,15,5.397817134857178
