idx,CommunicationRound,TimeCost
0,0,18.005568027496338
0,1,6.868713855743408
0,2,6.705170154571533
0,3,6.6747283935546875
0,4,6.654949188232422
0,5,6.558039665222168
0,6,6.667877674102783
0,7,Error,19.916184168378187
0,8,6.590104103088379
0,9,6.818720817565918
0,10,6.702448844909668
0,11,6.520852565765381
0,12,Error,9.083412966166918
0,13,6.6215925216674805
0,14,6.866754055023193
0,15,6.806807041168213
0,16,6.787900686264038
0,17,6.808005332946777
