idx,CommunicationRound,TimeCost
2,0,26.375082969665527
2,1,14.705544233322144
2,2,14.60365915298462
2,3,14.44260287284851
2,4,15.033557176589966
2,5,14.90046739578247
2,6,14.682252168655396
2,7,14.499472856521606
2,8,15.144685745239258
2,9,14.393627643585205
2,10,15.134947061538696
2,11,14.774007558822632
2,12,15.049467325210571
2,13,14.933058023452759
2,14,14.792731523513794
2,15,14.245275497436523
2,16,14.849992990493774
2,17,14.67203164100647
