idx,CommunicationRound,TimeCost
5,0,40.1374294757843
5,1,27.835735321044922
5,2,28.46177077293396
5,3,28.46126651763916
5,4,28.672149419784546
5,5,28.257449865341187
5,6,28.568882942199707
5,7,28.59865117073059
5,8,28.39472460746765
5,9,28.464739322662354
5,10,28.372267961502075
5,11,27.96304726600647
5,12,28.14703106880188
5,13,28.414687395095825
5,14,28.58343267440796
5,15,28.56034517288208
5,16,Error,82.55759733610799
5,17,28.92409920692444
