idx,CommunicationRound,TimeCost
7,0,17.343838691711426
7,1,5.9301838874816895
7,2,5.969363451004028
7,3,5.975356817245483
7,4,5.955292224884033
7,5,6.0156166553497314
7,6,6.065270900726318
7,7,6.042693853378296
7,8,5.928615570068359
7,9,6.074940919876099
7,10,5.892849445343018
7,11,6.297911882400513
7,12,5.959679365158081
7,13,5.891971588134766
7,14,5.912801504135132
7,15,6.092095375061035
7,16,5.972049236297607
7,17,5.956942558288574
