idx,CommunicationRound,TimeCost
9,0,28.650485515594482
9,1,16.81655263900757
9,2,16.807767391204834
9,3,16.873846292495728
9,4,16.76571750640869
9,5,16.718878507614136
9,6,16.82046890258789
9,7,16.795649528503418
9,8,16.712558031082153
9,9,16.995903730392456
9,10,16.867682933807373
9,11,16.799501419067383
9,12,16.771222829818726
9,13,Error,9.525883827053379
9,14,16.887102127075195
9,15,16.815361976623535
9,16,Error,35.635771614112386
9,17,16.81520652770996
