idx,CommunicationRound,TimeCost
4,0,Error,18.094082717860196
4,1,1.6873385906219482
4,2,1.7310478687286377
4,3,1.8028149604797363
4,4,Error,1.8485192006706836
4,5,Error,1.3557640967754747
4,6,1.8062446117401123
4,7,1.735778570175171
4,8,1.993971586227417
4,9,Error,2.3827054851517535
4,10,Error,3.013955771753559
4,11,Error,5.213438554227875
4,12,Error,4.865438913296202
4,13,Error,5.869661039350718
4,14,Error,0.9171757251590158
4,15,2.065584659576416
4,16,Error,2.8916596185552943
4,17,Error,0.6300877518260889
4,18,Error,5.114261060420871
4,19,Error,2.9632620149873516
4,20,1.8331389427185059
4,21,Error,1.8539352337475956
4,22,Error,5.152214862163161
4,23,Error,0.39690462812720634
4,24,1.8121132850646973
4,25,Error,2.6319143730690695
4,26,1.987433910369873
4,27,1.7224218845367432
4,28,Error,5.781114902879649
4,29,Error,2.930745637725809
4,30,1.7252826690673828
4,31,Error,5.226588161439281
4,32,Error,4.570898561464104
4,33,1.9951860904693604
4,34,Error,0.049223516315873746
4,35,1.7778267860412598
4,36,Error,3.2435770467107825
4,37,Error,1.7454714158125835
4,38,1.9636528491973877
4,39,1.9129605293273926
4,40,1.7945566177368164
4,41,Error,2.8133479808742794
4,42,Error,6.055616655311369
4,43,1.7860777378082275
4,44,Error,1.6039806941690835
4,45,2.0451297760009766
4,46,Error,1.027369269421266
4,47,1.9585564136505127
4,48,1.8050422668457031
4,49,Error,4.724553416189589
4,50,Error,1.8609992569475822
4,51,Error,2.878803186259195
4,52,Error,4.246660772453101
4,53,1.9552092552185059
4,54,1.9922173023223877
4,55,1.961571216583252
4,56,Error,4.604292031924212
4,57,Error,2.970409492343107
4,58,Error,3.1618528215222157
4,59,Error,4.4946164165737015
4,60,Error,5.246855411431741
4,61,1.72355318069458
4,62,Error,0.7535378477038172
4,63,2.21113920211792
4,64,2.166684627532959
4,65,1.8329858779907227
4,66,1.785332441329956
4,67,2.0292932987213135
4,68,1.8493719100952148
4,69,1.800734281539917
4,70,Error,5.403904828918551
4,71,Error,2.5294639797638383
4,72,Error,2.931027893985526
4,73,Error,2.8915940649132628
4,74,Error,2.482273707518364
4,75,1.9520065784454346
