idx,CommunicationRound,TimeCost
4,0,Error,40.169192479087435
4,1,4.381772041320801
4,2,5.179333925247192
4,3,7.202911138534546
4,4,Error,8.367892882054889
4,5,Error,7.494467874150112
4,6,6.142969131469727
4,7,8.315080642700195
4,8,11.027276039123535
4,9,Error,15.590081664119404
4,10,Error,16.3547953173543
4,11,Error,27.731213726780634
4,12,Error,34.50109944836713
4,13,Error,28.364741535819924
4,14,Error,4.35478755999083
4,15,Error,27.704408817719646
4,16,Error,26.258835193102115
4,17,Error,1.244736048819641
4,18,12.81814169883728
4,19,Error,14.598569420911932
4,20,10.823782444000244
4,21,Error,8.89524194957385
4,22,Error,31.40397522409538
4,23,Error,1.4374846092337252
4,24,7.013354539871216
4,25,Error,19.56256480147382
4,26,12.154341459274292
4,27,13.049643754959106
