idx,CommunicationRound,TimeCost
0,0,18.594918727874756
0,1,Error,10.520692544885092
0,2,Error,10.505508614006287
0,3,6.690308332443237
0,4,Error,1.790232249741647
0,5,6.886823654174805
0,6,6.565257787704468
0,7,6.848936557769775
0,8,Error,0.3066314228106487
0,9,Error,3.8587353345892432
0,10,Error,9.49162280510385
0,11,6.693289756774902
0,12,6.582409858703613
0,13,6.6867053508758545
0,14,Error,20.537034074842722
0,15,6.827934265136719
