idx,CommunicationRound,TimeCost
4,0,Error,39.505388788559635
4,1,6.0939366817474365
4,2,6.047306060791016
4,3,6.133484840393066
4,4,Error,6.348609634947666
4,5,Error,4.904801651195386
4,6,6.045332193374634
4,7,6.203879117965698
4,8,6.112867832183838
4,9,Error,8.404525273037597
4,10,Error,10.527440579077382
4,11,6.172633171081543
4,12,6.1245691776275635
4,13,6.107511758804321
4,14,Error,17.864714793477784
