idx,CommunicationRound,TimeCost
5,0,Error,32.25503464933486
5,1,Error,27.408089956177008
5,2,13.74697208404541
5,3,Error,13.743231531018418
5,4,13.696537017822266
5,5,13.705103874206543
5,6,Error,36.79267200908341
5,7,13.628788709640503
5,8,Error,25.688623619862256
5,9,Error,12.678495185568755
5,10,13.820708513259888
5,11,Error,26.596073153191604
5,12,Error,1.8437112041723904
5,13,13.702332496643066
5,14,13.687766790390015
