idx,CommunicationRound,TimeCost
8,0,16.811142683029175
8,1,5.294593095779419
8,2,5.232197999954224
8,3,Error,3.9799208701992645
8,4,Error,4.1452248843995685
8,5,Error,4.81178135707765
8,6,Error,1.095010755263643
8,7,5.114611864089966
8,8,5.215939283370972
8,9,Error,1.558128903781452
8,10,5.310027599334717
8,11,5.1470396518707275
8,12,4.991214275360107
8,13,5.2031707763671875
8,14,Error,8.731688334497305
8,15,5.239831209182739
