idx,CommunicationRound,TimeCost
3,0,10.055095434188843
3,1,3.7539119720458984
3,2,Error,8.412139552267902
3,3,Error,8.095659921115711
3,4,4.039570093154907
3,5,Error,10.052990561985263
3,6,Error,9.225400697160609
3,7,Error,5.726319596936705
3,8,Error,6.749960601342812
3,9,Error,0.8669355783794406
3,10,3.785045623779297
3,11,3.9878499507904053
3,12,3.952678918838501
3,13,4.210331201553345
3,14,4.385630130767822
3,15,Error,1.240738020754929
3,16,4.44400429725647
3,17,4.203139066696167
3,18,4.6641151905059814
3,19,Error,11.62195288439168
3,20,Error,0.40343187602188524
3,21,Error,7.35606492455281
3,22,4.711758852005005
3,23,4.780263900756836
3,24,4.927551746368408
3,25,5.298373460769653
3,26,5.054255247116089
3,27,5.227494478225708
3,28,Error,2.371079362334336
3,29,5.441186428070068
3,30,4.907278537750244
3,31,5.505389451980591
3,32,5.478410005569458
3,33,Error,5.137768126057951
3,34,5.48220419883728
3,35,Error,6.8309737817405125
3,36,Error,17.80861026042419
3,37,Error,15.84278269098274
