idx,CommunicationRound,TimeCost
0,0,Error,50.48051838962364
0,1,Error,12.021185622202625
0,2,Error,12.878098744308625
0,3,Error,6.1665265850902555
0,4,6.577255725860596
0,5,Error,19.92914284269463
0,6,Error,12.66515512530275
0,7,Error,10.587595528678056
0,8,Error,4.873807141158146
0,9,Error,8.839628900027023
0,10,Error,12.99844098083601
0,11,Error,9.345187843524213
0,12,6.727290153503418
