idx,CommunicationRound,TimeCost
3,0,23.77120065689087
3,1,12.25948977470398
3,2,Error,27.239927848738464
3,3,Error,25.311738410631737
3,4,12.053544759750366
3,5,Error,32.24231014653847
3,6,Error,29.530778850349606
3,7,Error,20.468531080372586
3,8,Error,24.064788796804567
3,9,Error,3.042354429839736
3,10,11.882138729095459
3,11,12.254478693008423
