idx,CommunicationRound,TimeCost
6,0,15.973791599273682
6,1,Error,10.852787288988036
6,2,Error,1.5518783531277018
6,3,Error,10.395321226760334
6,4,Error,4.383464954311095
6,5,4.741740703582764
6,6,4.615490436553955
6,7,4.530088424682617
6,8,Error,9.91901554489961
6,9,4.68307900428772
6,10,Error,11.999411589882845
6,11,Error,1.1409313072551295
6,12,Error,13.983571797388663
