idx,CommunicationRound,TimeCost
7,0,Error,17.46256000784883
7,1,Error,8.758513777696225
7,2,Error,4.749058742133364
7,3,Error,5.7790272838308026
7,4,6.01671028137207
7,5,6.074082612991333
7,6,Error,13.278217230998262
7,7,Error,12.192652435136775
7,8,6.148584365844727
7,9,Error,0.11926680247375886
7,10,Error,13.140261399054012
7,11,Error,9.61294965986887
7,12,Error,5.464467683014476
