idx,CommunicationRound,TimeCost
1,0,Error,46.11460397816796
1,1,Error,11.95993712033633
1,2,10.54645037651062
1,3,Error,17.989252731635087
1,4,Error,14.115866237343923
1,5,10.639508485794067
1,6,10.583394050598145
1,7,Error,10.723089032429316
1,8,10.614985942840576
1,9,Error,28.947111771132402
1,10,Error,31.605291808752096
1,11,Error,13.6232191418025
