idx,CommunicationRound,TimeCost
4,0,Error,39.669275609632976
4,1,6.089771032333374
4,2,6.099013566970825
4,3,6.158734083175659
4,4,Error,6.320798105004654
4,5,Error,4.94361603035497
4,6,6.103501558303833
4,7,Error,4.1871453436200055
4,8,Error,4.383139768981785
4,9,Error,1.425333152930606
4,10,Error,10.403155847268886
4,11,Error,7.525037907595403
4,12,6.256713628768921
