idx,CommunicationRound,TimeCost
9,0,Error,49.07768340747234
9,1,Error,17.313482143993564
9,2,9.03339672088623
9,3,Error,11.042483955153637
9,4,Error,8.673944983303107
9,5,Error,5.6763744598981996
9,6,8.847192525863647
9,7,Error,16.756071619238774
9,8,Error,2.195482211292183
9,9,Error,2.5388332143218175
9,10,Error,7.565740317234938
9,11,Error,3.183443635719035
