idx,CommunicationRound,TimeCost
0,0,18.798441886901855
0,1,Error,9.287342290633081
0,2,Error,8.983281386386128
0,3,5.003473281860352
0,4,Error,2.391330451569551
0,5,10.701891422271729
0,6,10.172258377075195
0,7,9.399134874343872
0,8,Error,0.5387565705732407
0,9,Error,4.030236605598601
0,10,Error,16.303074460440566
0,11,8.824223756790161
0,12,9.163312435150146
0,13,13.243710041046143
0,14,Error,30.328725278963844
0,15,13.226886510848999
0,16,Error,1.3365608030771394
0,17,Error,3.22447836274136
0,18,1.879533290863037
0,19,2.7140731811523438
0,20,Error,3.0884156153434783
0,21,Error,13.192219310603111
0,22,Error,10.216013317947732
0,23,Error,1.634975563481508
0,24,4.4186108112335205
0,25,Error,5.298498617404264
0,26,Error,13.811621120304794
0,27,6.697585344314575
0,28,Error,12.353233931455176
0,29,8.383270263671875
0,30,Error,3.911379488184511
0,31,7.286854267120361
0,32,Error,22.796816829327717
0,33,Error,26.418800908338316
0,34,Error,29.48683957495486
0,35,Error,18.81017384658606
0,36,Error,1.335963222532567
0,37,7.0929179191589355
0,38,12.78806447982788
0,39,Error,32.831074438117376
0,40,11.50557541847229
