idx,CommunicationRound,TimeCost
2,0,28.58214044570923
2,1,18.29584765434265
2,2,Error,8.18419583884636
2,3,19.65481424331665
2,4,8.551615476608276
2,5,Error,17.655936248640028
2,6,13.819324016571045
2,7,Error,5.799546048519956
2,8,10.166359186172485
2,9,13.264488458633423
2,10,5.838279724121094
2,11,Error,20.484073002878866
2,12,7.840685844421387
2,13,Error,13.89325016208682
2,14,Error,5.247679354956734
2,15,12.566694736480713
2,16,17.041232347488403
2,17,19.32811188697815
2,18,26.05727982521057
2,19,Error,18.04756399589016
2,20,Error,31.765965918457894
2,21,Error,9.994022291157618
2,22,Error,19.01027582521873
2,23,Error,5.159704291048669
2,24,24.49506711959839
2,25,24.780866384506226
