idx,CommunicationRound,TimeCost
4,0,Error,39.55894435399316
4,1,5.749722242355347
4,2,6.711824893951416
4,3,8.916773796081543
4,4,Error,9.502173990606382
4,5,Error,8.004758590273315
4,6,8.55492639541626
4,7,8.76801323890686
4,8,8.599489688873291
4,9,Error,13.215488251906821
4,10,Error,19.754640538433996
4,11,8.762608289718628
4,12,10.588624715805054
4,13,6.912409543991089
4,14,Error,20.28924693526943
4,15,Error,3.1358920216555233
4,16,5.88074254989624
4,17,Error,11.3118444329556
4,18,Error,2.9713257232800823
4,19,Error,21.680517878025917
4,20,Error,11.791682019663222
4,21,7.973836421966553
4,22,Error,8.24460803751797
4,23,Error,19.420489998557926
4,24,Error,1.7251878351230188
4,25,6.309651136398315
4,26,Error,16.301851189078366
4,27,7.799628734588623
4,28,12.128655672073364
4,29,Error,32.13224790699786
4,30,Error,16.463045654700554
4,31,16.017950773239136
4,32,Error,33.9080543550131
