idx,CommunicationRound,TimeCost
5,0,Error,44.51036320674626
5,1,Error,42.529880328791634
5,2,15.185200452804565
5,3,Error,14.484605400110826
5,4,9.596280574798584
5,5,15.660882949829102
5,6,Error,21.3514865879352
5,7,6.673881530761719
5,8,Error,20.382852836759255
5,9,Error,11.938180431493707
5,10,4.471949338912964
5,11,Error,20.954050203416415
5,12,Error,2.362663541456589
5,13,15.331993341445923
5,14,11.331711530685425
5,15,Error,3.8943595203290697
5,16,Error,8.828850864411768
5,17,Error,22.929245658546844
5,18,14.336043119430542
5,19,14.243143796920776
5,20,18.02181887626648
5,21,Error,10.479771066035543
5,22,Error,25.824621502907675
5,23,26.847902059555054
