idx,CommunicationRound,TimeCost
2,0,Error,57.364369203179095
2,1,Error,11.269512494491053
2,2,Error,40.14654339963682
2,3,Error,9.685359300993584
2,4,Error,37.702054972729016
2,5,Error,13.04859701420511
2,6,16.387287616729736
2,7,15.205283641815186
2,8,Error,50.39278006719599
2,9,Error,43.126541607502475
2,10,Error,25.661310429460933
2,11,Error,19.36193644182409
2,12,Error,37.892515121349135
2,13,16.59842324256897
