idx,CommunicationRound,TimeCost
4,0,Error,18.435184317992295
4,1,2.0188372135162354
4,2,2.331463098526001
4,3,2.187682628631592
4,4,2.1849887371063232
4,5,2.183612585067749
4,6,2.1130471229553223
4,7,2.0328660011291504
4,8,2.027076005935669
4,9,2.254589796066284
4,10,2.3085577487945557
4,11,2.1403415203094482
4,12,2.163331985473633
4,13,2.1916098594665527
4,14,2.1060705184936523
4,15,2.314347982406616
4,16,2.229565382003784
4,17,Error,0.7586314463031664
4,18,1.9586691856384277
4,19,2.259950876235962
4,20,2.2001328468322754
4,21,Error,0.7653827020316628
4,22,1.9685547351837158
4,23,2.1672346591949463
4,24,2.318769931793213
4,25,2.149024486541748
4,26,2.241201162338257
4,27,2.2261404991149902
4,28,2.2042453289031982
4,29,2.1394331455230713
4,30,2.228397846221924
4,31,2.1177923679351807
4,32,1.9587666988372803
4,33,1.939260482788086
4,34,2.1253161430358887
4,35,Error,5.363297936305066
4,36,Error,3.0790839366842073
4,37,2.230607748031616
4,38,Error,5.984340093148663
4,39,2.2298331260681152
4,40,2.248396396636963
4,41,2.1633684635162354
4,42,Error,2.182173662113643
4,43,1.9578783512115479
4,44,2.145686626434326
4,45,2.337953567504883
4,46,2.1774721145629883
4,47,2.2754721641540527
4,48,Error,3.9506500960614654
4,49,2.063859701156616
4,50,Error,1.4247586063804538
4,51,2.074225902557373
4,52,1.8264789581298828
4,53,1.9166080951690674
4,54,1.9887313842773438
4,55,Error,1.2003571685914096
4,56,2.1599576473236084
4,57,1.9775755405426025
4,58,2.1850426197052
4,59,Error,0.6548228808190381
4,60,2.0798234939575195
4,61,1.9466161727905273
4,62,2.0826303958892822
4,63,Error,5.348660865316132
4,64,2.173434257507324
4,65,2.2812039852142334
4,66,2.1026618480682373
4,67,2.16648268699646
4,68,2.331254243850708
4,69,Error,3.6161499319164907
4,70,Error,4.612849155571314
4,71,2.0944221019744873
4,72,2.1518473625183105
4,73,2.3779783248901367
4,74,Error,1.8244861489050752
4,75,Error,6.411165192349197
4,76,2.3626444339752197
4,77,2.2554917335510254
4,78,2.1882822513580322
4,79,2.214759588241577
4,80,2.1522932052612305
4,81,Error,5.497210383760109
4,82,2.1533162593841553
4,83,2.240436315536499
4,84,2.2010276317596436
4,85,2.2789201736450195
4,86,2.166414260864258
4,87,2.113527297973633
4,88,2.061589241027832
4,89,1.945873737335205
4,90,Error,2.1947000345801264
4,91,Error,4.313924689357782
4,92,1.9894096851348877
4,93,Error,2.857413991505338
4,94,2.158062219619751
4,95,2.1971981525421143
4,96,2.2531557083129883
