idx,CommunicationRound,TimeCost
0,0,8.880881071090698
0,1,1.5397005081176758
0,2,1.7899501323699951
0,3,1.7724759578704834
0,4,1.7117962837219238
0,5,2.0699985027313232
0,6,1.9590027332305908
0,7,Error,5.620992535653875
0,8,2.064624786376953
0,9,Error,0.09449032552030089
0,10,Error,1.0926735265190253
0,11,Error,2.6268889200298835
0,12,2.3165624141693115
0,13,2.1022543907165527
0,14,2.464824676513672
0,15,Error,6.473311879184617
0,16,2.114476203918457
0,17,2.199803113937378
0,18,Error,0.4359129246842036
0,19,2.1916215419769287
0,20,2.3458499908447266
0,21,2.143440008163452
0,22,Error,6.4107569638295825
0,23,2.4095141887664795
0,24,Error,4.036604825363602
0,25,Error,0.5723698540505257
0,26,1.8843731880187988
0,27,Error,1.5969534822742832
0,28,Error,5.673002850075906
0,29,2.354187488555908
0,30,Error,4.356551013116782
0,31,2.077364683151245
0,32,2.159985303878784
0,33,Error,6.799500462529861
0,34,1.8868989944458008
0,35,Error,2.483356216106716
0,36,2.1894352436065674
0,37,2.3940165042877197
0,38,Error,4.7308067666359515
0,39,Error,0.4935931198296289
0,40,2.27215313911438
0,41,2.028726100921631
0,42,2.1969354152679443
0,43,1.883244514465332
0,44,1.9035522937774658
0,45,Error,5.031920649359651
0,46,Error,1.2630021511816099
0,47,1.9982869625091553
0,48,2.099287509918213
0,49,2.097252368927002
0,50,Error,0.2295158866078638
0,51,Error,4.558083515230532
0,52,2.362992286682129
0,53,Error,1.077672362674463
0,54,Error,1.5464800739312274
0,55,1.9068515300750732
0,56,Error,5.704564152245636
0,57,Error,2.006621535369636
0,58,Error,1.2300286799603783
0,59,1.8485755920410156
0,60,2.204387664794922
0,61,2.036078453063965
0,62,1.832660436630249
0,63,Error,0.2310644172994751
0,64,2.003488302230835
0,65,2.1149842739105225
0,66,2.2633471488952637
0,67,2.3087351322174072
0,68,2.113434314727783
0,69,2.347102403640747
0,70,1.8144915103912354
0,71,1.8419995307922363
0,72,2.1809475421905518
0,73,2.249176025390625
0,74,1.9963972568511963
0,75,2.3021562099456787
0,76,2.4678962230682373
0,77,2.0876216888427734
0,78,1.939314365386963
0,79,1.7720592021942139
0,80,1.9632446765899658
0,81,2.209474802017212
0,82,2.219804286956787
0,83,2.2662229537963867
0,84,1.8229985237121582
0,85,2.224271059036255
0,86,Error,4.689035937068764
0,87,1.9158306121826172
0,88,Error,0.07272376324693565
0,89,2.0808145999908447
0,90,Error,6.509984561183201
0,91,2.4344375133514404
0,92,1.6387028694152832
0,93,Error,2.7710876610979764
0,94,2.126312494277954
0,95,2.2073655128479004
0,96,1.836780309677124
