idx,CommunicationRound,TimeCost
4,0,Error,18.19257473757727
4,1,2.0209505558013916
4,2,2.1470515727996826
4,3,2.058215618133545
4,4,Error,2.1314726757079057
4,5,Error,1.487868588581921
4,6,2.1341888904571533
4,7,2.10792875289917
4,8,2.163020610809326
4,9,Error,2.811098006493166
4,10,Error,3.158271675035366
4,11,2.1020236015319824
4,12,2.1561574935913086
4,13,2.0302560329437256
4,14,2.1497557163238525
4,15,Error,0.9378451472576506
4,16,2.126037120819092
4,17,1.8050436973571777
4,18,1.9281854629516602
4,19,Error,0.6680085502961622
4,20,2.1419804096221924
4,21,1.9356660842895508
4,22,1.9654369354248047
4,23,2.0621824264526367
4,24,Error,1.9237886163468256
4,25,1.9925651550292969
4,26,1.9406139850616455
4,27,Error,5.408710311543645
4,28,1.9172046184539795
4,29,2.2538444995880127
4,30,1.972121000289917
4,31,1.8187401294708252
4,32,Error,5.147792807422432
4,33,Error,3.415850797384258
4,34,2.0159096717834473
4,35,Error,5.122363806978685
4,36,2.088705539703369
4,37,2.3497140407562256
4,38,Error,0.5328011753699987
4,39,1.9603002071380615
4,40,1.7915637493133545
4,41,2.1312267780303955
4,42,1.9544072151184082
4,43,2.0830042362213135
4,44,2.1219701766967773
4,45,Error,4.697991916078885
4,46,1.8734614849090576
4,47,Error,1.5163154096056908
4,48,2.1525115966796875
4,49,1.9974331855773926
4,50,2.0330588817596436
4,51,2.0829854011535645
4,52,Error,1.152800210511531
4,53,2.199002981185913
4,54,1.771226406097412
4,55,1.9355299472808838
4,56,Error,0.5939015811138274
4,57,2.1379635334014893
4,58,1.9458374977111816
4,59,2.261277914047241
4,60,Error,4.4971311987798925
4,61,1.740401029586792
4,62,2.036933422088623
4,63,2.1883676052093506
4,64,2.1096763610839844
4,65,1.9043052196502686
4,66,Error,3.3941526117526584
4,67,Error,4.629678237409211
4,68,2.042863130569458
4,69,2.1361629962921143
4,70,2.2040107250213623
4,71,Error,1.7997680933237201
4,72,Error,6.237368188290887
4,73,2.2217600345611572
4,74,2.2125473022460938
4,75,2.032219409942627
4,76,2.11035418510437
4,77,2.0915603637695312
4,78,Error,5.53565828455958
4,79,2.2137839794158936
4,80,2.028005361557007
4,81,2.183647871017456
4,82,2.038496971130371
4,83,2.2397027015686035
4,84,2.0984745025634766
4,85,1.772794485092163
4,86,Error,5.679316482045525
4,87,2.2298879623413086
4,88,Error,4.084566824475987
4,89,2.055915594100952
4,90,Error,2.9635503327440653
4,91,2.047327995300293
4,92,1.8409507274627686
4,93,2.338909149169922
