idx,CommunicationRound,TimeCost
0,0,Error,24.24352239853642
0,1,Error,2.952114517908743
0,2,Error,3.03500326239179
0,3,Error,1.7605355244463488
0,4,1.5316295623779297
0,5,Error,5.539995552279999
0,6,1.65639328956604
0,7,Error,0.07315034104846345
0,8,Error,0.8813337231725326
0,9,Error,2.6221417345119096
0,10,1.5599453449249268
0,11,2.1538093090057373
0,12,1.7182879447937012
0,13,Error,4.966669776852156
0,14,1.8908305168151855
0,15,Error,1.410439034310332
0,16,Error,3.6934470885468675
0,17,1.7924144268035889
0,18,1.631030559539795
0,19,Error,1.1099022211692595
0,20,Error,5.505510633186252
0,21,Error,3.416387702551271
0,22,Error,0.44046529000840845
0,23,1.7211637496948242
0,24,Error,1.4710939643742693
0,25,Error,4.195278148062533
0,26,Error,2.5556423156420878
0,27,1.9146623611450195
0,28,1.738189458847046
0,29,Error,1.17365533556341
0,30,1.9713482856750488
0,31,Error,4.3093794948186925
0,32,Error,5.03486804059648
0,33,Error,5.529383839236613
0,34,Error,4.777532313822213
0,35,Error,0.3479943842094825
0,36,Error,1.3963827853702426
0,37,Error,2.4269810588855405
0,38,Error,3.633652324775038
0,39,Error,0.8123919083698227
0,40,1.9876532554626465
0,41,Error,3.339103765398177
0,42,Error,5.676532679289064
0,43,1.9683194160461426
0,44,Error,0.23011381170676037
0,45,Error,4.2049313508143555
0,46,1.7084994316101074
0,47,Error,0.8768065223526534
0,48,Error,1.2329628231469139
0,49,1.7798709869384766
0,50,Error,4.883896658258123
0,51,Error,1.373128401784917
0,52,Error,1.0118563145624884
0,53,Error,0.8441488594938152
0,54,1.9674348831176758
0,55,1.7401585578918457
0,56,Error,0.7898643018622024
0,57,Error,5.295186653324791
0,58,1.609450101852417
0,59,1.852848768234253
0,60,1.97282075881958
0,61,1.7008874416351318
0,62,Error,4.22119718657394
0,63,1.620821237564087
0,64,1.867189884185791
0,65,Error,3.8868330712554915
0,66,1.9404094219207764
0,67,2.067246198654175
0,68,Error,4.042791762361021
0,69,Error,3.685457252921796
0,70,1.7682881355285645
0,71,1.8088321685791016
0,72,Error,4.065762842712817
0,73,Error,4.800052712154735
0,74,1.9575488567352295
0,75,1.6577422618865967
