idx,CommunicationRound,TimeCost
9,0,Error,48.21996689176846
9,1,Error,17.06230814282385
9,2,Error,15.42405748741564
9,3,Error,26.64703931830801
9,4,Error,24.664841377940057
9,5,Error,8.339106505420013
9,6,Error,11.561018039879292
9,7,Error,13.224097386701567
9,8,Error,0.9180964276469139
9,9,Error,18.47318209220708
9,10,Error,4.392889824740753
9,11,Error,18.819938704789166
9,12,Error,6.428821014982869
