idx,CommunicationRound,TimeCost
5,0,Error,50.34701862820696
5,1,Error,55.86494003564341
5,2,Error,0.46178493758286365
5,3,Error,10.070080830574117
5,4,Error,53.42269976928933
5,5,Error,113.69905395592204
5,6,Error,2.413691757248881
5,7,Error,20.777230889425923
5,8,Error,24.69325398318581
