idx,CommunicationRound,TimeCost
0,0,8.074017524719238
0,1,Error,2.2365891694054962
0,2,Error,2.2373586304509576
0,3,1.4508442878723145
0,4,Error,0.3939566568532811
0,5,1.4629161357879639
0,6,1.4708044528961182
0,7,1.455824375152588
0,8,Error,0.06568962472347185
0,9,Error,0.8355480081800994
0,10,Error,2.0455621069623344
0,11,1.460664987564087
0,12,1.4682128429412842
0,13,1.466019630432129
0,14,Error,4.561892620458759
0,15,1.470703363418579
0,16,Error,1.0169338849575151
0,17,Error,3.408825753536225
0,18,1.4728035926818848
0,19,1.4745018482208252
0,20,Error,0.9344291680786749
0,21,Error,4.383655293119619
0,22,Error,2.790540112944641
0,23,Error,0.3936562906843899
0,24,1.4880828857421875
0,25,Error,1.0996838269267146
0,26,Error,3.5380869085485864
0,27,1.4795763492584229
0,28,Error,3.248942384449967
0,29,1.4846510887145996
0,30,Error,0.9459241486857284
0,31,1.4781808853149414
0,32,Error,3.9480674077351003
0,33,Error,3.7967138664020346
0,34,Error,4.429280127059056
0,35,Error,3.4595972058149265
0,36,Error,0.32802428486485025
0,37,1.486863613128662
0,38,1.485490083694458
0,39,Error,4.268465596555804
0,40,1.4936223030090332
0,41,Error,0.6959080088211271
0,42,1.5034739971160889
0,43,Error,3.3050408787424663
0,44,Error,4.297656559278045
0,45,1.5449895858764648
0,46,Error,0.1744141119892597
0,47,Error,3.1758829682349363
0,48,1.7938597202301025
