idx,CommunicationRound,TimeCost
3,0,9.237992763519287
3,1,2.857097864151001
3,2,Error,6.278172053743689
3,3,Error,5.942643961266847
3,4,2.8804993629455566
3,5,Error,7.856293919545979
3,6,Error,6.991879012484376
3,7,Error,4.780274092989028
3,8,Error,5.722244888690528
3,9,Error,0.733274702991506
3,10,2.9044649600982666
3,11,2.892610549926758
3,12,2.913701057434082
3,13,2.9157674312591553
3,14,2.903122663497925
3,15,Error,0.8275103924637374
3,16,2.9210991859436035
3,17,Error,1.9047052197288141
3,18,2.9203433990478516
3,19,2.9608654975891113
3,20,Error,0.24614530110201926
3,21,Error,4.649370559229186
3,22,Error,6.017048799260395
3,23,Error,4.279503010262731
3,24,2.9445531368255615
3,25,Error,2.093609656922672
3,26,2.9334535598754883
3,27,Error,6.192908674585723
3,28,Error,6.259402834635831
3,29,Error,3.0755483698894035
3,30,2.9349465370178223
3,31,Error,1.6645174262044025
3,32,Error,2.264626899035329
3,33,Error,2.7415802486450365
3,34,2.9760520458221436
3,35,2.948582172393799
3,36,Error,0.3082254715032739
3,37,Error,2.0520602069711247
3,38,Error,2.1909299330970184
3,39,2.9626383781433105
3,40,2.9414291381835938
3,41,3.034085512161255
3,42,2.946171522140503
3,43,2.944002151489258
3,44,Error,3.4292979599926974
3,45,2.9549357891082764
3,46,Error,8.12820594008467
3,47,Error,8.318699160831073
