idx,CommunicationRound,TimeCost
0,0,8.7794828414917
0,1,1.720045566558838
0,2,1.633239507675171
0,3,1.7566723823547363
0,4,1.8812565803527832
0,5,Error,0.516908797600342
0,6,1.6406784057617188
0,7,1.712785005569458
0,8,1.805962085723877
0,9,Error,0.07511246260826601
0,10,Error,1.1793770390726517
0,11,Error,2.9381587485880307
0,12,1.7594935894012451
0,13,2.0671565532684326
0,14,1.6866536140441895
0,15,Error,4.845418378587257
0,16,2.0379531383514404
0,17,Error,1.1417254218642945
0,18,Error,4.705206477575436
0,19,1.9151132106781006
0,20,1.876878023147583
0,21,Error,1.3023541035654875
0,22,2.1399104595184326
0,23,Error,0.42735482540193026
0,24,1.96504807472229
0,25,Error,2.053441307025915
0,26,2.0534839630126953
0,27,Error,0.6876297034489567
0,28,2.005204916000366
0,29,2.0794265270233154
0,30,Error,4.4595411676098715
0,31,1.7279915809631348
0,32,1.6778059005737305
0,33,Error,6.656116162980261
0,34,Error,5.351537707011109
0,35,Error,4.485216572897714
0,36,Error,6.04718134898324
0,37,Error,4.61405010009124
0,38,Error,0.47646062968728464
0,39,1.9636385440826416
0,40,1.7525050640106201
0,41,2.05971360206604
0,42,2.088533878326416
0,43,1.7870662212371826
0,44,Error,4.857535427316092
0,45,Error,1.2610187557984498
0,46,1.903353214263916
0,47,1.9607493877410889
0,48,1.81839919090271
0,49,Error,0.20927032487963218
0,50,Error,4.226620040697624
0,51,1.8098580837249756
0,52,Error,1.0155713082730693
0,53,Error,1.3585654962305556
0,54,2.1260483264923096
0,55,Error,5.5213324413695775
0,56,Error,1.5575889317559184
0,57,Error,0.9795459687127707
0,58,1.8768060207366943
0,59,Error,4.875586580381853
0,60,2.0561935901641846
0,61,2.2217302322387695
0,62,Error,0.11037163758625688
0,63,2.1468803882598877
0,64,Error,3.559282233473511
0,65,2.11649227142334
0,66,2.1201536655426025
0,67,2.2480671405792236
0,68,1.7861542701721191
0,69,1.8429651260375977
0,70,1.9843437671661377
0,71,1.7887170314788818
0,72,1.7297427654266357
0,73,1.7219579219818115
0,74,1.8665966987609863
0,75,Error,4.148614323543744
0,76,Error,3.9959127608052243
0,77,2.1980443000793457
0,78,Error,4.649275117150497
0,79,1.5781738758087158
0,80,Error,4.613285403274379
0,81,2.0441741943359375
0,82,Error,4.1720444967478985
0,83,2.103160858154297
0,84,Error,0.06382917212798385
0,85,1.8749134540557861
0,86,Error,4.6040452104641405
0,87,2.0382351875305176
0,88,Error,3.8149650025586133
0,89,1.984201431274414
0,90,1.7672290802001953
0,91,Error,3.2407699429683934
