idx,CommunicationRound,TimeCost
0,0,18.013437509536743
0,1,6.812504529953003
0,2,6.756347179412842
0,3,6.64958119392395
0,4,6.854469060897827
0,5,6.689594030380249
0,6,6.629116535186768
0,7,Error,20.12520268151648
0,8,6.869267225265503
0,9,6.900989770889282
0,10,6.599076986312866
0,11,6.741262674331665
0,12,Error,9.514050651796763
0,13,6.740811109542847
0,14,6.603525161743164
0,15,6.896613836288452
0,16,6.459773302078247
