idx,CommunicationRound,TimeCost
5,0,41.49240326881409
5,1,29.836519718170166
5,2,28.94925570487976
5,3,29.531328916549683
5,4,29.810002326965332
5,5,29.565190315246582
5,6,29.7201509475708
5,7,29.69985270500183
5,8,29.289489269256592
5,9,29.864973545074463
5,10,29.52582621574402
5,11,29.504436254501343
5,12,29.689173221588135
5,13,29.686935663223267
5,14,29.686654090881348
5,15,29.663447856903076
