idx,CommunicationRound,TimeCost
7,0,17.457828044891357
7,1,5.827124834060669
7,2,6.0084145069122314
7,3,5.99348258972168
7,4,5.928892612457275
7,5,6.087429761886597
7,6,6.086722135543823
7,7,6.173447608947754
7,8,5.958002805709839
7,9,6.061540126800537
7,10,6.039813280105591
7,11,6.147706747055054
7,12,6.019832372665405
7,13,6.057526111602783
7,14,5.986738681793213
7,15,5.997251510620117
7,16,6.0811357498168945
