idx,CommunicationRound,TimeCost
8,0,16.542783498764038
8,1,5.1620612144470215
8,2,5.109144687652588
8,3,5.0731728076934814
8,4,5.157161235809326
8,5,5.162045240402222
8,6,5.093581676483154
8,7,5.185943841934204
8,8,Error,3.110461672189834
8,9,5.28431510925293
8,10,5.1690332889556885
8,11,Error,11.405701750289335
8,12,5.374772071838379
8,13,5.289477348327637
8,14,5.126910209655762
8,15,5.327794075012207
8,16,4.886394739151001
