idx,CommunicationRound,TimeCost
1,0,23.240872144699097
1,1,Error,0.04865495614652399
1,2,Error,2.9636297059388164
1,3,0.9935526847839355
1,4,3.257695198059082
1,5,1.2855682373046875
1,6,0.9248840808868408
1,7,3.105982542037964
1,8,1.0329620838165283
1,9,4.5982890129089355
1,10,Error,0.24154209202990334
1,11,1.0473527908325195
1,12,3.2816805839538574
1,13,Error,4.564552753336672
1,14,Error,6.150648216859285
1,15,1.3408658504486084
1,16,Error,1.527298311241261
1,17,1.7889597415924072
1,18,5.265682697296143
1,19,Error,3.1724778717020796
1,20,1.5592691898345947
1,21,Error,2.9725458177224002
1,22,1.076289415359497
1,23,Error,1.63427271317035
1,24,4.294541835784912
1,25,Error,9.48188751236672
1,26,3.9849066734313965
1,27,8.333346366882324
1,28,1.4109816551208496
1,29,2.5140116214752197
1,30,2.2017555236816406
1,31,Error,2.4491770486109856
1,32,Error,3.525298089994237
1,33,Error,6.458732755965959
1,34,3.1499056816101074
1,35,Error,11.809375799835307
1,36,Error,17.31507615936034
1,37,Error,6.833210575331472
1,38,Error,3.0301934726458946
1,39,Error,4.926048999079277
1,40,8.703424453735352
1,41,Error,12.104036543296129
1,42,11.393685579299927
1,43,Error,13.10652574875538
1,44,8.27861738204956
1,45,11.61632251739502
1,46,Error,7.909797139572098
1,47,Error,41.16237336922074
1,48,8.330081462860107
1,49,Error,11.58761044249262
1,50,7.4305455684661865
1,51,Error,9.530937563837274
1,52,Error,1.9849690081025917
1,53,3.998558759689331
1,54,2.2319252490997314
1,55,4.195142507553101
1,56,11.693504333496094
1,57,13.653133869171143
1,58,Error,5.430300691713813
1,59,6.6593101024627686
1,60,3.633420467376709
1,61,4.97463321685791
1,62,2.136047601699829
1,63,1.029942274093628
1,64,Error,1.321711885380137
1,65,2.3873307704925537
1,66,2.3311526775360107
1,67,Error,8.086458755108273
1,68,Error,4.174300388567218
1,69,Error,11.51765482502581
1,70,Error,9.075482293697206
1,71,9.41558289527893
1,72,12.218834638595581
