idx,CommunicationRound,TimeCost
0,0,Error,50.00535786158638
0,1,Error,11.78727425817729
0,2,Error,12.707331353779763
0,3,Error,6.124923912043796
0,4,6.681560516357422
0,5,Error,20.25582353335456
0,6,6.9059576988220215
0,7,Error,0.3012736080195739
0,8,Error,3.898439724040847
0,9,Error,9.137342599716945
0,10,6.624917984008789
0,11,6.719556093215942
0,12,6.78698468208313
0,13,Error,19.700985275437652
0,14,6.807017087936401
