idx,CommunicationRound,TimeCost
4,0,Error,38.0175563794533
4,1,6.079860210418701
4,2,6.017210960388184
4,3,6.138132333755493
4,4,Error,6.364151621192935
4,5,Error,4.990333219762093
4,6,6.093368768692017
4,7,6.195691108703613
4,8,6.192591905593872
4,9,Error,8.244832419890628
4,10,Error,10.428306825937105
4,11,Error,17.324012816016197
4,12,Error,16.09330084093373
4,13,Error,17.41012726820316
4,14,Error,3.147904981881707
