idx,CommunicationRound,TimeCost
0,0,Error,23.98161164148087
0,1,Error,3.133695283452028
0,2,Error,3.4077956226297377
0,3,Error,1.8460793648444307
0,4,1.6597278118133545
0,5,Error,5.404074190970076
0,6,1.6948597431182861
0,7,Error,0.0713557048476978
0,8,Error,0.9042265806687491
0,9,Error,2.3425966837704766
0,10,1.6785895824432373
0,11,2.0326192378997803
0,12,1.8065292835235596
0,13,Error,4.555699465529727
0,14,1.8746724128723145
0,15,Error,1.3379613678505387
0,16,Error,3.6169400493659287
0,17,1.8281364440917969
0,18,1.696911096572876
0,19,Error,1.0885389955620135
0,20,Error,5.61079551546906
0,21,Error,3.2043132398037386
0,22,Error,0.4692957745930317
0,23,1.9030776023864746
0,24,Error,1.4752612845023352
0,25,Error,4.700748697417746
0,26,Error,2.4798224165759675
0,27,1.6481990814208984
0,28,1.8330767154693604
0,29,Error,1.2669387062019528
0,30,1.7145850658416748
0,31,Error,4.620693997574708
0,32,Error,4.369789330801406
0,33,Error,5.378171048137424
0,34,Error,4.377836970467368
0,35,Error,0.38338393992704384
0,36,Error,1.259504120057145
0,37,Error,2.692945013881878
0,38,Error,3.3993963047828015
0,39,Error,0.8889597484414323
0,40,1.6697988510131836
0,41,Error,4.246988167555728
0,42,Error,5.190619627476402
0,43,2.043715000152588
0,44,Error,0.22296854726751833
0,45,Error,4.335105318337595
0,46,2.0515596866607666
0,47,Error,0.8998433484712973
0,48,Error,1.3259285876088924
0,49,1.7657666206359863
0,50,Error,4.945100094181641
0,51,Error,1.5450234155674707
0,52,Error,1.0712728540823262
0,53,Error,0.6721752100206089
0,54,1.8159394264221191
0,55,1.918916940689087
0,56,Error,0.7905026445500898
0,57,Error,4.151426143500371
0,58,1.5499584674835205
0,59,1.9625203609466553
0,60,1.7116732597351074
0,61,1.785097360610962
0,62,Error,4.00231925674262
0,63,1.7108283042907715
0,64,1.6946821212768555
0,65,Error,4.0817826620218325
0,66,2.0883493423461914
0,67,2.0921595096588135
0,68,Error,3.94382315642876
0,69,Error,3.747781020225354
0,70,1.6874878406524658
0,71,1.8233189582824707
0,72,Error,3.8143028559513548
0,73,Error,4.749373379170974
0,74,1.7985515594482422
0,75,1.7303686141967773
