idx,CommunicationRound,TimeCost
5,0,58.55975008010864
5,1,34.9342679977417
5,2,20.171762943267822
5,3,19.937926530838013
5,4,47.466086864471436
5,5,Error,106.07829232306084
5,6,33.61226940155029
5,7,Error,97.9662981918862
5,8,37.90033197402954
5,9,30.75759196281433
