idx,CommunicationRound,TimeCost
1,0,23.562607526779175
1,1,Error,0.04708565818421705
1,2,Error,3.113107219441295
1,3,1.43186616897583
1,4,4.386428356170654
1,5,1.3458101749420166
1,6,2.500232696533203
1,7,3.0806515216827393
1,8,2.2726316452026367
1,9,3.9054696559906006
1,10,Error,0.8817455444937792
1,11,6.179160833358765
1,12,5.202312231063843
1,13,Error,3.7758635924167328
1,14,Error,14.451087850959395
1,15,6.0147385597229
1,16,Error,19.248449050938877
1,17,8.322396039962769
1,18,0.9552364349365234
1,19,Error,6.777143788230032
1,20,1.4700374603271484
1,21,Error,7.446360952418302
1,22,8.179135799407959
1,23,Error,1.4535547589148818
1,24,1.3648927211761475
1,25,Error,3.4450829917096484
1,26,0.9530742168426514
1,27,2.3854780197143555
1,28,3.9620141983032227
1,29,5.242462873458862
1,30,5.274837493896484
1,31,Error,9.648044942385978
1,32,Error,3.898515070235252
1,33,Error,8.02048915665836
1,34,9.458466529846191
1,35,Error,22.458996777595452
1,36,Error,25.64387428179701
1,37,Error,7.5074704453165895
1,38,Error,7.824011579482788
1,39,Error,22.396952077506068
1,40,8.6657874584198
1,41,Error,11.159239885391754
1,42,6.928879976272583
1,43,Error,5.373915624797946
1,44,3.191082239151001
1,45,4.11764669418335
1,46,Error,13.136039769270187
1,47,Error,31.39171121825772
1,48,10.931892156600952
1,49,Error,14.434896759553551
1,50,11.97318696975708
