idx,CommunicationRound,TimeCost
3,0,25.099043130874634
3,1,7.756729602813721
3,2,Error,25.304270648276294
3,3,Error,23.219742519267193
3,4,10.644898653030396
3,5,Error,23.31570505099077
3,6,Error,28.580125722082474
3,7,Error,19.941245233455874
3,8,Error,23.52668350806066
3,9,Error,3.009523454892444
3,10,11.480963706970215
3,11,11.896427631378174
3,12,13.936665773391724
3,13,13.933802604675293
3,14,22.288114070892334
3,15,Error,6.877528236669558
3,16,24.330281496047974
3,17,23.830273628234863
3,18,20.309704065322876
3,19,Error,56.453184052025705
3,20,Error,1.5220310319924653
3,21,Error,31.993264500664512
3,22,17.865750074386597
