idx,CommunicationRound,TimeCost
1,0,Error,45.64553029247241
1,1,Error,11.936973143349407
1,2,10.613411903381348
1,3,Error,17.948149685499477
1,4,Error,14.196350768794314
1,5,10.585504531860352
1,6,10.566525220870972
1,7,Error,10.66919421725748
1,8,10.71484637260437
1,9,Error,29.171446312799187
1,10,Error,31.184705066344257
1,11,Error,13.604041522641353
