idx,CommunicationRound,TimeCost
7,0,Error,17.702935936013024
7,1,Error,8.744048232762946
7,2,Error,4.745898799089435
7,3,Error,5.708169605994267
7,4,Error,15.49860566769711
7,5,Error,4.353914425748284
7,6,Error,3.6654812830587193
7,7,5.976884126663208
7,8,Error,5.464845805839473
7,9,5.936293601989746
7,10,Error,9.571862976133295
7,11,Error,14.956742578657428
7,12,Error,2.0916478150638746
