idx,CommunicationRound,TimeCost
8,0,Error,26.448663673540533
8,1,Error,15.40061805135063
8,2,Error,4.037895907118457
8,3,Error,4.13784675593787
8,4,Error,4.8231348542127765
8,5,Error,1.107790860585464
8,6,Error,6.183462757643899
8,7,5.235175848007202
8,8,Error,11.602404416309207
8,9,Error,10.57378896187837
8,10,5.213054418563843
8,11,Error,15.314102704930265
