idx,CommunicationRound,TimeCost
9,0,Error,48.457269839048564
9,1,Error,16.924970387559345
9,2,8.862281322479248
9,3,Error,10.989899358257263
9,4,Error,8.623002151358063
9,5,Error,5.606217655094794
9,6,8.76705527305603
9,7,Error,16.592874426184853
9,8,Error,2.1900101683706383
9,9,Error,2.528632964668223
9,10,Error,7.469211774639808
9,11,Error,3.0978542305641654
