idx,CommunicationRound,TimeCost
4,0,Error,38.91003630684775
4,1,4.147270202636719
4,2,4.3562092781066895
4,3,4.418871641159058
4,4,Error,6.497029280204739
4,5,Error,3.2717673975588397
4,6,4.780101537704468
4,7,3.9419827461242676
4,8,4.471543550491333
4,9,Error,6.249508474969813
4,10,Error,8.96799986153714
4,11,Error,10.48799155280491
4,12,Error,15.856502296792858
4,13,Error,12.308012065091717
4,14,Error,3.1243518846072957
4,15,5.267010927200317
4,16,Error,5.597424036137379
4,17,Error,1.8226002353851822
4,18,Error,13.499625695915155
4,19,Error,5.9493573292016695
4,20,5.983172655105591
4,21,Error,5.729813915314447
4,22,Error,13.613391549214755
4,23,Error,1.0485998968498815
4,24,4.805482625961304
4,25,Error,6.382736724382232
4,26,5.647132396697998
4,27,4.7350804805755615
4,28,Error,12.544757871158957
4,29,Error,6.724372169375769
4,30,6.268738508224487
4,31,Error,11.788986249016045
4,32,Error,13.571735292919023
4,33,6.717899322509766
4,34,Error,0.09848693773508452
4,35,3.8247203826904297
4,36,Error,7.487061202613432
4,37,Error,5.332341741512025
4,38,3.8662946224212646
4,39,4.6591997146606445
4,40,3.6177337169647217
4,41,Error,9.33641709069736
4,42,Error,11.258932200141142
4,43,4.571457862854004
4,44,Error,3.6061756870610746
4,45,5.936553716659546
4,46,Error,2.889614643259138
4,47,3.9040725231170654
4,48,6.042234659194946
4,49,Error,9.728372877963487
4,50,Error,4.795144822753987
4,51,Error,7.799606512778621
4,52,Error,14.587529272041351
4,53,5.771454811096191
4,54,3.6224052906036377
4,55,3.8799116611480713
4,56,Error,9.273648175779277
4,57,Error,8.252588288604173
