idx,CommunicationRound,TimeCost
8,0,16.524306297302246
8,1,Error,3.9499985873669248
8,2,Error,1.3125869917646409
8,3,Error,2.7420559086933496
8,4,Error,2.725505621209527
8,5,Error,1.6993737744871549
8,6,Error,4.5167593138659665
8,7,2.8137309551239014
8,8,Error,0.8918554387876763
8,9,3.4513778686523438
8,10,3.4905576705932617
8,11,3.486175775527954
8,12,4.586379528045654
8,13,Error,6.853538819820987
8,14,3.255167245864868
8,15,Error,6.589787204474718
8,16,3.4066457748413086
8,17,Error,5.032745153974712
8,18,Error,4.287987958248128
8,19,4.313281297683716
8,20,3.8438048362731934
8,21,Error,3.3323811036543587
8,22,2.800414562225342
8,23,Error,2.375762125538562
8,24,2.8359525203704834
8,25,Error,10.46756833653326
8,26,Error,5.898691344440198
8,27,Error,0.6687011795671951
8,28,3.7274904251098633
8,29,Error,2.9708892738408785
8,30,Error,4.352114742560488
8,31,Error,7.937389149930993
8,32,3.1155202388763428
8,33,4.181346654891968
8,34,Error,5.268840241075701
8,35,2.9189414978027344
8,36,Error,6.7468793729929235
8,37,Error,4.863199580221648
8,38,5.168926239013672
8,39,Error,3.03853704845974
8,40,3.6605823040008545
8,41,Error,6.056656882739277
8,42,2.7923808097839355
8,43,2.8859519958496094
8,44,2.927372694015503
8,45,Error,4.897829622680227
8,46,Error,9.417466736791074
8,47,Error,12.922122411559151
8,48,3.521653175354004
8,49,Error,3.9266075729029883
8,50,Error,4.598366746403189
8,51,4.4660375118255615
8,52,4.287150144577026
8,53,Error,0.45275991250154873
8,54,Error,3.1438631179156578
8,55,Error,3.2351616216888397
8,56,4.849354267120361
8,57,3.3074183464050293
8,58,2.7818892002105713
8,59,3.8041391372680664
8,60,4.225876092910767
8,61,Error,10.594781784813405
8,62,Error,6.811100778863755
8,63,Error,2.15963040395664
8,64,Error,3.7099534287507807
8,65,Error,5.999442677025033
8,66,Error,12.045692416969217
8,67,Error,3.162750359001953
8,68,Error,4.042022073440392
8,69,Error,8.503049046333448
8,70,Error,0.9164856448212195
8,71,Error,7.038184612787472
8,72,Error,8.288796218730997
8,73,Error,2.89203615699196
8,74,3.6889657974243164
8,75,Error,4.6561979362624175
8,76,Error,7.253265159224398
8,77,5.029157400131226
8,78,Error,5.8361040612974815
8,79,2.9281885623931885
8,80,2.9568300247192383
8,81,Error,10.881776725321059
8,82,3.3360891342163086
8,83,Error,0.8073418220801862
8,84,Error,5.284058501754067
8,85,4.1278276443481445
8,86,Error,1.9678477754278882
8,87,3.9268317222595215
