idx,CommunicationRound,TimeCost
3,0,10.416158676147461
3,1,4.071552753448486
3,2,4.336696624755859
3,3,4.183455944061279
3,4,4.26091742515564
3,5,4.471429109573364
3,6,4.288237810134888
3,7,4.516947269439697
3,8,4.373827695846558
3,9,Error,7.517695578068098
3,10,Error,8.71944913417595
3,11,4.303915739059448
3,12,4.611956357955933
3,13,4.3514392375946045
3,14,4.487175464630127
3,15,4.575166940689087
3,16,Error,7.734588115868905
3,17,Error,1.27772641783408
3,18,4.495362043380737
3,19,4.498381853103638
3,20,4.458173513412476
3,21,Error,11.46312583820124
3,22,4.608224391937256
3,23,4.5511205196380615
3,24,4.512394189834595
3,25,4.397014856338501
3,26,4.34496808052063
3,27,4.599895238876343
3,28,4.528891563415527
3,29,4.473946809768677
3,30,4.534743785858154
3,31,Error,1.970753092741675
3,32,4.543612003326416
3,33,4.367027997970581
3,34,4.587357997894287
3,35,4.731607437133789
3,36,4.517484426498413
3,37,Error,8.743311302232787
3,38,4.440041780471802
3,39,Error,4.231207203189691
3,40,4.3664329051971436
3,41,4.588972806930542
3,42,4.3296425342559814
3,43,Error,2.613277600253919
3,44,4.39668345451355
3,45,4.517426013946533
3,46,4.391867399215698
3,47,4.596347093582153
3,48,4.588944911956787
3,49,4.402068376541138
3,50,4.29380202293396
3,51,4.578678846359253
3,52,4.580146789550781
3,53,4.509554147720337
