idx,CommunicationRound,TimeCost
4,0,Error,18.776336981080576
4,1,2.0196917057037354
4,2,2.3563568592071533
4,3,2.1830835342407227
4,4,2.252244710922241
4,5,2.214118719100952
4,6,2.188819169998169
4,7,2.0342864990234375
4,8,2.09672474861145
4,9,2.2836217880249023
4,10,2.3485426902770996
4,11,2.178311347961426
4,12,2.1824262142181396
4,13,2.2003748416900635
4,14,2.2118330001831055
4,15,2.2298665046691895
4,16,2.178899049758911
4,17,Error,0.78526787722174
4,18,2.028235673904419
4,19,2.3722240924835205
4,20,2.179410457611084
4,21,Error,0.7786709255022796
4,22,2.189952850341797
4,23,2.21366024017334
4,24,2.232174873352051
4,25,2.2622227668762207
4,26,2.209272861480713
4,27,2.2722690105438232
4,28,2.2840468883514404
4,29,2.1290066242218018
4,30,2.308109760284424
4,31,2.036831855773926
4,32,1.950566291809082
4,33,2.072068452835083
4,34,2.2145235538482666
4,35,Error,5.491918139010645
4,36,Error,3.3556126003289033
4,37,2.184612989425659
4,38,Error,5.9439921642648
4,39,2.3830392360687256
4,40,2.224757671356201
4,41,2.108855962753296
4,42,Error,2.203597607157323
4,43,2.1688287258148193
4,44,2.1301181316375732
4,45,2.329991340637207
4,46,2.2720530033111572
4,47,2.2137558460235596
4,48,Error,4.3512170294850945
4,49,2.047659397125244
4,50,Error,1.6330789816253128
4,51,2.0757458209991455
4,52,1.8224828243255615
4,53,2.2694809436798096
4,54,2.157783031463623
4,55,Error,1.1196083441342621
4,56,2.1041784286499023
4,57,2.032399892807007
4,58,2.230835437774658
4,59,Error,0.5486000468857236
4,60,2.1459286212921143
4,61,2.1839606761932373
4,62,2.1851634979248047
4,63,Error,5.390332070111104
4,64,2.107653856277466
4,65,2.138890504837036
4,66,2.2357985973358154
4,67,2.3292407989501953
4,68,2.4387245178222656
4,69,Error,3.6542565215085414
4,70,Error,4.636168362976504
4,71,2.154445171356201
4,72,2.134749174118042
4,73,2.305905818939209
4,74,Error,1.9222076452181962
4,75,Error,6.7207810405002535
4,76,2.2319424152374268
4,77,2.4078242778778076
4,78,2.2654545307159424
4,79,2.1415247917175293
4,80,2.4024016857147217
4,81,Error,5.773164515068169
4,82,2.3523237705230713
4,83,2.2242047786712646
4,84,2.1558303833007812
4,85,2.3363921642303467
4,86,1.9408245086669922
4,87,1.9863157272338867
4,88,2.278578281402588
4,89,2.3869147300720215
4,90,Error,2.253169919462336
4,91,Error,4.048032451498456
4,92,2.241943597793579
4,93,Error,3.160755804829737
4,94,2.3034121990203857
4,95,2.4197466373443604
