idx,CommunicationRound,TimeCost
2,0,26.609610319137573
2,1,15.127159357070923
2,2,Error,6.654988602095454
2,3,15.203860998153687
2,4,15.208362340927124
2,5,Error,19.902429333104344
2,6,15.193737983703613
2,7,Error,6.520605448695971
2,8,15.215179443359375
2,9,15.095861196517944
2,10,15.1078941822052
2,11,Error,37.84135947393392
2,12,15.209388256072998
2,13,14.420488357543945
2,14,14.986222743988037
2,15,Error,37.04668660183905
2,16,14.978234052658081
2,17,14.95657205581665
