idx,CommunicationRound,TimeCost
8,0,16.18113136291504
8,1,5.177510499954224
8,2,5.267813682556152
8,3,Error,4.0256122848763
8,4,5.052576303482056
8,5,Error,5.008437713112825
8,6,5.166178941726685
8,7,Error,3.0615219556114104
8,8,5.2420783042907715
8,9,5.209195852279663
8,10,Error,11.189896591693135
8,11,5.123913526535034
8,12,Error,14.320084719351874
8,13,5.032500267028809
8,14,Error,8.513398622100139
8,15,5.285242557525635
8,16,Error,9.27098181457913
8,17,5.20797872543335
