idx,CommunicationRound,TimeCost
9,0,20.92391848564148
9,1,9.000264406204224
9,2,8.85213828086853
9,3,8.944580554962158
9,4,Error,10.96946980820528
9,5,Error,8.607042241673945
9,6,8.955461263656616
9,7,8.772344827651978
9,8,8.911374807357788
9,9,8.840554237365723
9,10,9.007795095443726
9,11,8.810222864151001
9,12,Error,5.043345356215097
9,13,Error,18.559694779061346
9,14,Error,0.6130743507669285
9,15,8.941740989685059
9,16,Error,0.3385448771306648
9,17,8.999157190322876
