idx,CommunicationRound,TimeCost
1,0,32.00917625427246
1,1,20.34449601173401
1,2,20.169967651367188
1,3,20.15946674346924
1,4,20.319000720977783
1,5,20.26712942123413
1,6,20.159912586212158
1,7,20.259910821914673
1,8,20.17438840866089
1,9,20.15969443321228
1,10,20.286039113998413
1,11,Error,3.7172806591982672
1,12,20.444681882858276
1,13,20.247457027435303
1,14,20.398781776428223
1,15,20.282133102416992
1,16,20.362842798233032
1,17,20.284663677215576
