idx,CommunicationRound,TimeCost
2,0,26.406423091888428
2,1,15.14316701889038
2,2,15.063099384307861
2,3,15.153507709503174
2,4,14.714098691940308
2,5,14.566165685653687
2,6,14.872688293457031
2,7,15.066748142242432
2,8,14.890242338180542
2,9,14.592432737350464
2,10,15.138797760009766
2,11,14.951581001281738
2,12,15.243031740188599
2,13,15.064623832702637
2,14,15.181119680404663
2,15,15.137624025344849
2,16,15.218358278274536
2,17,14.634161710739136
