idx,CommunicationRound,TimeCost
3,0,23.620978116989136
3,1,12.314483880996704
3,2,12.3789381980896
3,3,12.396709203720093
3,4,12.130704402923584
3,5,12.142940282821655
3,6,12.054010152816772
3,7,12.098454475402832
3,8,12.157636404037476
3,9,12.53218388557434
3,10,12.394916296005249
3,11,11.823279619216919
3,12,12.05001974105835
3,13,12.189438104629517
3,14,12.232416152954102
3,15,12.067655801773071
3,16,12.132118701934814
3,17,12.294100761413574
