idx,CommunicationRound,TimeCost
7,0,17.280431032180786
7,1,5.986123323440552
7,2,6.007355213165283
7,3,5.953125238418579
7,4,5.9628071784973145
7,5,6.063727140426636
7,6,6.033743381500244
7,7,6.132166147232056
7,8,5.961932182312012
7,9,6.156702756881714
7,10,5.921282768249512
7,11,6.014017343521118
7,12,6.02628493309021
7,13,5.948479652404785
7,14,5.965306997299194
7,15,5.941423654556274
7,16,6.1164491176605225
7,17,5.986840009689331
