idx,CommunicationRound,TimeCost
8,0,16.581000566482544
8,1,4.9668779373168945
8,2,5.071979284286499
8,3,5.0728631019592285
8,4,5.000580310821533
8,5,5.081272840499878
8,6,4.9642558097839355
8,7,5.076732635498047
8,8,Error,3.1461622843779193
8,9,5.118597507476807
8,10,5.189159870147705
8,11,Error,11.201117210254093
8,12,5.28742790222168
8,13,5.200848579406738
8,14,5.215725660324097
8,15,5.142865180969238
8,16,5.000976800918579
8,17,5.031097173690796
