idx,CommunicationRound,TimeCost
9,0,28.37684917449951
9,1,16.971845388412476
9,2,16.887924432754517
9,3,16.916658878326416
9,4,17.021929025650024
9,5,16.861631631851196
9,6,16.929697275161743
9,7,17.09772253036499
9,8,16.752504587173462
9,9,16.965049028396606
9,10,16.931758403778076
9,11,16.95750856399536
9,12,16.9187970161438
9,13,Error,9.565897012007293
9,14,17.117412567138672
9,15,16.928566932678223
9,16,Error,35.78823811610202
9,17,16.821139574050903
