idx,CommunicationRound,TimeCost
1,0,32.539483070373535
1,1,Error,0.6672075039423867
1,2,Error,49.55336037272133
1,3,20.445862293243408
1,4,20.413285970687866
1,5,20.394354104995728
1,6,20.326035976409912
1,7,20.307446718215942
1,8,20.411195039749146
1,9,20.392988681793213
1,10,Error,3.7387744916060854
1,11,20.57270622253418
