idx,CommunicationRound,TimeCost
2,0,26.46211886405945
2,1,14.954819679260254
2,2,Error,6.415964009296725
2,3,14.710641384124756
2,4,14.593295335769653
2,5,Error,19.156597745756113
2,6,14.621803045272827
2,7,Error,6.4052845927190125
2,8,15.20368242263794
2,9,15.208553791046143
2,10,14.527449607849121
