idx,CommunicationRound,TimeCost
3,0,23.437791109085083
3,1,11.965794563293457
3,2,Error,26.566790120812954
3,3,12.033858060836792
3,4,12.148005485534668
3,5,Error,8.202064287152423
3,6,12.12039828300476
3,7,11.850002527236938
3,8,Error,19.871117093625376
3,9,Error,23.6308707656105
3,10,12.223333835601807
