idx,CommunicationRound,TimeCost
7,0,17.612217903137207
7,1,Error,8.68454563576368
7,2,5.908647060394287
7,3,Error,4.534906466498929
7,4,6.007322788238525
7,5,6.034522533416748
7,6,6.092539072036743
7,7,Error,13.180073077526982
7,8,Error,12.10376029917422
7,9,6.132762908935547
7,10,Error,0.11782266223817675
7,11,Error,13.31318941753672
