idx,CommunicationRound,TimeCost
1,0,23.00010848045349
1,1,Error,0.3467141920006037
1,2,Error,25.858431496740593
1,3,10.713964223861694
1,4,10.632905006408691
1,5,Error,5.1316515328632555
1,6,Error,26.32976188521844
1,7,10.556204795837402
1,8,Error,26.982730161177315
1,9,Error,28.88257974109341
1,10,Error,31.5686314058458
1,11,Error,13.683205693247272
1,12,Error,19.742575234843244
1,13,10.575223922729492
