idx,CommunicationRound,TimeCost
3,0,24.114318370819092
3,1,12.249555110931396
3,2,Error,26.63905034956736
3,3,Error,25.07012912572887
3,4,12.046836614608765
3,5,Error,32.372508604794206
3,6,Error,29.100367680019577
3,7,Error,20.360117672829976
3,8,Error,24.17307148081273
3,9,Error,3.039805223742453
3,10,12.350691795349121
3,11,12.13180422782898
3,12,12.379822731018066
3,13,12.29948115348816
