idx,CommunicationRound,TimeCost
6,0,16.400056838989258
6,1,Error,10.835971408414423
6,2,4.686450719833374
6,3,Error,5.317631950188829
6,4,Error,7.029094921375862
6,5,4.635017395019531
6,6,Error,14.163886719948769
6,7,4.6087424755096436
6,8,Error,9.989543573436517
6,9,4.723580360412598
6,10,Error,12.13829430695659
6,11,Error,1.1673512732071472
6,12,Error,14.144305046952738
6,13,4.644248008728027
6,14,4.729411840438843
