idx,CommunicationRound,TimeCost
9,0,21.242300033569336
9,1,8.978130102157593
9,2,8.836232662200928
9,3,9.018856048583984
9,4,Error,10.885653816661888
9,5,Error,8.614034945602308
9,6,Error,5.620538720645375
9,7,8.735912084579468
9,8,Error,16.80204276070849
9,9,Error,2.1925688772277447
9,10,Error,2.527904810039939
9,11,8.910195589065552
9,12,8.903100490570068
9,13,Error,0.622071821890279
9,14,8.90754222869873
