idx,CommunicationRound,TimeCost
2,0,Error,54.30005797483988
2,1,Error,10.342392043567681
2,2,Error,33.13974117031351
2,3,Error,10.696993770666344
2,4,Error,39.36064803183983
2,5,Error,12.535546282102226
2,6,Error,38.5255321953498
2,7,Error,33.45830258011328
2,8,Error,11.686870020050266
2,9,Error,37.15287893695589
2,10,Error,18.632806834142396
2,11,Error,5.756202378277757
2,12,Error,46.10163351800439
