idx,CommunicationRound,TimeCost
0,0,18.46245503425598
0,1,6.77953577041626
0,2,6.739474296569824
0,3,6.668658018112183
0,4,6.824790716171265
0,5,6.650294303894043
0,6,6.728866100311279
0,7,Error,19.869510881727333
0,8,6.760182857513428
0,9,Error,0.29887192590954553
0,10,Error,3.6469071205337666
0,11,Error,9.130597786852528
0,12,6.734811782836914
0,13,6.595582962036133
0,14,6.6911163330078125
0,15,Error,19.98884888225996
0,16,6.888606309890747
0,17,6.759235143661499
