idx,CommunicationRound,TimeCost
5,0,25.666867971420288
5,1,13.972121953964233
5,2,13.80923581123352
5,3,13.7841157913208
5,4,13.567278623580933
5,5,Error,30.782729902344713
5,6,13.761825799942017
5,7,Error,36.78729964945684
5,8,13.81446623802185
5,9,13.57289457321167
5,10,Error,9.288634241119372
5,11,Error,32.451178712813665
5,12,13.851292610168457
5,13,13.710662364959717
5,14,Error,40.00469602410185
5,15,14.04377293586731
5,16,Error,6.407499250896857
5,17,13.643702268600464
