idx,CommunicationRound,TimeCost
6,0,16.24561357498169
6,1,Error,10.786398315227062
6,2,4.701581954956055
6,3,Error,5.211467722737694
6,4,Error,7.069212333526418
6,5,4.734410762786865
6,6,4.659761190414429
6,7,Error,11.603873417733666
6,8,Error,9.878524493962384
6,9,4.582709312438965
6,10,4.533538341522217
6,11,4.67459511756897
6,12,Error,12.834405919987313
6,13,4.591937780380249
6,14,4.60106897354126
6,15,4.706101894378662
6,16,4.481535196304321
6,17,4.5145111083984375
