idx,CommunicationRound,TimeCost
7,0,17.672789335250854
7,1,Error,8.801163687059509
7,2,6.095376253128052
7,3,Error,4.556130710582042
7,4,6.138035774230957
7,5,6.1478095054626465
7,6,6.115501165390015
7,7,Error,13.226725871341493
7,8,Error,12.284292598267317
7,9,6.104482889175415
7,10,Error,0.11977340104281059
7,11,Error,13.336308929198399
7,12,6.036787748336792
7,13,6.0456624031066895
7,14,6.06943154335022
7,15,5.985100746154785
7,16,Error,12.495829344671915
7,17,Error,3.7786385780500997
