idx,CommunicationRound,TimeCost
8,0,16.918800592422485
8,1,5.154639720916748
8,2,5.124543905258179
8,3,Error,4.051381935010009
8,4,5.093590974807739
8,5,Error,5.026990086505783
8,6,5.222607374191284
8,7,Error,3.1063784728930655
8,8,5.20128870010376
8,9,5.169015884399414
8,10,Error,10.883803178578642
8,11,5.148406982421875
8,12,Error,14.2669920247195
8,13,5.185234785079956
8,14,Error,8.651269503562725
8,15,5.225018739700317
8,16,Error,9.788047677237959
8,17,5.0663487911224365
