idx,CommunicationRound,TimeCost
2,0,6.578884124755859
2,1,0.973196268081665
2,2,Error,0.3651744467187167
2,3,0.8393537998199463
2,4,0.8127665519714355
2,5,Error,1.0882858216272178
2,6,1.0171091556549072
2,7,Error,0.33143594083794975
2,8,1.0016183853149414
2,9,0.9852187633514404
2,10,0.9641327857971191
2,11,Error,2.4751111118314872
2,12,0.8975739479064941
2,13,0.9007513523101807
2,14,0.8600926399230957
2,15,Error,2.0679734207792277
2,16,0.9989655017852783
2,17,0.9722750186920166
2,18,Error,2.016971361848589
2,19,Error,0.5528453899982739
2,20,Error,1.2861274749854072
2,21,Error,0.36779049310859613
2,22,Error,0.6421514451376256
2,23,Error,0.18074335726577362
2,24,0.9417397975921631
2,25,0.8578455448150635
2,26,Error,0.43282074537068854
2,27,0.987309455871582
2,28,Error,1.1860644482663651
2,29,0.9951231479644775
2,30,Error,2.508528393268082
2,31,0.858206033706665
2,32,0.7907533645629883
2,33,0.9531383514404297
2,34,0.8182845115661621
2,35,0.9244706630706787
2,36,0.8631227016448975
2,37,Error,0.42072130477891
2,38,Error,0.6614085222363658
2,39,0.7823443412780762
2,40,0.9361462593078613
2,41,0.7872464656829834
2,42,Error,0.007836832415393203
2,43,Error,0.9546550772445254
2,44,0.8505070209503174
2,45,0.7767128944396973
2,46,0.8590950965881348
2,47,Error,1.1218911645815255
2,48,1.0391075611114502
2,49,0.8933594226837158
2,50,Error,1.2687195857239122
2,51,1.0195014476776123
2,52,0.8415906429290771
2,53,Error,1.7318605517684365
2,54,Error,0.7427455657476266
2,55,Error,0.09340322440294009
2,56,Error,2.013991340999761
2,57,Error,2.1573506680627323
2,58,0.8229267597198486
2,59,Error,0.8187328470990429
2,60,Error,2.283733162432876
2,61,0.807952880859375
2,62,Error,0.9753593865466439
2,63,Error,0.8586140175462823
2,64,0.9025137424468994
2,65,Error,1.699437511220486
2,66,0.8127717971801758
2,67,0.8491644859313965
2,68,Error,0.013490732239955195
2,69,0.8301091194152832
2,70,0.8044605255126953
2,71,Error,2.0701045467545702
2,72,0.8198893070220947
2,73,0.945624589920044
2,74,0.9076745510101318
