idx,CommunicationRound,TimeCost
3,0,6.775129795074463
3,1,1.0978598594665527
3,2,Error,2.2099565625782214
3,3,Error,2.286884935193755
3,4,1.0441639423370361
3,5,Error,2.59058295719962
3,6,Error,2.4961637704085
3,7,Error,1.839650767432007
3,8,Error,2.1683884704012932
3,9,Error,0.24112217545465195
3,10,0.9946348667144775
3,11,1.0464439392089844
3,12,1.0422923564910889
3,13,1.1778223514556885
3,14,0.9751789569854736
3,15,Error,0.31511224774898955
3,16,1.1803536415100098
3,17,0.9813880920410156
3,18,0.991086483001709
3,19,Error,2.638944551635948
3,20,Error,0.0806027535359943
3,21,Error,1.8252609444910337
3,22,0.9534897804260254
3,23,1.1311025619506836
3,24,1.0726938247680664
3,25,1.0744471549987793
3,26,0.9684767723083496
3,27,1.002411127090454
3,28,Error,0.5211820318668551
3,29,1.152660608291626
3,30,0.9373354911804199
3,31,1.2106468677520752
3,32,1.0308449268341064
3,33,Error,1.0846694073122347
3,34,1.0060467720031738
3,35,Error,1.2433817958769187
3,36,Error,2.77727948732405
3,37,Error,3.095174881813942
3,38,Error,0.10885979919886603
3,39,Error,0.6705552028726289
3,40,Error,0.8868028052947854
3,41,1.1085686683654785
3,42,1.0153393745422363
3,43,1.0429201126098633
3,44,1.0989799499511719
3,45,1.145782709121704
3,46,Error,1.3709728883601853
3,47,1.21335768699646
3,48,Error,3.1752333714757697
3,49,Error,3.1110551335452614
3,50,Error,0.8401210573932497
3,51,Error,2.0130598321097417
3,52,Error,1.2869639782896831
3,53,Error,2.5608566801239405
3,54,Error,1.2713337787403336
3,55,Error,0.4259942828888685
3,56,Error,2.2778684739509467
3,57,0.9973862171173096
3,58,Error,3.1274523420218943
3,59,1.123758316040039
3,60,0.9459314346313477
3,61,1.0061213970184326
3,62,1.1976649761199951
3,63,0.952552318572998
3,64,1.1772983074188232
3,65,0.9616336822509766
3,66,1.0544276237487793
3,67,1.1768336296081543
3,68,Error,2.8561222338245846
3,69,Error,1.1623912419033482
3,70,Error,1.4847093273947918
3,71,1.1752378940582275
3,72,Error,3.2008992644253147
3,73,1.0133390426635742
