idx,CommunicationRound,TimeCost
9,0,7.685126543045044
9,1,1.1525609493255615
9,2,1.015838623046875
9,3,1.208073616027832
9,4,Error,1.3695792924146468
9,5,Error,1.1803606164067586
9,6,1.2276239395141602
9,7,Error,2.7484177135813
9,8,1.0374879837036133
9,9,1.1264445781707764
9,10,Error,1.8724337363801133
9,11,Error,0.5528388824065958
9,12,Error,2.3668673530285993
9,13,Error,0.06976572048746557
9,14,1.1459364891052246
9,15,Error,0.039442455834399634
9,16,Error,0.461488503993063
9,17,1.1405651569366455
9,18,Error,2.06627098358857
9,19,1.116706371307373
9,20,0.9993922710418701
9,21,1.2045490741729736
9,22,1.2391183376312256
9,23,Error,1.910247593839197
9,24,1.08441162109375
9,25,1.2300374507904053
9,26,0.985431432723999
9,27,0.9618418216705322
9,28,1.056339979171753
9,29,1.2235569953918457
9,30,Error,2.3360164025213623
9,31,0.9889543056488037
9,32,Error,2.340556724847958
9,33,Error,0.2488352056920443
9,34,Error,0.15253936994623232
9,35,Error,1.4511591674872275
9,36,Error,1.9183829704934472
9,37,Error,1.0332086309563586
9,38,Error,1.1458211747665916
9,39,Error,0.6819815174959909
9,40,1.0355124473571777
9,41,1.2037484645843506
9,42,Error,0.6094918600522473
9,43,1.1335153579711914
9,44,1.1855337619781494
9,45,Error,0.9215205427986538
9,46,Error,0.9517387594053177
9,47,Error,3.49487536960915
9,48,1.0645372867584229
9,49,Error,1.8688003277135259
9,50,1.0083591938018799
9,51,1.1573810577392578
9,52,1.2262609004974365
9,53,1.2287852764129639
9,54,Error,2.5410042681523257
9,55,0.9868929386138916
9,56,0.9565334320068359
9,57,1.1254308223724365
9,58,1.118682861328125
9,59,Error,0.1569656466942771
9,60,1.134357213973999
9,61,1.0553536415100098
9,62,Error,2.5433741825500222
9,63,Error,3.183730524847454
9,64,1.0216076374053955
9,65,1.0356528759002686
9,66,Error,0.16395534816016652
9,67,Error,2.4285205043577194
9,68,Error,0.6830172626467876
9,69,0.9875311851501465
9,70,0.9539480209350586
9,71,Error,0.7217096182459432
9,72,Error,1.2895370601016705
9,73,1.061704397201538
