idx,CommunicationRound,TimeCost
5,0,Error,8.583488154427126
5,1,Error,2.2006535588789107
5,2,1.0644912719726562
5,3,Error,0.9924257347321517
5,4,1.0248942375183105
5,5,1.074880599975586
5,6,Error,3.3695074006821604
5,7,1.219207525253296
5,8,Error,1.8673974970341192
5,9,Error,0.9988134923285699
5,10,1.064347505569458
5,11,Error,2.052861964367925
5,12,Error,0.16594115310715632
5,13,1.2672779560089111
5,14,Error,0.8535814726796185
5,15,Error,1.4241869751177607
5,16,1.005089521408081
5,17,Error,2.976392245129006
5,18,1.135085105895996
5,19,1.1114647388458252
5,20,1.1228656768798828
5,21,Error,0.48916924159403097
5,22,Error,1.1644057205690033
5,23,1.141361951828003
5,24,Error,1.6562708560630481
5,25,1.2606589794158936
5,26,1.1855030059814453
5,27,Error,0.2926842828998887
5,28,Error,1.9228013880809274
5,29,Error,2.5477441989254133
5,30,1.2644257545471191
5,31,1.0287425518035889
5,32,Error,0.03565819097404123
5,33,1.1107358932495117
5,34,Error,1.1880915606591038
5,35,Error,2.1879001843606596
5,36,Error,0.10200680222225393
5,37,1.0511598587036133
5,38,Error,0.3819877253643736
5,39,Error,0.34077045579185244
5,40,Error,2.5702531706001803
5,41,1.0581302642822266
5,42,Error,0.8360737719122838
5,43,1.045992374420166
5,44,1.229109525680542
5,45,Error,0.0685362018136903
5,46,Error,0.3989738333931044
5,47,1.0108592510223389
5,48,Error,1.7236128796755488
5,49,Error,1.6594117828769335
5,50,Error,2.138992392375525
5,51,1.1667335033416748
5,52,Error,2.601451808257238
5,53,Error,1.1955822599622574
5,54,1.0386567115783691
5,55,Error,0.738421010778061
5,56,1.1150076389312744
5,57,Error,1.3725523389499095
5,58,Error,3.10810743009119
5,59,0.9959783554077148
5,60,1.0258970260620117
5,61,Error,1.7910130771391595
5,62,1.2140583992004395
5,63,1.1719791889190674
5,64,1.2044236660003662
5,65,1.1341092586517334
5,66,Error,0.803462852173198
