idx,CommunicationRound,TimeCost
8,0,7.564087629318237
8,1,Error,1.2048808968952165
8,2,Error,0.5096442762485108
8,3,Error,0.9126885797302833
8,4,Error,0.9109395302369261
8,5,Error,0.5735534348073116
8,6,Error,1.4284977924491684
8,7,0.9714748859405518
8,8,Error,0.3221075753053935
8,9,1.0674092769622803
8,10,0.9739758968353271
8,11,0.9448390007019043
8,12,1.0970242023468018
8,13,Error,1.8539877908979367
8,14,1.0697903633117676
8,15,Error,1.8203533990945953
8,16,0.8882818222045898
8,17,Error,1.2363104012637716
8,18,Error,1.3390712662444388
8,19,0.9674572944641113
8,20,1.108922004699707
8,21,Error,1.0551974072877888
8,22,0.8928842544555664
8,23,Error,0.7992236613921178
8,24,0.9715704917907715
8,25,Error,2.014361298708822
8,26,Error,1.7884787122939514
8,27,Error,0.2140952025735692
8,28,1.0016908645629883
8,29,Error,0.7100583421921889
8,30,Error,0.7565564372577861
8,31,Error,1.8545735670013823
8,32,1.111318826675415
8,33,0.878253698348999
8,34,Error,1.1982209265003596
8,35,1.047870397567749
8,36,Error,1.9826095881709302
8,37,Error,1.7343958978262541
8,38,0.8729026317596436
8,39,Error,0.6183028802134938
8,40,1.0020241737365723
8,41,Error,1.3765547543465266
8,42,0.9343459606170654
8,43,1.0621337890625
8,44,1.0438859462738037
8,45,Error,1.2125214980752752
8,46,Error,2.5334688071932567
8,47,Error,2.5249287454535754
8,48,1.0087499618530273
8,49,Error,1.0515502120275417
8,50,Error,1.274658309969735
8,51,1.1025607585906982
8,52,0.8893108367919922
8,53,Error,0.12437665993907289
8,54,Error,1.0454418149885698
8,55,Error,0.9170564015915685
8,56,0.9227845668792725
8,57,0.9739115238189697
8,58,0.9074368476867676
8,59,1.0208256244659424
8,60,1.009108304977417
8,61,Error,2.103956266046614
8,62,Error,2.2751529217659363
8,63,Error,0.4893539510778411
8,64,Error,1.2649805838367862
8,65,Error,1.430047679054165
8,66,Error,2.4164387144531125
