idx,CommunicationRound,TimeCost
0,0,18.82670831680298
0,1,Error,8.338039619696374
0,2,Error,7.698358608509656
0,3,5.391318321228027
0,4,Error,1.3747241586126937
0,5,7.412459135055542
0,6,7.301274299621582
0,7,7.595447301864624
0,8,Error,0.23242626733987398
0,9,Error,2.4291078041324816
0,10,Error,8.55188580825175
0,11,7.431299209594727
0,12,4.967231512069702
0,13,4.448557138442993
0,14,Error,16.68819700840099
0,15,7.441679239273071
0,16,Error,3.832556632415783
0,17,Error,10.159887942678697
0,18,5.597790241241455
0,19,7.1129536628723145
0,20,Error,3.567352223173743
0,21,Error,18.020071233176466
0,22,Error,12.37646430700867
0,23,Error,1.910508476545747
0,24,6.568447828292847
0,25,Error,3.9224049953193503
0,26,Error,9.446022470863168
0,27,7.292716979980469
0,28,Error,15.842456837371413
0,29,6.269569158554077
0,30,Error,3.0856121954267577
0,31,5.571525573730469
0,32,Error,12.674172122939678
0,33,Error,17.752098125333344
0,34,Error,20.309290150876024
0,35,Error,15.606735104505894
0,36,Error,1.5342003937112645
0,37,6.670352935791016
0,38,4.814206600189209
0,39,Error,13.634753527763225
0,40,6.52733039855957
0,41,Error,2.9159037377774872
0,42,5.181817054748535
0,43,Error,11.400582032489668
0,44,Error,12.51968917408062
0,45,6.998081684112549
0,46,Error,0.8634977538310954
0,47,Error,9.239632355659651
0,48,5.87326192855835
0,49,Error,2.9503818708971856
0,50,Error,3.890914536688522
0,51,6.34888482093811
