idx,CommunicationRound,TimeCost
2,0,27.841788053512573
2,1,16.2069034576416
2,2,Error,6.890665917807682
2,3,15.747313261032104
2,4,15.406094551086426
2,5,Error,24.107053378762984
2,6,15.616430282592773
2,7,Error,7.224071379793579
2,8,16.053688049316406
2,9,19.071536540985107
2,10,17.231057167053223
2,11,Error,39.57377864490822
2,12,17.570185899734497
2,13,Error,19.751682287867016
2,14,Error,5.819393918494022
2,15,16.99161458015442
2,16,15.255292654037476
2,17,16.61438536643982
2,18,20.078071355819702
2,19,Error,9.530691723547626
2,20,Error,23.388603732855533
2,21,Error,6.200402557618633
2,22,Error,11.36232360259844
2,23,Error,3.3349116449794978
2,24,16.98637294769287
2,25,16.781187772750854
