idx,CommunicationRound,TimeCost
8,0,16.585418939590454
8,1,3.8696482181549072
8,2,3.5709421634674072
8,3,Error,2.1635947948716363
8,4,Error,2.2595871482585883
8,5,Error,3.2586174312136023
8,6,Error,0.61489797188389
8,7,3.501997470855713
8,8,3.5104002952575684
8,9,Error,1.0946179741025603
8,10,4.664381265640259
8,11,4.8832666873931885
8,12,4.934782028198242
8,13,5.101940870285034
8,14,Error,8.540204899078333
8,15,4.392721652984619
8,16,Error,7.003298244258544
8,17,4.490634918212891
8,18,Error,7.015309297179456
8,19,Error,5.587230647948146
8,20,2.872697591781616
8,21,2.93678617477417
8,22,Error,3.934650448332899
8,23,4.440136909484863
8,24,Error,4.031080637520959
8,25,2.9999005794525146
8,26,Error,6.581686821802102
8,27,Error,6.798690672685531
8,28,Error,1.0388766505067448
8,29,4.370427370071411
8,30,Error,3.0693263442133336
8,31,Error,3.834970279856491
8,32,Error,6.844028316966853
8,33,2.911900758743286
8,34,3.0408780574798584
8,35,Error,6.056428838439422
8,36,2.977796792984009
8,37,3.7112231254577637
8,38,4.865750551223755
8,39,3.9679346084594727
8,40,3.3267734050750732
8,41,Error,2.8511267385924266
8,42,3.2378387451171875
8,43,Error,4.342265530737212
8,44,2.810408115386963
8,45,3.3831067085266113
8,46,3.70023250579834
8,47,5.172961235046387
8,48,Error,0.9382942257301531
8,49,Error,4.891833922255348
8,50,3.260392904281616
8,51,Error,5.320483868859202
8,52,Error,5.561485379808761
8,53,3.648735761642456
8,54,Error,7.655739644292517
8,55,Error,0.35071953418477075
8,56,Error,3.3540943275056088
8,57,Error,4.768033917027292
8,58,2.820470094680786
8,59,2.8321311473846436
8,60,2.784196615219116
8,61,2.892688035964966
8,62,4.595774173736572
8,63,Error,8.188855593368489
8,64,Error,6.710741725182591
8,65,Error,1.9925529920177132
8,66,4.311126947402954
8,67,Error,3.8221973552855775
8,68,2.8863179683685303
8,69,3.753098726272583
8,70,Error,5.372121555291336
8,71,Error,6.8642619930678395
8,72,3.3969614505767822
8,73,Error,1.6783491409466906
8,74,Error,5.465008934968519
8,75,5.072116851806641
8,76,4.542695760726929
8,77,Error,3.01035247065387
8,78,3.689042091369629
8,79,Error,6.027193203615594
8,80,Error,6.544114072893289
8,81,3.87903094291687
8,82,Error,7.47252841016659
8,83,5.095771551132202
8,84,5.049540996551514
8,85,Error,9.480307857110086
8,86,2.8696937561035156
8,87,Error,1.0871435355134673
8,88,Error,8.917248069516127
8,89,4.159856796264648
8,90,Error,2.4209927058011953
8,91,4.968960523605347
8,92,Error,9.213689683135117
8,93,3.78302001953125
