idx,CommunicationRound,TimeCost
4,0,Error,17.082749811788258
4,1,1.682096004486084
4,2,1.6912503242492676
4,3,1.6970465183258057
4,4,Error,1.695355686508165
4,5,Error,1.3393672863333739
4,6,1.6893608570098877
4,7,1.702195405960083
4,8,1.6937825679779053
4,9,Error,2.3195159004787484
4,10,Error,2.880911071098575
4,11,1.6965196132659912
4,12,1.7056403160095215
4,13,1.7056164741516113
4,14,Error,4.800372671926614
4,15,Error,0.8884962097715349
4,16,1.7206029891967773
4,17,Error,2.546296600688707
4,18,Error,0.5975283124427796
4,19,Error,4.395905861825677
4,20,Error,2.5962120167417027
4,21,1.7272112369537354
4,22,Error,1.5995098075243561
4,23,Error,4.682809638024761
4,24,Error,0.37895412782081866
4,25,1.7287571430206299
4,26,Error,2.543796593648273
4,27,1.6946942806243896
4,28,1.7146427631378174
4,29,Error,4.591836954127745
4,30,Error,2.5704539022207755
4,31,1.7139084339141846
4,32,Error,4.351024163902951
4,33,Error,3.9959868368840046
4,34,1.7029283046722412
4,35,Error,0.04564227108774498
4,36,1.7762043476104736
4,37,Error,3.243059409656847
4,38,1.7240865230560303
4,39,1.7028532028198242
4,40,1.7073328495025635
4,41,Error,3.464288416084444
4,42,Error,2.658364321328551
4,43,Error,5.082510368993651
4,44,1.7187085151672363
4,45,Error,1.64308402154688
4,46,1.7222330570220947
4,47,Error,0.8863634578192114
4,48,1.7224056720733643
