idx,CommunicationRound,TimeCost
6,0,6.298457145690918
6,1,Error,1.0108109760691075
6,2,0.42309999465942383
6,3,Error,0.526316384318429
6,4,Error,0.6357367390850317
6,5,0.4116699695587158
6,6,Error,1.2635323730123775
6,7,0.4123051166534424
6,8,Error,0.8913653140873933
6,9,0.4259638786315918
6,10,0.4146392345428467
6,11,0.4259457588195801
6,12,Error,1.1707409759850262
6,13,0.4327542781829834
6,14,0.418914794921875
6,15,0.4239518642425537
6,16,Error,0.06586920044228146
6,17,Error,1.1984600626815767
6,18,0.417147159576416
6,19,Error,0.8020051472064096
6,20,0.4324028491973877
6,21,Error,1.0356200083980542
6,22,0.4208979606628418
6,23,0.4271667003631592
6,24,0.43428921699523926
6,25,Error,0.4184595613635581
6,26,0.4286539554595947
6,27,Error,0.9565413764686173
6,28,Error,0.3542393138299976
6,29,0.4188802242279053
6,30,Error,1.2584810422479138
6,31,Error,0.7247502052394031
6,32,Error,0.9367249818112158
6,33,0.4359734058380127
6,34,Error,0.32129238521981596
6,35,Error,0.269571526784462
6,36,0.42596983909606934
6,37,0.42867183685302734
6,38,Error,1.21198660954459
6,39,0.41841959953308105
6,40,0.4259624481201172
6,41,Error,0.10970089711411067
6,42,Error,0.6956971607235837
6,43,Error,0.36858278433498487
6,44,Error,0.5026996312581156
6,45,0.4278602600097656
6,46,Error,1.2295612404312577
6,47,Error,0.41170167937013247
6,48,Error,0.03527313597526177
