idx,CommunicationRound,TimeCost
1,0,22.331668615341187
1,1,Error,0.34783564955957175
1,2,Error,25.614153030966925
1,3,10.657334089279175
1,4,10.555508852005005
1,5,10.562706470489502
1,6,10.539664030075073
1,7,10.496139287948608
1,8,10.538359880447388
1,9,10.65742826461792
1,10,Error,1.948395775927846
1,11,10.673706293106079
1,12,10.548107147216797
1,13,Error,13.578156958365321
1,14,10.539661884307861
1,15,Error,22.400326613238256
1,16,Error,25.727331916893906
1,17,10.694342374801636
