idx,CommunicationRound,TimeCost
4,0,Error,17.187355699269084
4,1,1.6742594242095947
4,2,1.657963752746582
4,3,1.6845879554748535
4,4,Error,1.6960687902599316
4,5,Error,1.3386785378031851
4,6,1.679117202758789
4,7,1.6933493614196777
4,8,1.7230055332183838
4,9,Error,2.3287618455241286
4,10,Error,2.8470829228578056
4,11,Error,4.691373599726271
4,12,Error,4.366584425456684
4,13,Error,4.7975715997029305
4,14,Error,0.8814583001966574
4,15,1.6960828304290771
4,16,Error,2.524475996991309
4,17,Error,0.5935127172486525
4,18,Error,4.276811914445414
4,19,Error,2.678891649998212
4,20,1.708925485610962
4,21,Error,1.6000767981820876
4,22,Error,4.612711630722417
4,23,Error,0.38494491656820495
4,24,1.716233491897583
4,25,Error,2.5361876130390986
4,26,1.7098758220672607
4,27,1.7121484279632568
4,28,Error,4.672500559994373
4,29,Error,2.5985922127262278
4,30,1.726400375366211
4,31,Error,4.342299422920346
4,32,Error,3.984680255210032
4,33,1.701578140258789
4,34,Error,0.04576150761312153
4,35,1.7140932083129883
4,36,Error,3.1688280439983365
4,37,Error,1.6281590658115286
4,38,1.716416597366333
4,39,1.7649712562561035
4,40,1.7495601177215576
4,41,Error,2.7045679690548283
