idx,CommunicationRound,TimeCost
6,0,6.350593090057373
6,1,Error,1.0782339555209832
6,2,0.4109344482421875
6,3,Error,0.5201404158532884
6,4,Error,0.6261954983301272
6,5,0.41309571266174316
6,6,Error,1.3169425595869224
6,7,0.43942785263061523
6,8,Error,0.9130849572590707
6,9,0.4214792251586914
6,10,Error,1.09000929905575
6,11,Error,0.10454310438564561
6,12,Error,1.2849794872576208
6,13,0.41376256942749023
6,14,0.4328606128692627
6,15,Error,0.06610509406226185
6,16,Error,1.2418927136861477
6,17,0.4315767288208008
6,18,Error,0.714159552703781
6,19,Error,0.4474188789241127
6,20,0.41217494010925293
6,21,0.42285871505737305
6,22,Error,0.16278305181658886
6,23,0.40622377395629883
6,24,Error,1.181777869906471
6,25,Error,0.012363398656866165
6,26,Error,0.5887797101581118
6,27,0.41926145553588867
6,28,Error,0.09734279170147922
6,29,0.4382610321044922
6,30,Error,0.8773528033788587
6,31,0.4174344539642334
6,32,Error,0.5541037523640159
6,33,Error,0.1892592963695059
6,34,Error,1.1642581227714095
6,35,0.4621438980102539
6,36,0.42795348167419434
6,37,0.4157545566558838
6,38,0.41315197944641113
6,39,0.44400572776794434
6,40,Error,0.10963097644743863
6,41,Error,0.6758141597868126
6,42,Error,0.3820759723343779
