idx,CommunicationRound,TimeCost
0,0,Error,52.87092752261391
0,1,Error,11.77290621969331
0,2,Error,12.61706777282939
0,3,Error,6.159935138725644
0,4,6.73389196395874
0,5,Error,19.69454138019563
0,6,Error,12.53832845959367
0,7,Error,10.547469051720984
0,8,Error,4.855555957775471
0,9,Error,8.633957056666922
0,10,Error,12.952014495107795
0,11,Error,9.4463125723732
0,12,6.602950572967529
