idx,CommunicationRound,TimeCost
3,0,24.7022705078125
3,1,12.253676176071167
3,2,Error,27.33376512839015
3,3,Error,25.616120311401026
3,4,11.800391912460327
3,5,Error,32.07124961321887
3,6,Error,28.842576243969372
3,7,Error,20.53152908892254
3,8,Error,24.282144256767957
3,9,Error,3.0337646890600856
3,10,12.474312782287598
3,11,12.188438892364502
