idx,CommunicationRound,TimeCost
7,0,Error,18.417171285100114
7,1,Error,8.9018812256786
7,2,Error,4.742201697893196
7,3,Error,5.853539383392687
7,4,6.084777116775513
7,5,6.026311159133911
7,6,Error,13.14840375482165
7,7,Error,12.3786512242524
7,8,6.219477415084839
7,9,Error,0.12050161891230743
7,10,Error,13.443347769625433
7,11,Error,9.641751504009457
7,12,Error,5.503683555312224
