idx,CommunicationRound,TimeCost
9,0,Error,49.48228159648279
9,1,Error,17.065223721386523
9,2,8.983709335327148
9,3,Error,10.997983816910248
9,4,Error,8.544167940304877
9,5,Error,5.547961094621711
9,6,8.874558448791504
9,7,Error,16.613557309465143
9,8,Error,2.197434456271881
9,9,Error,2.528477462751319
9,10,Error,7.514791160578812
9,11,Error,3.1303330182549542
9,12,8.801865339279175
