idx,CommunicationRound,TimeCost
2,0,27.80645775794983
2,1,16.158823013305664
2,2,Error,6.9846912374653085
2,3,16.19658613204956
2,4,15.237789869308472
2,5,Error,23.98966987693617
2,6,15.372788667678833
2,7,Error,7.283596404895587
2,8,15.60387110710144
2,9,19.627662181854248
2,10,16.614867210388184
2,11,Error,38.399472388374384
2,12,17.509984731674194
2,13,Error,19.416452338956248
2,14,Error,5.5500856388176
2,15,15.833094358444214
2,16,15.8867027759552
2,17,15.821876525878906
2,18,19.45925259590149
2,19,Error,9.896462953246589
2,20,Error,22.89985133518285
2,21,Error,6.016681252103464
2,22,Error,10.758635511875207
2,23,Error,3.3820760751636714
2,24,15.969104051589966
2,25,16.24203085899353
