idx,CommunicationRound,TimeCost
3,0,25.16201138496399
3,1,12.309250354766846
3,2,Error,25.4085273501359
3,3,Error,27.14321551534821
3,4,14.28924036026001
3,5,Error,36.666117545734636
3,6,Error,34.6361986672158
3,7,Error,23.582376254670198
3,8,Error,25.638951677542686
3,9,Error,2.8647766009797015
3,10,11.644505739212036
3,11,11.501458168029785
3,12,12.386871576309204
3,13,11.995250701904297
3,14,14.1070237159729
3,15,Error,3.1869761735060345
3,16,12.06015396118164
3,17,Error,7.993413302374901
3,18,14.501234292984009
3,19,14.233256816864014
3,20,Error,1.1786644573892247
3,21,Error,19.464188924136966
3,22,Error,27.94646095180868
3,23,Error,19.72332746354506
3,24,10.802339315414429
