idx,CommunicationRound,TimeCost
6,0,15.456506967544556
6,1,Error,10.728930722840536
6,2,4.61004638671875
6,3,Error,5.216357992837984
6,4,Error,7.156182066884126
6,5,4.008103370666504
6,6,Error,10.4226684392503
6,7,4.6533591747283936
6,8,Error,10.000869198048694
6,9,4.660845518112183
6,10,4.616684198379517
6,11,4.808227300643921
6,12,Error,13.483016802531326
6,13,3.3969953060150146
6,14,3.2339980602264404
6,15,3.3742897510528564
6,16,Error,0.509804141061332
6,17,Error,13.504357716089386
6,18,4.683154344558716
6,19,Error,7.968603433355978
6,20,3.4755170345306396
6,21,Error,10.857919567021002
6,22,4.70734715461731
6,23,4.777604341506958
6,24,4.703871726989746
6,25,Error,4.745470995751759
6,26,4.695491552352905
6,27,Error,10.674011332349085
6,28,Error,3.8331799168688687
6,29,3.3908395767211914
6,30,Error,9.749428891633174
6,31,Error,5.793334743182324
6,32,Error,7.419868181162719
6,33,4.7233006954193115
6,34,Error,3.445389770730574
6,35,Error,2.832956628318815
6,36,4.712831258773804
6,37,4.8006815910339355
6,38,Error,13.066636981141604
6,39,3.3456921577453613
6,40,3.462268352508545
6,41,Error,1.143588499165007
6,42,Error,7.42948193967489
6,43,Error,2.9270692038676356
6,44,Error,5.562052997393352
6,45,4.77158260345459
6,46,Error,13.654647939932733
6,47,Error,4.543702206862042
6,48,Error,0.38888149128438826
6,49,4.808514356613159
6,50,4.784379243850708
6,51,4.695795297622681
6,52,4.869498014450073
6,53,Error,14.745397857183816
6,54,Error,3.6366139183385324
6,55,4.709419012069702
6,56,Error,8.076436749625532
6,57,3.3405611515045166
6,58,Error,5.197514556039427
6,59,Error,0.1226056471798377
6,60,3.486898899078369
6,61,Error,10.525600019151266
6,62,Error,5.21040804467034
6,63,Error,6.3933432606229585
6,64,3.6638343334198
6,65,Error,9.303771067688155
6,66,Error,7.70260419391295
6,67,Error,7.821150005548956
6,68,4.646340847015381
6,69,Error,7.235847046352514
6,70,4.656844615936279
