idx,CommunicationRound,TimeCost
7,0,16.850699424743652
7,1,Error,8.6631541754729
7,2,Error,8.247498762327595
7,3,Error,11.026074523379206
7,4,4.48572039604187
7,5,4.518213748931885
7,6,Error,3.5262896856210886
7,7,6.100836753845215
7,8,4.865933895111084
7,9,4.70111870765686
7,10,Error,0.09125752179402422
7,11,Error,10.047656037621373
7,12,5.853777170181274
7,13,6.039796352386475
7,14,Error,2.04661505050274
7,15,6.066413402557373
7,16,4.860767841339111
7,17,Error,2.822477227752311
7,18,Error,5.648587929042588
7,19,Error,9.81264885176739
7,20,5.525532960891724
7,21,5.997185230255127
7,22,5.550958633422852
7,23,Error,2.051356997016378
7,24,4.478277921676636
7,25,Error,12.69885787826282
7,26,4.617918252944946
7,27,6.120572328567505
7,28,5.9425013065338135
7,29,4.938143253326416
7,30,Error,11.429548785629278
7,31,Error,3.6847264156796804
7,32,5.8778157234191895
7,33,Error,12.870044581866951
7,34,Error,13.906529599897713
7,35,Error,9.440839575253714
7,36,Error,13.012332549847349
7,37,Error,9.526656340925673
7,38,Error,1.8301863981825297
7,39,6.236516714096069
7,40,Error,11.305425363514637
7,41,Error,14.986354174797363
7,42,Error,3.1447270141479513
7,43,5.068761587142944
7,44,Error,1.1271129534407984
7,45,6.100198030471802
7,46,6.061055898666382
7,47,6.163825035095215
7,48,Error,1.4212709093122107
7,49,6.28687596321106
7,50,Error,5.15263011887655
7,51,Error,5.43325479618509
7,52,4.6564109325408936
7,53,Error,5.619961105730414
7,54,6.026652097702026
7,55,Error,16.30033980891572
7,56,Error,3.5352049343703893
7,57,Error,2.4757433307453947
7,58,5.889210939407349
7,59,Error,12.924429014261467
7,60,Error,12.032287887957567
7,61,6.107886075973511
7,62,5.7536704540252686
