idx,CommunicationRound,TimeCost
8,0,16.219271183013916
8,1,3.8183982372283936
8,2,3.622624158859253
8,3,Error,2.1952362330531163
8,4,Error,2.2721381873460436
8,5,Error,3.3084040368776404
8,6,Error,0.6057246900979545
8,7,3.4251708984375
8,8,3.575827121734619
8,9,Error,1.130725885991451
8,10,4.890320062637329
8,11,4.7934205532073975
8,12,4.895999193191528
8,13,5.13236141204834
8,14,Error,8.268193044249756
8,15,3.8232674598693848
8,16,Error,8.392758646048915
8,17,5.007884502410889
8,18,Error,6.9466170742119715
8,19,Error,6.713177145901049
8,20,2.8616130352020264
8,21,3.106440305709839
8,22,Error,4.173938280912033
8,23,4.79467248916626
8,24,Error,3.977449327886836
8,25,2.8987228870391846
8,26,Error,7.436815210812576
8,27,Error,7.499489572664701
8,28,Error,0.9844869989618473
8,29,3.7654311656951904
8,30,Error,2.814949091823108
8,31,Error,4.3865959059633575
8,32,Error,6.310780601795148
8,33,2.9216439723968506
8,34,3.6339633464813232
8,35,Error,4.829625854654197
8,36,3.7958245277404785
8,37,3.9714362621307373
8,38,4.651491641998291
8,39,3.0266780853271484
8,40,4.9619433879852295
8,41,Error,2.428938456386372
8,42,2.86749267578125
8,43,Error,5.4098144652199345
8,44,3.3003814220428467
8,45,3.3937950134277344
8,46,4.6091468334198
8,47,5.028154373168945
8,48,Error,0.8285498232979451
8,49,Error,4.048774796472569
8,50,3.84627628326416
8,51,Error,6.188041141471818
8,52,Error,3.8950174312843147
8,53,3.8523311614990234
8,54,Error,9.799840323504908
8,55,Error,0.4303524112735919
8,56,Error,3.986024062174252
8,57,Error,3.116848401110893
8,58,3.2444210052490234
8,59,3.4916999340057373
8,60,3.131385564804077
8,61,3.8351786136627197
8,62,2.9088382720947266
8,63,Error,7.4218445713297765
8,64,Error,8.767837627381605
8,65,Error,1.3167380067427406
8,66,3.689774751663208
8,67,Error,6.677899823204798
8,68,5.2632036209106445
8,69,3.9105401039123535
8,70,Error,4.027641705210111
8,71,Error,4.665423541060107
8,72,2.9262006282806396
8,73,Error,2.72928805270536
8,74,Error,5.753108049882524
8,75,3.677154541015625
8,76,4.1173460483551025
8,77,Error,3.454956964535017
8,78,2.846268892288208
8,79,Error,5.414375673943455
8,80,Error,6.137845375551165
8,81,3.69119930267334
8,82,Error,7.595457739596044
8,83,3.6144161224365234
8,84,4.358120679855347
8,85,Error,7.723747955377569
8,86,4.2908570766448975
8,87,Error,1.4217407312192254
8,88,Error,9.558934780986158
8,89,3.7812187671661377
8,90,Error,2.8013916102273653
8,91,3.808361768722534
8,92,Error,6.980645736085339
8,93,3.7983007431030273
