idx,CommunicationRound,TimeCost
3,0,9.668334007263184
3,1,3.5149550437927246
3,2,Error,8.32750465170607
3,3,Error,7.701144425286746
3,4,3.830317974090576
3,5,Error,10.178404777539347
3,6,Error,9.409807648231887
3,7,Error,6.597556493813757
3,8,Error,7.689733253650609
3,9,Error,0.9872002813948746
3,10,3.827740430831909
3,11,3.963437795639038
3,12,3.8608808517456055
3,13,3.9066858291625977
3,14,3.934858560562134
3,15,Error,1.098979749914963
3,16,3.8926868438720703
3,17,Error,2.5314632208775865
3,18,3.9514219760894775
3,19,3.9384043216705322
3,20,Error,0.33309751812703414
3,21,Error,6.284227522485145
3,22,Error,7.973958637194599
3,23,Error,5.639285337057737
3,24,3.9685428142547607
3,25,Error,2.8325119147990905
3,26,4.090005874633789
3,27,Error,8.211150645795403
3,28,Error,8.546535293794793
3,29,Error,4.155439054317541
3,30,4.10314679145813
3,31,Error,2.2552878969441688
3,32,Error,2.9505975810953995
3,33,Error,3.7300889658362073
3,34,3.91147780418396
3,35,4.011591911315918
3,36,Error,0.4208660116834835
3,37,Error,2.765033448358241
3,38,Error,3.045646378196562
3,39,4.063518047332764
3,40,3.9285049438476562
3,41,3.8144946098327637
3,42,4.172403812408447
3,43,3.9780776500701904
