idx,CommunicationRound,TimeCost
2,0,27.81303644180298
2,1,16.29163098335266
2,2,Error,7.041135501236592
2,3,16.260789394378662
2,4,Error,9.837542253955522
2,5,Error,41.15571768006854
2,6,Error,12.650468593333063
2,7,16.24584412574768
2,8,16.92960548400879
2,9,17.33288264274597
2,10,16.2258882522583
2,11,16.765347957611084
2,12,16.48227548599243
2,13,Error,18.877969333097926
2,14,Error,5.72428124723535
2,15,16.592495918273926
2,16,17.667962074279785
2,17,15.545319080352783
2,18,15.116293668746948
2,19,Error,10.046331879051115
2,20,Error,21.594086203926103
2,21,Error,5.90400150797556
2,22,Error,11.571639169986705
2,23,Error,3.292657646354031
2,24,15.014572381973267
2,25,16.900880813598633
