idx,CommunicationRound,TimeCost
5,0,Error,7.542806585544891
5,1,Error,0.16985456693259787
5,2,0.07863020896911621
5,3,Error,0.07193825566934567
5,4,0.07713484764099121
5,5,0.07714438438415527
5,6,Error,0.2070454737404166
5,7,0.0846712589263916
5,8,Error,0.1385579192770991
5,9,Error,0.07362545366265573
5,10,0.07777547836303711
5,11,Error,0.15592943725215988
5,12,Error,0.011439911759315897
5,13,0.08650827407836914
5,14,0.08329415321350098
5,15,Error,0.07070585543040518
5,16,Error,0.16592565461871916
5,17,Error,0.209836229923601
5,18,0.07909297943115234
5,19,0.0785069465637207
5,20,0.08008003234863281
5,21,Error,0.060771559480413774
5,22,Error,0.08699064165675914
5,23,0.08042764663696289
5,24,Error,0.1253968798917525
5,25,0.08631205558776855
5,26,0.08150076866149902
5,27,Error,0.02146334799781948
5,28,Error,0.1392608885880453
5,29,Error,0.18598265025774482
5,30,0.08560609817504883
5,31,0.07535076141357422
5,32,Error,0.002655147651191516
5,33,0.07868599891662598
5,34,Error,0.0902058942953509
5,35,Error,0.16667653284941145
5,36,Error,0.007208066543631517
5,37,0.07726669311523438
5,38,0.08740067481994629
5,39,Error,0.09580705810441494
5,40,Error,0.09814894456389775
5,41,Error,0.22618955458705128
5,42,Error,0.057555023979356176
5,43,0.0774071216583252
5,44,0.08408856391906738
5,45,Error,0.005070681838141293
5,46,Error,0.03064839204777993
5,47,0.07584214210510254
