idx,CommunicationRound,TimeCost
5,0,Error,32.03116550910258
5,1,Error,27.527535825151176
5,2,Error,0.418859763292109
5,3,Error,5.7194073111129855
5,4,Error,32.38359552204187
5,5,Error,37.2332042202414
5,6,Error,1.1477841285010402
5,7,Error,12.142207975842538
5,8,Error,10.737163306128554
5,9,Error,17.475781700318596
5,10,14.000628471374512
5,11,Error,39.894459328079826
5,12,13.879774570465088
