idx,CommunicationRound,TimeCost
9,0,7.683133363723755
9,1,1.1706218719482422
9,2,1.0184168815612793
9,3,1.1945242881774902
9,4,Error,1.3576006595834413
9,5,Error,1.1736945612778178
9,6,Error,0.7643186711053505
9,7,1.0372188091278076
9,8,Error,1.9606640656024796
9,9,Error,0.2892849593252375
9,10,Error,0.3138986710144654
9,11,0.9920921325683594
9,12,1.0311343669891357
9,13,Error,0.06969988244139481
9,14,1.153228521347046
9,15,Error,0.03889610619068875
9,16,Error,0.4668141933193828
9,17,Error,1.516699502503634
9,18,0.9935858249664307
9,19,Error,0.5481778959911076
9,20,1.2047863006591797
9,21,1.1349389553070068
9,22,Error,0.3878756768472547
9,23,Error,1.4685602799707138
9,24,1.2204484939575195
9,25,0.9776241779327393
9,26,0.9532954692840576
9,27,1.0407984256744385
9,28,Error,2.822346518607152
9,29,0.9628078937530518
9,30,Error,0.9768670753308135
9,31,0.9716925621032715
9,32,Error,0.2527367640233385
9,33,Error,0.1515287456968276
9,34,Error,1.4426661303346668
9,35,Error,1.9046934857785214
9,36,Error,1.0386354920322922
9,37,Error,1.1231810774722388
9,38,Error,0.688633919869294
9,39,Error,2.718352313448023
9,40,Error,0.011032257621551283
9,41,1.0043931007385254
9,42,1.0637590885162354
9,43,Error,1.3246556397190101
9,44,1.042546033859253
9,45,Error,2.568512519851743
9,46,1.0538864135742188
9,47,1.062129259109497
9,48,Error,1.863164315042965
9,49,1.0153369903564453
9,50,Error,3.158918648380481
9,51,1.1029856204986572
9,52,Error,1.0095153691014214
9,53,Error,3.51072646723849
9,54,0.9565272331237793
9,55,Error,2.0405623434288334
9,56,Error,0.9491587992153233
9,57,0.966266393661499
9,58,Error,3.0950354504024906
9,59,Error,2.5554115267963198
9,60,Error,3.176621576908049
9,61,1.0334277153015137
9,62,1.0263946056365967
9,63,Error,0.16466607892812726
9,64,Error,2.4420272800841576
9,65,Error,0.6880279957954092
9,66,0.9925415515899658
9,67,0.9512143135070801
