idx,CommunicationRound,TimeCost
0,0,18.805363655090332
0,1,6.7251691818237305
0,2,6.609111785888672
0,3,6.548737525939941
0,4,6.694216728210449
0,5,6.60667872428894
0,6,6.666288375854492
0,7,Error,19.73084969444787
0,8,6.72400689125061
0,9,Error,0.3016916454672867
0,10,Error,3.7697060891470153
0,11,Error,9.429107024113758
0,12,6.754779577255249
0,13,6.5931713581085205
0,14,6.662460088729858
0,15,Error,20.15379202878499
0,16,6.760234117507935
0,17,6.698518991470337
