idx,CommunicationRound,TimeCost
2,0,26.422208309173584
2,1,14.55822205543518
2,2,Error,6.679727254367946
2,3,14.49567723274231
2,4,14.989274978637695
2,5,Error,19.64118040548041
2,6,15.299062967300415
2,7,Error,6.699149777929946
2,8,15.170024871826172
2,9,15.208609342575073
2,10,14.66272497177124
2,11,Error,37.396533759208175
2,12,14.554754495620728
2,13,15.24584674835205
2,14,15.100641965866089
2,15,Error,37.447971576319276
2,16,14.946906089782715
2,17,15.111881017684937
