idx,CommunicationRound,TimeCost
6,0,16.77020573616028
6,1,Error,10.995258149422739
6,2,4.726093769073486
6,3,Error,5.340434342389898
6,4,Error,7.125938837934911
6,5,4.714847564697266
6,6,4.706787347793579
6,7,Error,11.677964270272463
6,8,Error,9.930862485358162
6,9,4.672542095184326
6,10,4.714163780212402
6,11,4.763193368911743
6,12,Error,12.872237566533137
6,13,4.6645355224609375
6,14,4.604327917098999
6,15,4.739546775817871
6,16,4.513664722442627
6,17,4.55387282371521
