idx,CommunicationRound,TimeCost
9,0,21.31491231918335
9,1,8.956384658813477
9,2,8.903456926345825
9,3,8.982413291931152
9,4,Error,10.835598814088085
9,5,Error,8.510993570411399
9,6,8.910052299499512
9,7,8.712077379226685
9,8,8.868757486343384
9,9,8.841394901275635
9,10,9.005519151687622
9,11,8.658088684082031
9,12,Error,5.079606794554514
9,13,Error,18.737663631957616
9,14,Error,0.6047340912827729
9,15,8.872446060180664
9,16,Error,0.3410785308965979
9,17,8.850635051727295
