idx,CommunicationRound,TimeCost
2,0,Error,56.80414769835847
2,1,Error,11.344710710229531
2,2,Error,41.219327767717424
2,3,Error,9.66451875126824
2,4,Error,43.5677275601522
2,5,Error,13.650136819137003
2,6,18.798156261444092
2,7,15.324434041976929
2,8,16.752145290374756
2,9,15.122282266616821
2,10,14.975204706192017
2,11,17.81228542327881
2,12,Error,16.270868706939176
2,13,Error,5.1260716765339955
2,14,16.049265384674072
2,15,Error,29.906629115689302
2,16,Error,31.103263002863695
2,17,Error,9.492604300988514
