idx,CommunicationRound,TimeCost
2,0,26.329898834228516
2,1,15.033010959625244
2,2,14.903815031051636
2,3,14.786518812179565
2,4,14.606462955474854
2,5,14.862051010131836
2,6,14.753491401672363
2,7,15.194567918777466
2,8,14.78758955001831
2,9,14.829524755477905
2,10,14.735966682434082
2,11,14.91665506362915
2,12,15.378795623779297
2,13,14.927803993225098
2,14,14.86703634262085
2,15,14.752091884613037
2,16,14.542185068130493
2,17,14.704208850860596
