idx,CommunicationRound,TimeCost
8,0,16.503946542739868
8,1,5.131847858428955
8,2,5.124448776245117
8,3,5.220868825912476
8,4,5.171343803405762
8,5,5.068421363830566
8,6,5.002542972564697
8,7,5.05112624168396
8,8,Error,3.0082662231995343
8,9,5.002111196517944
8,10,5.1732165813446045
8,11,Error,11.312840183926957
8,12,5.210063219070435
8,13,5.2710280418396
8,14,5.182663202285767
8,15,5.341222763061523
8,16,5.118340492248535
8,17,5.178275108337402
