idx,CommunicationRound,TimeCost
2,0,Error,58.00480304065132
2,1,Error,9.62811882302513
2,2,Error,34.3797232606609
2,3,Error,8.852657445490715
2,4,Error,48.48821403119667
2,5,Error,12.47637350332381
2,6,17.12257742881775
2,7,17.603177547454834
2,8,Error,56.058432691604914
2,9,Error,67.53910241821326
2,10,Error,39.20144743417016
2,11,Error,25.102154055208015
