idx,CommunicationRound,TimeCost
3,0,10.437989473342896
3,1,4.166996955871582
3,2,4.172549486160278
3,3,4.146000862121582
3,4,4.188906669616699
3,5,4.334769010543823
3,6,4.165725231170654
3,7,4.4023497104644775
3,8,4.474042892456055
3,9,4.432755708694458
3,10,4.41730809211731
3,11,4.5235512256622314
3,12,4.3985443115234375
3,13,4.195152997970581
3,14,4.6014404296875
3,15,4.349641799926758
3,16,4.366248607635498
3,17,4.540964841842651
3,18,4.539657831192017
3,19,Error,11.525016921287452
3,20,4.38230037689209
3,21,4.508142471313477
3,22,4.362245082855225
3,23,4.125420331954956
3,24,4.505812644958496
3,25,4.204431056976318
3,26,4.509854555130005
3,27,4.536134243011475
3,28,4.359069108963013
3,29,4.386189699172974
3,30,4.470538854598999
3,31,4.443558692932129
3,32,4.5304856300354
3,33,Error,1.9777002363813367
3,34,4.421680450439453
3,35,4.534876823425293
3,36,4.551199436187744
3,37,4.554105043411255
3,38,4.480510473251343
3,39,4.571345567703247
3,40,4.758450031280518
3,41,4.443636178970337
3,42,4.402119159698486
3,43,4.3672099113464355
3,44,4.691651821136475
3,45,4.508316278457642
3,46,4.436806917190552
3,47,4.320457935333252
3,48,4.28507661819458
3,49,4.283679723739624
3,50,4.205461740493774
3,51,4.269268751144409
3,52,4.31559944152832
3,53,4.400092601776123
3,54,4.421597480773926
3,55,4.2578654289245605
3,56,4.507757186889648
3,57,4.553104877471924
3,58,4.222950220108032
3,59,4.364989757537842
3,60,4.448108911514282
3,61,4.469343900680542
3,62,4.3361899852752686
3,63,4.081005096435547
