idx,CommunicationRound,TimeCost
3,0,10.125782489776611
3,1,3.8577463626861572
3,2,Error,8.845953994157108
3,3,Error,8.711858223431024
3,4,4.1011903285980225
3,5,Error,10.95168347286996
3,6,Error,9.582335339823251
3,7,Error,6.6420514942438995
3,8,Error,7.9400423067050365
3,9,Error,1.0247479393114158
3,10,4.05892539024353
3,11,3.993239402770996
3,12,3.907912254333496
3,13,3.973827838897705
3,14,3.9847278594970703
3,15,Error,1.1173227407518647
3,16,4.071920871734619
3,17,4.089296579360962
3,18,4.113879680633545
3,19,Error,10.20312973270141
3,20,Error,0.3453399282282801
3,21,Error,6.553983105046684
3,22,4.123523235321045
3,23,4.048660516738892
3,24,4.0167248249053955
3,25,4.229024648666382
3,26,4.1199727058410645
3,27,4.093444347381592
3,28,Error,1.726687589232042
3,29,3.9967305660247803
3,30,4.028124094009399
3,31,4.184260368347168
3,32,4.046827793121338
3,33,Error,3.789289034635246
3,34,4.113983154296875
3,35,Error,4.8654470395542635
3,36,Error,11.780296215698094
3,37,Error,11.477402129482732
3,38,Error,0.4399308248554408
3,39,Error,2.8355338352091803
3,40,Error,3.1554770378451957
3,41,3.942283868789673
3,42,4.048903942108154
3,43,4.290238618850708
3,44,4.065297603607178
