idx,CommunicationRound,TimeCost
3,0,Error,46.66687385402811
3,1,Error,8.336157845158695
3,2,Error,11.961173197873523
3,3,Error,30.42238600056829
3,4,Error,32.99929211218121
3,5,Error,27.704952200490432
3,6,Error,18.783595210122787
3,7,Error,22.417269025165844
3,8,Error,2.6703527531187476
3,9,10.992792844772339
3,10,16.1418719291687
3,11,Error,49.78599032915499
3,12,Error,32.77711114727354
3,13,Error,4.6768639269535575
3,14,Error,9.416938149414714
3,15,Error,43.81066246162747
