idx,CommunicationRound,TimeCost
3,0,23.785617113113403
3,1,12.216672658920288
3,2,Error,27.013719541151723
3,3,Error,25.105718415208425
3,4,12.359511852264404
3,5,Error,32.56629687005319
3,6,Error,28.464429213216544
3,7,Error,20.235634753109824
3,8,Error,24.219838398245457
3,9,Error,2.9960594949322235
3,10,12.331411600112915
3,11,11.966346740722656
3,12,12.483822107315063
3,13,12.291182041168213
