idx,CommunicationRound,TimeCost
9,0,20.750694513320923
9,1,9.045652627944946
9,2,8.978914022445679
9,3,9.19693922996521
9,4,Error,11.193882265203596
9,5,Error,8.739316744151193
9,6,Error,5.683483803370824
9,7,9.024615049362183
9,8,Error,17.066525428087502
9,9,Error,2.2269676388769457
9,10,Error,2.5538125787580963
9,11,8.841913223266602
9,12,8.973260402679443
9,13,Error,0.6227271801125036
9,14,9.033772230148315
