idx,CommunicationRound,TimeCost
5,0,Error,44.47287866156974
5,1,Error,30.369707160325465
5,2,16.27414321899414
5,3,Error,9.348555982339835
5,4,19.057984590530396
5,5,6.134393930435181
5,6,Error,16.65342456195722
5,7,15.68882942199707
5,8,Error,11.074841190610782
5,9,Error,5.549729402441222
5,10,14.347210168838501
5,11,Error,13.37210687667162
5,12,Error,2.5405812402265373
5,13,12.076376914978027
5,14,Error,9.74775488925981
5,15,Error,18.923839883973155
5,16,18.033228158950806
5,17,Error,30.444836636841067
5,18,14.341413736343384
5,19,10.389617443084717
5,20,13.93805742263794
5,21,Error,2.674632583154905
5,22,Error,17.79060329643591
5,23,22.49247097969055
5,24,Error,14.532564497062651
5,25,19.732219219207764
5,26,14.054779529571533
