idx,CommunicationRound,TimeCost
0,0,Error,51.80171717749168
0,1,Error,11.869422349196697
0,2,Error,12.505987581241628
0,3,Error,6.168437787702131
0,4,Error,14.106246354662744
0,5,6.724202394485474
0,6,Error,12.640505783231337
0,7,Error,10.516063635110147
0,8,Error,4.807314494648727
0,9,Error,8.81530156043239
0,10,Error,13.145209201358668
0,11,Error,9.389574739383683
0,12,6.704101085662842
