idx,CommunicationRound,TimeCost
9,0,6.87780237197876
9,1,0.2706761360168457
9,2,0.267392635345459
9,3,0.2791104316711426
9,4,Error,0.3368587232179845
9,5,Error,0.26515893199296686
9,6,0.3473031520843506
9,7,Error,0.721632037647155
9,8,0.2728297710418701
9,9,0.275407075881958
9,10,Error,0.4840382516282105
9,11,Error,0.15360405944569053
9,12,Error,0.57560341342827
9,13,Error,0.018834556831692755
9,14,0.2786567211151123
9,15,Error,0.010531741661233345
9,16,Error,0.11075867419531558
9,17,0.2770092487335205
9,18,Error,0.5365367488666656
9,19,0.2731657028198242
9,20,0.27133893966674805
9,21,0.28074193000793457
9,22,0.2770371437072754
9,23,Error,0.5080701386128746
9,24,0.2876286506652832
9,25,0.28470897674560547
9,26,0.2685253620147705
9,27,0.2693357467651367
9,28,0.2734653949737549
9,29,0.2825939655303955
9,30,Error,0.559343367191443
9,31,0.2725639343261719
9,32,Error,0.61745825414921
9,33,Error,0.06943339505556538
9,34,Error,0.03768563300506099
9,35,Error,0.4073396437386077
9,36,Error,0.5562608857298272
9,37,Error,0.2599582756413706
9,38,Error,0.31548980575534064
9,39,Error,0.18432896606768598
9,40,0.2757582664489746
9,41,0.28434085845947266
9,42,Error,0.15595889670715932
9,43,0.2879908084869385
9,44,0.28070068359375
9,45,Error,0.24426522118112032
9,46,Error,0.2312149972635877
9,47,Error,0.8475766277965245
9,48,0.2767977714538574
9,49,Error,0.4734068849738693
9,50,0.27391695976257324
