idx,CommunicationRound,TimeCost
3,0,25.24272656440735
3,1,11.658113479614258
3,2,Error,31.02414648581609
3,3,Error,34.71804292246772
3,4,15.104885578155518
3,5,Error,45.39357692688481
3,6,Error,42.13300488481043
3,7,Error,29.5005090414913
3,8,Error,35.853891510422045
3,9,Error,3.748985635107213
3,10,18.356441020965576
3,11,25.005855321884155
3,12,28.67529273033142
3,13,19.511542081832886
3,14,Error,36.79892606667875
