idx,CommunicationRound,TimeCost
8,0,16.70000410079956
8,1,Error,4.528461620209928
8,2,Error,1.4073708367729312
8,3,Error,3.0537344853483357
8,4,Error,3.041735036161879
8,5,Error,1.9022805544240011
8,6,Error,4.968652633347282
8,7,3.4105224609375
8,8,Error,1.437175909188075
8,9,4.999999523162842
8,10,4.657777786254883
8,11,6.4489357471466064
8,12,3.8394103050231934
8,13,Error,6.6597150269691765
8,14,5.004543304443359
8,15,Error,0.8348778051179641
8,16,0.39267492294311523
8,17,Error,0.5405301714406482
8,18,Error,0.5765958496963104
8,19,0.5200719833374023
8,20,1.6719095706939697
8,21,Error,2.921764904784841
8,22,3.5888710021972656
8,23,Error,2.584247543497323
8,24,3.848253011703491
8,25,Error,10.144335554479204
8,26,Error,5.680969906351878
8,27,Error,0.5916671914681583
8,28,3.7022509574890137
8,29,Error,5.09625800975791
8,30,Error,3.9817158911388053
8,31,Error,8.206850717803905
8,32,4.8807854652404785
8,33,4.412221670150757
8,34,Error,6.2258321811483075
8,35,7.0313801765441895
8,36,Error,9.990253874935528
8,37,Error,6.840915727118501
8,38,3.1279656887054443
8,39,Error,0.9340866388544254
8,40,1.5669488906860352
8,41,Error,3.5616314483210747
8,42,2.8624913692474365
8,43,4.109550714492798
8,44,4.876188039779663
8,45,Error,8.107132478259343
8,46,Error,15.640489051324463
8,47,Error,18.933164869815258
8,48,4.711970806121826
8,49,Error,9.48359397099055
8,50,Error,12.798936569944814
8,51,6.2771077156066895
8,52,6.886524200439453
8,53,Error,1.1813912560072257
8,54,Error,10.331766145953292
8,55,Error,6.339767186062366
8,56,8.613853931427002
8,57,10.106818914413452
8,58,12.032735109329224
8,59,8.03937029838562
8,60,10.059328556060791
8,61,Error,16.53341281984471
8,62,Error,25.95654911409631
8,63,Error,4.153731703579989
8,64,Error,17.890914737613826
