idx,CommunicationRound,TimeCost
9,0,20.930243968963623
9,1,6.894640922546387
9,2,7.352670192718506
9,3,5.796302318572998
9,4,Error,3.338340713330281
9,5,Error,2.9130304818344577
9,6,Error,1.7587343023749489
9,7,6.095839738845825
9,8,Error,5.485862162497038
9,9,Error,0.5240946271687177
9,10,Error,0.6988344714137171
9,11,4.408721685409546
9,12,5.983801364898682
9,13,Error,0.3054867137462892
9,14,3.152076482772827
9,15,Error,0.08126400404150748
9,16,Error,1.6255150217714998
9,17,Error,3.084504482336837
9,18,3.9846465587615967
9,19,Error,0.21666089066287988
9,20,0.5229930877685547
9,21,1.5610370635986328
9,22,Error,0.16418325052915947
9,23,Error,0.6095276431707892
9,24,0.7063908576965332
9,25,2.107949733734131
9,26,0.30405330657958984
9,27,0.8988852500915527
9,28,Error,3.233128609278711
9,29,1.174983263015747
9,30,Error,5.125723395482802
9,31,6.163832426071167
9,32,Error,0.8221557072922334
9,33,Error,0.5042850476930631
9,34,Error,4.369742445908178
9,35,Error,2.4368694030500233
9,36,Error,2.340771418874764
9,37,Error,2.730100367745677
9,38,Error,1.8770751917701145
9,39,Error,11.416038817572769
9,40,Error,0.045122268435504244
9,41,3.344167947769165
9,42,3.498239278793335
9,43,Error,7.694724149557756
9,44,1.923182487487793
9,45,Error,6.341369975558142
9,46,5.5959312915802
9,47,4.5251665115356445
9,48,Error,5.165209564770987
9,49,6.767666339874268
9,50,Error,15.189991407065156
9,51,9.390230417251587
9,52,Error,9.04693185606102
9,53,Error,20.762827861066903
9,54,2.9703662395477295
9,55,Error,11.409803491572768
9,56,Error,3.029299116752069
9,57,7.58881139755249
9,58,Error,16.47720984437095
9,59,Error,14.015266774294245
9,60,Error,38.328472711514245
9,61,9.062331438064575
9,62,9.830150604248047
9,63,Error,0.9646595581755653
9,64,Error,16.497805433827498
9,65,Error,8.914836380116634
9,66,13.006561517715454
9,67,11.841179847717285
9,68,Error,6.645497059418583
9,69,Error,6.878478136785016
