idx,CommunicationRound,TimeCost
5,0,Error,43.64939010632105
5,1,Error,42.4286790637363
5,2,15.27047061920166
5,3,Error,11.388423358790996
5,4,19.567612171173096
5,5,1.8200957775115967
5,6,Error,18.46355313266502
5,7,3.387598752975464
5,8,Error,7.799485185001065
5,9,Error,13.249604299429997
5,10,17.469034671783447
5,11,Error,38.357746549151045
5,12,Error,2.179915476559871
5,13,5.8806211948394775
5,14,22.71860647201538
5,15,Error,29.37094355634596
5,16,Error,22.11990243576475
5,17,Error,57.0694145606734
5,18,12.158326148986816
5,19,24.957355976104736
