idx,CommunicationRound,TimeCost
8,0,16.651517629623413
8,1,4.633504390716553
8,2,4.3861987590789795
8,3,Error,3.312402731595285
8,4,Error,4.335790734432516
8,5,Error,3.8983008573577913
8,6,Error,1.1536211693820486
8,7,6.622738361358643
8,8,8.619800567626953
8,9,Error,2.5699382818364596
8,10,6.482467889785767
8,11,9.321300506591797
8,12,8.106028079986572
8,13,10.75389313697815
8,14,Error,14.214888013224535
8,15,9.801947355270386
8,16,Error,16.57554731288302
8,17,7.623061895370483
8,18,Error,11.283322579129344
8,19,Error,13.506139134976852
8,20,7.547014474868774
8,21,8.426800012588501
8,22,Error,9.091979206613255
8,23,11.408841609954834
8,24,Error,7.163542954442713
8,25,8.063875436782837
8,26,Error,14.58618179539908
8,27,Error,15.523096777208748
8,28,Error,1.044183335988024
8,29,5.202463150024414
8,30,Error,8.552061383808553
8,31,Error,5.292578078135558
8,32,Error,11.230151384086222
8,33,11.28653335571289
8,34,8.99381971359253
8,35,Error,12.244954246323191
8,36,5.936464786529541
8,37,5.146013975143433
8,38,7.682596206665039
8,39,10.602484464645386
8,40,0.5949187278747559
8,41,Error,1.3093893578544409
8,42,1.7457623481750488
8,43,Error,1.3224855391285313
8,44,0.874741792678833
8,45,2.0233914852142334
8,46,3.118968963623047
8,47,4.057658910751343
8,48,Error,0.10350755309023395
8,49,Error,0.8494041596475899
8,50,0.6580569744110107
8,51,Error,2.407431795330823
8,52,Error,1.6110466548186444
8,53,1.2510051727294922
8,54,Error,4.2934016251514855
8,55,Error,0.2522414480144744
8,56,Error,2.243285405210729
8,57,Error,2.4187359180670707
8,58,3.6853694915771484
8,59,3.3231136798858643
8,60,4.340050220489502
8,61,4.4067604541778564
8,62,2.875598430633545
8,63,Error,7.609614485489835
8,64,Error,8.96112014360381
8,65,Error,2.0527407033606737
8,66,3.605259418487549
8,67,Error,5.976359719428202
8,68,4.422403812408447
8,69,5.822535991668701
