idx,CommunicationRound,TimeCost
9,0,20.857876539230347
9,1,5.330912828445435
9,2,5.9285852909088135
9,3,3.166494369506836
9,4,Error,2.8168324953011123
9,5,Error,2.2996150807109217
9,6,Error,3.354949433822365
9,7,4.811768054962158
9,8,Error,7.55529936500354
9,9,Error,0.7620889878657494
9,10,Error,0.9142806870456215
9,11,11.225146532058716
9,12,9.47963261604309
9,13,Error,0.2482106192057548
9,14,3.605076313018799
9,15,Error,0.1553478106548904
9,16,Error,1.6557889223267048
9,17,4.080617904663086
9,18,Error,14.549965452069538
9,19,Error,5.690882938329219
9,20,8.649060726165771
9,21,3.8191263675689697
9,22,Error,1.4211559322211809
9,23,7.770910978317261
9,24,13.576162815093994
9,25,Error,30.771456223396456
9,26,14.455382585525513
9,27,10.601075410842896
9,28,19.76027750968933
9,29,Error,41.32110247231535
9,30,Error,15.018982005852607
9,31,21.93142294883728
9,32,Error,6.22679411763522
9,33,Error,1.447837640081915
9,34,Error,13.591975526636372
9,35,Error,17.835238817387943
9,36,Error,15.8358650102208
9,37,Error,15.572397194502031
9,38,Error,10.922430027854663
9,39,21.637948513031006
