idx,CommunicationRound,TimeCost
2,0,27.595123052597046
2,1,16.0931613445282
2,2,Error,6.949887492141666
2,3,15.21295166015625
2,4,15.879004955291748
2,5,Error,21.44491095811478
2,6,15.493371725082397
2,7,Error,7.136921795969765
2,8,15.219446182250977
2,9,19.350375413894653
2,10,16.554266452789307
2,11,Error,43.20730245461626
2,12,17.829952001571655
2,13,15.615605354309082
2,14,19.457939863204956
2,15,Error,42.70600779552332
2,16,18.779941082000732
2,17,17.79828119277954
2,18,Error,31.38499352295174
2,19,Error,9.9045572859873
2,20,Error,22.549878040112496
2,21,Error,6.343034022620308
2,22,Error,11.563569373679826
