idx,CommunicationRound,TimeCost
5,0,58.38249444961548
5,1,34.28757405281067
5,2,19.837078332901
5,3,18.749566316604614
5,4,Error,37.71457184344541
5,5,41.365986824035645
5,6,36.496094703674316
5,7,Error,60.16985581396026
5,8,24.954633235931396
5,9,36.19358444213867
5,10,Error,26.58547414813386
