idx,CommunicationRound,TimeCost
8,0,16.42491316795349
8,1,3.7802953720092773
8,2,3.607935667037964
8,3,Error,2.7474287495179777
8,4,Error,2.914270678729486
8,5,Error,3.279540937015825
8,6,Error,0.7101280977281078
8,7,3.477916717529297
8,8,3.589799404144287
8,9,4.043319463729858
8,10,4.506290674209595
8,11,Error,10.13701883137687
8,12,3.9736549854278564
8,13,3.738947629928589
8,14,Error,4.706315669429408
8,15,5.065146207809448
8,16,Error,9.161636440354712
8,17,2.9853596687316895
8,18,3.060354709625244
8,19,Error,5.032942585215071
8,20,Error,10.04841623874846
8,21,4.0482237339019775
8,22,Error,5.4763175151567545
8,23,3.6247973442077637
8,24,Error,3.0334284560276363
8,25,4.4795873165130615
8,26,Error,10.081775902478329
8,27,Error,7.867765391583412
8,28,Error,0.9594297374026297
8,29,3.8572936058044434
8,30,4.579270124435425
8,31,Error,2.2574165144117084
8,32,2.789135456085205
8,33,3.0540289878845215
8,34,3.8786122798919678
8,35,3.534212350845337
8,36,Error,5.4594478244439
8,37,5.020612001419067
8,38,4.960800409317017
8,39,4.984663963317871
8,40,3.520848274230957
8,41,3.612908124923706
8,42,Error,2.0654529489409796
8,43,2.8496897220611572
8,44,Error,5.595392678011122
8,45,4.854084253311157
8,46,3.4479880332946777
8,47,2.849539279937744
8,48,3.0146143436431885
8,49,3.6511685848236084
8,50,3.553365707397461
8,51,2.9385902881622314
8,52,3.377584457397461
8,53,Error,5.2810430422058685
8,54,Error,4.009229670133241
8,55,3.7006235122680664
8,56,Error,10.449621029473004
8,57,3.1493606567382812
8,58,Error,3.3805366042902802
8,59,3.357140302658081
8,60,Error,2.6097517835055677
8,61,Error,10.90607285921565
8,62,2.7930285930633545
8,63,2.880927324295044
8,64,3.11454439163208
8,65,Error,9.981384669298182
8,66,Error,10.736698335813683
8,67,Error,1.7048010054674156
8,68,3.571223497390747
8,69,Error,4.962950077544436
8,70,3.9965028762817383
8,71,5.037776708602905
8,72,Error,3.9166852879194
8,73,Error,6.597519669952584
8,74,4.436823844909668
8,75,Error,2.217435286019734
8,76,Error,5.7265430312510395
8,77,3.1845288276672363
8,78,3.0730602741241455
8,79,Error,4.7201684277102265
8,80,4.380039930343628
8,81,Error,7.100175173337101
8,82,Error,8.666521031723725
8,83,2.911972761154175
8,84,Error,6.888912893492228
8,85,4.586140394210815
8,86,3.6043648719787598
8,87,2.8368077278137207
8,88,Error,10.292002273952855
8,89,Error,1.0903821157367575
8,90,Error,6.493906999010095
8,91,3.623410701751709
8,92,Error,2.697742234647494
8,93,5.031955242156982
