idx,CommunicationRound,TimeCost
2,0,Error,56.81744963190204
2,1,Error,11.472600612571021
2,2,Error,40.525365053998506
2,3,Error,9.594782606653057
2,4,Error,44.43779906797252
2,5,Error,13.599073805803227
2,6,18.957342863082886
2,7,15.462510347366333
2,8,16.905627965927124
2,9,15.573618650436401
2,10,15.31926703453064
2,11,17.868539094924927
2,12,Error,16.81158496229921
2,13,Error,5.3835188880956055
2,14,16.027700185775757
2,15,Error,29.082008392022615
2,16,Error,30.872285095888614
2,17,Error,9.240559243410791
