idx,CommunicationRound,TimeCost
8,0,16.740008115768433
8,1,5.074067115783691
8,2,5.188948631286621
8,3,Error,4.000273252451475
8,4,Error,4.186188127913067
8,5,Error,4.766206062506788
8,6,Error,1.0849000345377338
8,7,5.1051576137542725
8,8,5.202545404434204
8,9,5.3423168659210205
8,10,5.110506296157837
8,11,Error,10.351678098580276
8,12,5.11111307144165
8,13,5.167503356933594
8,14,Error,8.328939768930839
8,15,5.086841583251953
