idx,CommunicationRound,TimeCost
4,0,Error,18.436726208700062
4,1,2.0312998294830322
4,2,2.1262128353118896
4,3,2.0406668186187744
4,4,Error,2.140620183956662
4,5,Error,1.4628971696950748
4,6,2.131633996963501
4,7,2.1881861686706543
4,8,2.1469221115112305
4,9,Error,2.7926856177799677
4,10,Error,3.5281263381404457
4,11,2.103560209274292
4,12,2.1301183700561523
4,13,2.156507968902588
4,14,2.2133498191833496
4,15,Error,0.9610930106664133
4,16,2.0475387573242188
4,17,1.8251559734344482
4,18,1.8973896503448486
4,19,Error,0.6923254040488318
4,20,2.1376285552978516
4,21,1.8590717315673828
4,22,1.8923711776733398
4,23,2.1145527362823486
4,24,Error,2.0401401303258493
4,25,2.0923755168914795
4,26,1.8628337383270264
4,27,Error,5.496760445603082
4,28,2.3798413276672363
4,29,1.9641225337982178
4,30,1.9470160007476807
4,31,1.796400547027588
4,32,Error,5.490249955589277
4,33,Error,3.079466899762428
4,34,2.213505744934082
4,35,Error,5.864104991073174
4,36,2.32059645652771
4,37,1.9977891445159912
4,38,Error,0.5060702362195408
4,39,1.9135160446166992
4,40,2.145860433578491
4,41,2.086918592453003
4,42,2.270164966583252
4,43,2.025721311569214
4,44,2.1192991733551025
4,45,Error,4.692013426574115
4,46,1.838695764541626
4,47,Error,1.5591699673375081
4,48,2.0503463745117188
4,49,2.1117589473724365
4,50,2.1294939517974854
4,51,2.0355544090270996
4,52,Error,1.1712240540707408
4,53,1.99798583984375
4,54,1.8813881874084473
4,55,1.9878880977630615
4,56,Error,0.6526056439415499
4,57,1.9821662902832031
4,58,2.14715838432312
4,59,1.9126875400543213
4,60,Error,5.373842118270101
4,61,1.8125405311584473
4,62,2.25359845161438
4,63,2.0802457332611084
4,64,2.262683153152466
4,65,1.8442919254302979
4,66,Error,3.4923303401546915
4,67,Error,4.709327017959783
4,68,2.141618013381958
4,69,2.283216714859009
4,70,2.336745500564575
4,71,Error,1.8350957529142846
4,72,Error,6.051849149664244
4,73,2.230502128601074
4,74,2.247018814086914
4,75,2.067039728164673
4,76,2.0697805881500244
4,77,2.0664448738098145
4,78,Error,5.5672861215491105
4,79,2.188189744949341
4,80,2.2256596088409424
4,81,2.1656858921051025
4,82,2.0886826515197754
4,83,1.9403629302978516
4,84,2.0540008544921875
4,85,1.9351627826690674
4,86,Error,6.140958404185691
4,87,2.0108509063720703
4,88,Error,4.134497612723706
4,89,2.092498302459717
4,90,Error,2.8077000043915277
4,91,2.100959062576294
4,92,1.9641144275665283
