idx,CommunicationRound,TimeCost
2,0,Error,57.11549103452342
2,1,Error,11.354593009081162
2,2,Error,40.24503823730442
2,3,Error,9.579038898904313
2,4,Error,38.41976732562056
2,5,Error,12.338928515931217
2,6,15.25233006477356
2,7,17.86986756324768
2,8,Error,43.5935585496817
2,9,Error,43.00117861031345
2,10,Error,25.26467751204487
2,11,Error,19.24588915086036
2,12,Error,37.13427483049177
2,13,16.502894639968872
