idx,CommunicationRound,TimeCost
0,0,7.387452840805054
0,1,Error,1.6702222814909007
0,2,Error,1.5319106800666704
0,3,1.0079662799835205
0,4,Error,0.23367353092582846
0,5,1.0621833801269531
0,6,0.8382468223571777
0,7,1.1027426719665527
0,8,Error,0.04510694016268785
0,9,Error,0.5585203656640635
0,10,Error,1.2618023088756634
0,11,0.9556765556335449
0,12,0.9751899242401123
0,13,0.9715750217437744
0,14,Error,2.852461978720045
0,15,1.104125738143921
0,16,Error,0.7090775589412381
0,17,Error,2.091179615470155
0,18,0.939598798751831
0,19,0.9413750171661377
0,20,Error,0.6831238641584044
0,21,Error,3.2150252150774086
0,22,Error,1.7638465988669443
0,23,Error,0.27596074884640176
0,24,0.9233548641204834
0,25,Error,0.7796140090253526
0,26,Error,2.035849585618051
0,27,0.8831150531768799
0,28,Error,2.0858808207719512
0,29,0.8663616180419922
0,30,Error,0.5513316160358185
0,31,0.9069228172302246
0,32,Error,2.8714760072527263
0,33,Error,2.282958169471627
0,34,Error,3.039574734811323
0,35,Error,2.059572808379879
0,36,Error,0.2038475536437934
0,37,0.855048656463623
0,38,0.9061763286590576
0,39,Error,2.7129696211116814
0,40,0.9730112552642822
0,41,Error,0.5006596142399975
0,42,1.0946228504180908
0,43,Error,2.0082601304801457
0,44,Error,3.1390546255471063
0,45,1.084096908569336
0,46,Error,0.11063014829980558
0,47,Error,2.33381984809315
0,48,0.9067976474761963
0,49,Error,0.5292499681089894
0,50,Error,0.7153183171105434
0,51,0.9929049015045166
0,52,Error,2.7746939901950527
0,53,Error,0.717293791584603
0,54,Error,0.5072381145327207
0,55,0.9391648769378662
0,56,Error,2.337242232413493
0,57,1.1146941184997559
0,58,1.0269043445587158
0,59,Error,0.04685614263662615
0,60,1.091649055480957
0,61,Error,2.1163078152436676
0,62,0.9666786193847656
0,63,0.9198157787322998
0,64,0.8507523536682129
0,65,1.0445964336395264
0,66,1.0423173904418945
0,67,1.0632312297821045
0,68,0.932452917098999
0,69,1.0931103229522705
