idx,CommunicationRound,TimeCost
3,0,6.756601572036743
3,1,1.1201536655426025
3,2,Error,2.2023434800881843
3,3,Error,2.3057743714704673
3,4,1.03361177444458
3,5,Error,2.5856704039457354
3,6,Error,2.4743341210387992
3,7,Error,1.8337107659122458
3,8,Error,2.1863867183422117
3,9,Error,0.2412142451633461
3,10,0.9987754821777344
3,11,1.040276050567627
3,12,1.052445650100708
3,13,1.1839861869812012
3,14,0.9565258026123047
3,15,Error,0.31430569380964873
3,16,1.1698729991912842
3,17,Error,0.642359958457149
3,18,1.1636357307434082
3,19,0.951977014541626
3,20,Error,0.07986712395889771
3,21,Error,1.8007586321076057
3,22,Error,1.9704863797034855
3,23,Error,1.5786811790012876
3,24,1.0496046543121338
3,25,Error,0.6745574434585502
3,26,1.1701045036315918
3,27,Error,1.9860995064565976
3,28,Error,2.320321065586215
3,29,Error,1.2473848809543115
3,30,1.0869934558868408
3,31,Error,0.5648006201095193
3,32,Error,0.8353550190727185
3,33,Error,0.9776533589029209
3,34,1.213939905166626
3,35,1.0236949920654297
3,36,Error,0.10989825632755673
3,37,Error,0.6647724879671758
3,38,Error,0.8749656144687536
3,39,1.0939342975616455
3,40,1.01511549949646
3,41,1.0285987854003906
3,42,1.0971171855926514
3,43,1.1490027904510498
3,44,Error,1.366443024400126
3,45,1.2172400951385498
3,46,Error,3.1514879430628757
3,47,Error,3.0746172055484897
3,48,Error,0.8222882507859641
3,49,Error,1.9912617082597837
3,50,Error,1.3079041349075675
3,51,Error,2.5833880504595177
3,52,Error,1.3028199520619188
3,53,Error,0.4299904912622096
3,54,Error,2.2786459258071075
3,55,0.9887721538543701
3,56,Error,3.155953725237443
3,57,1.1103172302246094
3,58,Error,0.7544612271246367
3,59,1.060215711593628
3,60,Error,2.434044030621394
3,61,1.1993141174316406
3,62,0.958390474319458
3,63,1.029752492904663
3,64,1.1756229400634766
3,65,Error,2.850042733728116
3,66,Error,1.1586315545743997
3,67,Error,1.5035855883515645
3,68,Error,1.8534394451191725
3,69,1.036158800125122
