idx,CommunicationRound,TimeCost
4,0,Error,15.281727761958257
4,1,0.932913064956665
4,2,0.8980000019073486
4,3,1.0832369327545166
4,4,Error,1.1955255732924897
4,5,Error,0.8664716414880196
4,6,0.9549636840820312
4,7,1.1382949352264404
4,8,0.9445376396179199
4,9,Error,1.4184521745724672
4,10,Error,1.7302261350537143
4,11,0.9951920509338379
4,12,1.1567671298980713
4,13,1.0078065395355225
4,14,Error,3.322007443518565
4,15,Error,0.4522221772571142
4,16,1.161926031112671
4,17,Error,1.631559673143679
4,18,Error,0.40063937236671965
4,19,Error,2.275188127435799
4,20,Error,1.582783043762442
4,21,0.9431676864624023
4,22,Error,0.9138075121572231
4,23,Error,3.059204789647306
4,24,Error,0.2194708386783999
4,25,1.1555163860321045
4,26,Error,1.524617302599598
4,27,0.9990365505218506
4,28,1.1500170230865479
4,29,Error,2.5974530206564133
4,30,Error,1.7357463611752462
4,31,1.0263781547546387
4,32,Error,2.2841519145471776
4,33,Error,2.4538380764374152
4,34,1.0668179988861084
4,35,Error,0.025715248215948394
4,36,0.9856054782867432
4,37,Error,1.8551182920899676
4,38,1.1002600193023682
4,39,0.9788212776184082
4,40,1.1206862926483154
4,41,Error,2.3043590266725142
4,42,Error,1.5344347619385676
4,43,Error,2.7518122620691017
4,44,0.9830946922302246
4,45,Error,1.0362397711936167
4,46,1.0643491744995117
4,47,Error,0.5111948012740635
4,48,1.1371960639953613
4,49,0.9216656684875488
4,50,Error,2.8407053745859336
4,51,Error,0.9583863862528558
4,52,1.099759817123413
4,53,1.0283548831939697
4,54,1.0042715072631836
4,55,0.8894650936126709
4,56,0.9361922740936279
4,57,1.1317620277404785
4,58,1.0492064952850342
4,59,Error,0.7765766314896189
4,60,1.045799970626831
4,61,0.9249861240386963
4,62,Error,2.16177661273361
4,63,Error,2.8781044096101267
4,64,1.1677939891815186
4,65,Error,0.3920138925588083
4,66,0.9648971557617188
4,67,0.9077260494232178
4,68,1.0896689891815186
4,69,0.9195563793182373
