idx,CommunicationRound,TimeCost
5,0,Error,8.58391402366607
5,1,Error,2.1924408291979973
5,2,1.0561342239379883
5,3,Error,0.9919660745549412
5,4,1.0214312076568604
5,5,1.0673177242279053
5,6,Error,3.375281121460935
5,7,1.2182629108428955
5,8,Error,1.8650126174203114
5,9,Error,0.9884841342846785
5,10,1.0564396381378174
5,11,Error,2.0709006995270456
5,12,Error,0.16629727229208982
5,13,1.2648437023162842
5,14,1.2079052925109863
5,15,Error,0.9590784706860966
5,16,Error,2.313867115015782
5,17,Error,3.007003680691249
5,18,1.1302573680877686
5,19,1.1226742267608643
5,20,1.1120216846466064
5,21,Error,0.48654303036598057
5,22,Error,1.1681127321493683
5,23,1.139401912689209
5,24,Error,1.6889013539030746
5,25,1.247925043106079
5,26,1.1842820644378662
5,27,Error,0.2943737847623153
5,28,Error,1.9229562059256589
5,29,Error,2.589318640701994
5,30,1.2540373802185059
5,31,1.0377848148345947
5,32,Error,0.034755774310475496
5,33,1.1442337036132812
5,34,Error,1.1659618604559006
5,35,Error,2.182319228723118
5,36,Error,0.10146384742812262
5,37,1.0432887077331543
5,38,1.2450206279754639
5,39,Error,1.2505445978362795
5,40,Error,1.3213393040682089
5,41,Error,3.249687379372533
5,42,Error,0.8348409049277722
5,43,1.0392930507659912
5,44,1.2244465351104736
5,45,Error,0.06870131109610533
5,46,Error,0.39659412858687837
5,47,1.0054264068603516
5,48,Error,1.7061547954377934
5,49,1.1204400062561035
5,50,Error,0.27069536832601565
5,51,1.1665194034576416
5,52,Error,1.6544501740792559
5,53,1.2151269912719727
5,54,Error,0.5141409935585266
5,55,Error,1.3940697066118526
5,56,Error,2.2813303532435247
5,57,Error,1.3858158593688148
5,58,Error,3.175202471560765
5,59,0.9887080192565918
5,60,1.0301177501678467
5,61,Error,1.7852303205631461
5,62,1.2251741886138916
5,63,1.1513721942901611
5,64,1.2015767097473145
5,65,1.1378083229064941
5,66,1.2125449180603027
5,67,1.0465941429138184
5,68,1.0876750946044922
5,69,1.1992347240447998
