idx,CommunicationRound,TimeCost
4,0,Error,15.418852329770582
4,1,0.9427847862243652
4,2,0.8883295059204102
4,3,1.0859405994415283
4,4,Error,1.1953565466656721
4,5,Error,0.863026768814877
4,6,0.9541137218475342
4,7,1.1389119625091553
4,8,0.9359955787658691
4,9,Error,1.4109679670208453
4,10,Error,1.7146065568990347
4,11,Error,2.784123755780982
4,12,Error,2.7923772042258928
4,13,Error,3.334395969511727
4,14,Error,0.46105974619023526
4,15,1.1561896800994873
4,16,Error,1.6263513772471232
4,17,Error,0.39885236350885206
4,18,Error,2.2742419020466076
4,19,Error,1.579738962964345
4,20,0.9393937587738037
4,21,Error,0.927442891728237
4,22,Error,3.071369607477359
4,23,Error,0.21503046153704655
4,24,1.150707721710205
4,25,Error,1.5140642055175066
4,26,1.0032589435577393
4,27,1.1416962146759033
4,28,Error,2.607553554771914
4,29,Error,1.7179033568771973
4,30,1.0332896709442139
4,31,Error,2.2714803100364382
4,32,Error,2.4217157024063267
4,33,1.0628409385681152
4,34,Error,0.02583899808447952
4,35,0.9869949817657471
4,36,Error,1.863911928059217
4,37,Error,1.0235329678085467
4,38,1.1261937618255615
4,39,1.149519443511963
4,40,0.8998050689697266
4,41,Error,1.5314898741544034
4,42,Error,2.7520274174762527
4,43,0.9781529903411865
4,44,Error,1.0373287101867597
4,45,1.0638527870178223
4,46,Error,0.5116657293249234
4,47,1.135347843170166
4,48,0.9216048717498779
4,49,Error,2.8464702533107866
4,50,Error,0.9602050504480552
4,51,Error,1.6037963977289191
4,52,Error,2.7218346962090303
4,53,0.8917598724365234
4,54,0.93318772315979
4,55,1.129573106765747
4,56,Error,2.372950936678599
4,57,Error,1.6709512449089094
4,58,Error,1.6575018616910102
4,59,Error,2.1726434231033007
4,60,Error,2.890863081876676
4,61,1.1757159233093262
4,62,Error,0.39173902091398355
4,63,0.9531891345977783
4,64,0.9080007076263428
4,65,1.0925147533416748
4,66,0.9138572216033936
4,67,0.9458212852478027
