idx,CommunicationRound,TimeCost
6,0,15.93064546585083
6,1,Error,10.694988266819571
6,2,4.721535921096802
6,3,Error,5.217580766448496
6,4,Error,7.14003292313517
6,5,4.079712390899658
6,6,Error,10.394235472259448
6,7,4.573136806488037
6,8,Error,10.111224646992348
6,9,4.651559352874756
6,10,4.622466325759888
6,11,4.691051483154297
6,12,Error,13.498228912850408
6,13,3.3824496269226074
6,14,3.2441983222961426
6,15,3.387122631072998
6,16,Error,0.5215547698599727
6,17,Error,13.333039427089922
6,18,4.626374006271362
6,19,Error,7.87523149588142
6,20,3.4182729721069336
6,21,Error,11.087786646191352
6,22,4.560528039932251
6,23,4.759865045547485
6,24,4.647903919219971
6,25,Error,4.787839086068389
6,26,4.792016506195068
6,27,Error,10.84666293909985
6,28,Error,3.8836700075900126
6,29,3.4161505699157715
6,30,Error,9.56038750499198
6,31,Error,5.754267978527689
6,32,Error,7.461049541899396
6,33,4.324850082397461
6,34,Error,3.462401187036432
6,35,Error,2.814149651651164
6,36,4.651800870895386
6,37,4.87993311882019
6,38,Error,13.298054999411406
6,39,3.2890186309814453
6,40,3.477137804031372
6,41,Error,1.0204275691840095
6,42,Error,7.627057483018922
6,43,Error,2.8842627475495464
6,44,Error,5.62733402295879
6,45,4.7844319343566895
6,46,Error,13.383440457779766
6,47,Error,4.613117780562009
6,48,Error,0.3958486604644457
6,49,4.807844877243042
6,50,4.710123062133789
6,51,4.792791366577148
6,52,4.957509756088257
6,53,Error,14.330597689874836
6,54,Error,3.634811294385752
6,55,4.583354949951172
6,56,Error,8.247918689295462
6,57,3.4249234199523926
6,58,Error,5.076601796222259
6,59,Error,0.12119702124111832
6,60,3.304309368133545
6,61,Error,8.404009880259194
6,62,Error,7.160214477073086
6,63,Error,6.6144883893486845
6,64,4.62096905708313
6,65,Error,9.598771578092093
6,66,Error,7.796663345030672
6,67,Error,8.094256105684023
6,68,4.714571952819824
6,69,Error,7.781600071743781
6,70,4.613632440567017
