idx,CommunicationRound,TimeCost
8,0,16.5704083442688
8,1,3.846010684967041
8,2,3.5671887397766113
8,3,Error,2.173406193415649
8,4,Error,2.222078324446906
8,5,Error,3.394036624834778
8,6,Error,0.6108744019307791
8,7,3.396866798400879
8,8,3.5300514698028564
8,9,Error,1.103133254243558
8,10,4.717755079269409
8,11,4.811275959014893
8,12,5.012682199478149
8,13,5.115752220153809
8,14,Error,8.503888214441883
8,15,4.264071464538574
8,16,Error,7.203649260253897
8,17,4.868333578109741
8,18,Error,7.241728071404218
8,19,Error,6.045014628296495
8,20,2.8057711124420166
8,21,2.890906810760498
8,22,Error,4.074921920107003
8,23,4.72121787071228
8,24,Error,4.115759676896846
8,25,2.841510534286499
8,26,Error,6.94799392327617
8,27,Error,7.112144971265683
8,28,Error,0.99934112579346
8,29,3.941774368286133
8,30,Error,3.0561174475056605
8,31,Error,4.079716741084227
8,32,Error,6.534494046902481
8,33,2.970024824142456
8,34,3.926473379135132
8,35,Error,4.918342084042682
8,36,3.4908535480499268
8,37,3.731718063354492
8,38,4.776691436767578
8,39,3.0701096057891846
8,40,4.6862952709198
8,41,Error,2.550791583077955
8,42,2.8835179805755615
8,43,Error,5.038278084086906
8,44,3.153963088989258
8,45,3.59386944770813
8,46,4.345804929733276
8,47,4.937655448913574
8,48,Error,0.8934749137893341
8,49,Error,4.027868803208464
8,50,3.6834492683410645
8,51,Error,5.376225612709638
8,52,Error,4.7619236112918255
8,53,3.783386468887329
8,54,Error,8.020033395851907
8,55,Error,0.36068925863924534
8,56,Error,4.085405086045604
8,57,Error,3.4559636182906077
8,58,2.7660646438598633
8,59,3.4375803470611572
8,60,3.184974193572998
8,61,3.312136173248291
8,62,3.839517593383789
8,63,Error,6.141357781787653
8,64,Error,7.810768137246327
8,65,Error,1.422360504878064
8,66,3.444821357727051
8,67,Error,4.961065073834127
8,68,4.55830192565918
8,69,5.169260501861572
8,70,Error,4.021054923102874
8,71,Error,4.936920192862753
8,72,2.886333465576172
8,73,Error,1.6661249826085094
8,74,Error,7.232141876747531
8,75,3.557554244995117
8,76,3.759880542755127
8,77,Error,4.350768279439306
8,78,3.223942756652832
8,79,Error,4.671273864879155
8,80,Error,9.084691134216024
8,81,3.6139917373657227
8,82,Error,6.874835753713972
8,83,3.703327178955078
8,84,4.770387172698975
8,85,Error,9.239853404933468
8,86,3.60278582572937
8,87,Error,1.396579427938182
8,88,Error,9.52243164339892
8,89,4.357899904251099
8,90,Error,2.2773184373171325
8,91,3.866267204284668
8,92,Error,9.858930509056794
8,93,2.9780468940734863
