idx,CommunicationRound,TimeCost
2,0,26.016775369644165
2,1,15.157629013061523
2,2,14.938425302505493
2,3,15.11241888999939
2,4,14.443050861358643
2,5,15.115384101867676
2,6,14.77739691734314
2,7,14.749016523361206
2,8,15.2083580493927
2,9,15.089720964431763
2,10,14.897146224975586
2,11,15.078353881835938
2,12,14.986397743225098
2,13,14.754462957382202
2,14,14.466193199157715
2,15,14.894391775131226
2,16,14.485530614852905
2,17,14.94176435470581
