idx,CommunicationRound,TimeCost
6,0,15.884788036346436
6,1,4.676004648208618
6,2,4.642061710357666
6,3,4.672234773635864
6,4,4.544801235198975
6,5,4.614935636520386
6,6,4.502218961715698
6,7,4.607542276382446
6,8,4.583304166793823
6,9,4.514366388320923
6,10,4.6511640548706055
6,11,4.650376319885254
6,12,4.6988770961761475
6,13,4.601071119308472
6,14,4.610543727874756
6,15,4.517295837402344
6,16,4.6409173011779785
6,17,4.416030406951904
