idx,CommunicationRound,TimeCost
9,0,28.853106021881104
9,1,16.796457767486572
9,2,16.88767647743225
9,3,17.065783500671387
9,4,16.856394290924072
9,5,16.8184597492218
9,6,16.72896933555603
9,7,17.10715413093567
9,8,16.791382312774658
9,9,16.924943685531616
9,10,16.87744903564453
9,11,17.002196788787842
9,12,16.834115743637085
9,13,Error,9.60907027905772
9,14,17.020455360412598
9,15,16.83747148513794
9,16,Error,35.99789924415589
9,17,16.944140434265137
