idx,CommunicationRound,TimeCost
1,0,Error,45.91933459964345
1,1,Error,11.854879177201683
1,2,10.644874811172485
1,3,Error,17.834850109599728
1,4,Error,14.109675071116706
1,5,10.554957151412964
1,6,10.558005094528198
1,7,Error,10.652394390192864
1,8,10.702834367752075
1,9,Error,28.81810203314867
1,10,Error,31.485742166387503
1,11,Error,13.594462550841898
1,12,Error,19.676816338091406
