idx,CommunicationRound,TimeCost
4,0,Error,39.80433923442007
4,1,6.159393548965454
4,2,6.053853988647461
4,3,6.130901336669922
4,4,Error,6.249324023066389
4,5,Error,4.852023587724822
4,6,6.1385579109191895
4,7,6.235316276550293
4,8,6.0614025592803955
4,9,Error,8.482839017315792
4,10,Error,10.261034117133066
4,11,Error,17.16662186409837
4,12,Error,15.884697364597846
