idx,CommunicationRound,TimeCost
5,0,Error,32.36210229154838
5,1,Error,26.794858066595687
5,2,Error,0.41105195449745907
5,3,Error,5.849453700312136
5,4,Error,32.369048102845845
5,5,Error,36.89993833345214
5,6,Error,1.1358328097907244
5,7,Error,12.12797195368686
5,8,Error,10.698388743909852
5,9,Error,17.516144069164532
5,10,13.865261316299438
5,11,Error,40.02182901690054
5,12,13.924331188201904
