idx,CommunicationRound,TimeCost
0,0,8.070102453231812
0,1,1.4441423416137695
0,2,1.4477496147155762
0,3,1.4703361988067627
0,4,1.458906888961792
0,5,Error,0.39672469647169695
0,6,1.4790587425231934
0,7,1.4592928886413574
0,8,1.4745054244995117
0,9,Error,0.0665795181045431
0,10,Error,0.8488165898058609
0,11,Error,2.054004571239442
0,12,1.47318696975708
0,13,1.4689967632293701
0,14,1.477064847946167
0,15,Error,4.375836802556235
0,16,1.4881505966186523
0,17,Error,1.0229241494457595
0,18,Error,3.3758766664556643
0,19,1.473262071609497
0,20,1.4853971004486084
0,21,Error,0.9407680850210749
0,22,1.4846251010894775
0,23,Error,0.332953443738008
0,24,1.4857895374298096
0,25,Error,1.4821443864400918
0,26,1.4913177490234375
0,27,Error,0.4504164016529002
0,28,1.4923908710479736
0,29,1.5836286544799805
0,30,Error,3.273905078386557
0,31,1.4826076030731201
0,32,1.486107349395752
0,33,Error,4.350210813204113
0,34,Error,3.973722838679347
0,35,Error,3.814009772551553
0,36,Error,4.473452288972264
0,37,Error,3.4410158630749734
0,38,Error,0.3318610500187014
0,39,1.4899134635925293
0,40,1.5010559558868408
0,41,1.4884352684020996
0,42,1.4979910850524902
0,43,1.5045192241668701
0,44,Error,4.084136259319647
0,45,Error,0.8779095789412475
0,46,1.5040934085845947
0,47,1.4963688850402832
0,48,1.513474702835083
0,49,Error,0.17494763067677213
