idx,CommunicationRound,TimeCost
3,0,Error,47.16890702158252
3,1,Error,9.372911735438997
3,2,Error,11.01455567182941
3,3,Error,28.158737676927025
3,4,Error,32.42513462973564
3,5,Error,28.826299069781278
3,6,Error,19.189963400131546
3,7,Error,23.5594394616322
3,8,Error,2.9056094870280575
