idx,CommunicationRound,TimeCost
8,0,Error,26.339173423031088
8,1,Error,15.218152457148044
8,2,Error,3.9158396891071274
8,3,Error,4.088997195076602
8,4,Error,4.713910424974737
8,5,Error,1.0883580019848522
8,6,Error,5.81992727247986
8,7,5.188847064971924
8,8,Error,10.877507885135698
