idx,CommunicationRound,TimeCost
1,0,Error,46.51972500837349
1,1,Error,12.165208891934462
1,2,10.783525705337524
1,3,Error,18.178487800757903
1,4,Error,14.348254038057956
1,5,10.794301509857178
1,6,10.813497304916382
1,7,Error,10.914903348430636
1,8,10.79605221748352
1,9,Error,29.099152113629742
1,10,Error,32.09301856682092
1,11,Error,13.849441794272321
