idx,CommunicationRound,TimeCost
5,0,Error,32.69418635618061
5,1,Error,27.56906143371995
5,2,Error,0.4252502169032888
5,3,Error,5.884098893791217
5,4,Error,33.485802160578416
5,5,Error,37.59109246332057
5,6,Error,1.1652841325279446
5,7,Error,12.28244497700904
5,8,Error,10.90957128440053
5,9,Error,17.443553725661936
5,10,13.912825345993042
5,11,Error,40.10905709830499
