idx,CommunicationRound,TimeCost
6,0,16.409033060073853
6,1,Error,10.905779669674724
6,2,Error,1.5208431940109344
6,3,Error,10.001307581085845
6,4,Error,4.357584063081308
6,5,4.684783697128296
6,6,4.617159605026245
6,7,4.649069309234619
6,8,Error,9.941066751005527
6,9,4.662830829620361
6,10,Error,12.185612112455997
6,11,Error,1.1251334312023242
