idx,CommunicationRound,TimeCost
8,0,Error,26.76790817448704
8,1,Error,15.692646420621664
8,2,Error,3.942652644158242
8,3,Error,4.120374984420009
8,4,Error,4.768650571962659
8,5,Error,1.0703166946575995
8,6,Error,5.987420572190488
8,7,5.172886848449707
8,8,Error,10.932882515117774
8,9,Error,10.122281847542189
8,10,5.10590386390686
8,11,Error,14.939752994435212
