idx,CommunicationRound,TimeCost
4,0,Error,17.061881381799406
4,1,1.6677114963531494
4,2,1.6794912815093994
4,3,1.6640067100524902
4,4,Error,1.6954018726107718
4,5,Error,1.3226344826241534
4,6,1.6829161643981934
4,7,1.6786391735076904
4,8,1.6751058101654053
4,9,Error,2.2997288547494295
4,10,Error,2.844109419176208
4,11,Error,4.703315846788163
4,12,Error,4.3463048788014085
4,13,Error,4.80637767328646
4,14,Error,0.8782511328213041
4,15,1.689044713973999
4,16,Error,2.5009952954447536
4,17,Error,0.5924514183656272
4,18,Error,4.286572343555268
4,19,Error,2.625717731364379
4,20,1.6852715015411377
4,21,Error,1.580416001990414
4,22,Error,4.60076620286121
4,23,Error,0.3761571986578454
4,24,1.7022674083709717
4,25,Error,2.5134941744591512
4,26,1.7092583179473877
4,27,1.7225754261016846
4,28,Error,4.5855286760000284
4,29,Error,2.559719493623031
4,30,1.704014778137207
4,31,Error,4.39919460732071
4,32,Error,3.961586457836684
4,33,1.7167763710021973
4,34,Error,0.04540403423741158
4,35,1.7069814205169678
4,36,Error,3.1653638575604606
4,37,Error,1.6279918363630457
4,38,1.7146878242492676
4,39,1.727888584136963
4,40,1.7302343845367432
4,41,Error,2.65182864927
