idx,CommunicationRound,TimeCost
1,0,Error,45.36028438477679
1,1,Error,11.850485646680712
1,2,Error,21.92651661922279
1,3,Error,21.214879232262774
1,4,Error,5.170628730947041
1,5,Error,26.393823181126145
1,6,Error,10.703182188264066
1,7,Error,0.5930245276403429
1,8,10.579419136047363
1,9,Error,31.245249838595818
1,10,Error,13.672741018446231
1,11,Error,19.628583516370174
1,12,Error,1.6353246787127613
