idx,CommunicationRound,TimeCost
6,0,Error,46.915919168846116
6,1,Error,9.692783143781545
6,2,Error,0.3763788835672894
6,3,Error,3.490990930198905
6,4,Error,11.817331545598057
6,5,Error,14.297904589327317
6,6,Error,11.956982308597741
6,7,Error,7.786294119905772
6,8,Error,7.632712424501763
6,9,Error,4.317824118941846
6,10,4.564985036849976
6,11,4.696237325668335
6,12,Error,11.357131858138448
