idx,CommunicationRound,TimeCost
8,0,Error,26.19399994853558
8,1,Error,15.055110550749697
8,2,Error,4.019340317405225
8,3,Error,4.12802157918238
8,4,Error,4.808512518183898
8,5,Error,1.1174466082455021
8,6,Error,5.913698952095508
8,7,Error,6.5519420186529205
8,8,Error,11.439633999008308
8,9,Error,4.616330934890424
8,10,Error,12.449623627454102
8,11,Error,8.720178034668477
8,12,Error,6.263810801921035
