idx,CommunicationRound,TimeCost
2,0,26.775524139404297
2,1,15.152815818786621
2,2,Error,6.631505665543912
2,3,14.729881048202515
2,4,Error,9.591141087249671
2,5,Error,37.77439497031491
2,6,Error,12.37330756855315
2,7,14.647435426712036
2,8,14.725215435028076
2,9,15.370498895645142
2,10,14.825621366500854
2,11,14.870257139205933
2,12,15.04378867149353
2,13,Error,16.602522278571392
2,14,Error,5.35873395651282
