idx,CommunicationRound,TimeCost
3,0,24.221338272094727
3,1,11.941045999526978
3,2,Error,26.023736345834457
3,3,Error,25.72410238538424
3,4,12.461780548095703
3,5,Error,32.530071383839385
3,6,Error,28.98278774764095
3,7,Error,20.30668131978355
3,8,Error,24.176212271101395
3,9,Error,3.00156516828813
3,10,12.309745788574219
3,11,12.310786724090576
3,12,12.129487752914429
3,13,12.530249118804932
