idx,CommunicationRound,TimeCost
4,0,Error,39.7336191457986
4,1,6.0262534618377686
4,2,6.042747497558594
4,3,6.2321038246154785
4,4,Error,6.344259677880683
4,5,Error,4.894808676554072
4,6,6.113626480102539
4,7,6.09674859046936
4,8,6.024861812591553
4,9,Error,8.415146200924415
4,10,Error,10.474107749189228
4,11,Error,17.06879909867847
4,12,Error,15.97392872876881
4,13,Error,17.72219875321282
4,14,Error,3.1194568899772634
