idx,CommunicationRound,TimeCost
9,0,21.144070386886597
9,1,9.014588594436646
9,2,8.73242735862732
9,3,8.989890575408936
9,4,Error,11.00526412712371
9,5,Error,8.535807009329881
9,6,Error,5.584181630356664
9,7,8.796021699905396
9,8,Error,16.8177346171936
9,9,Error,2.191068858050561
9,10,Error,2.545390730157648
9,11,8.804786443710327
9,12,8.785218238830566
9,13,Error,0.6169819381510571
9,14,8.863243103027344
