idx,CommunicationRound,TimeCost
4,0,Error,18.26730300504782
4,1,1.6665010452270508
4,2,1.8267807960510254
4,3,1.749579906463623
4,4,Error,1.8323518884498058
4,5,Error,1.2620313921007364
4,6,1.8822097778320312
4,7,1.648559808731079
4,8,1.9427955150604248
4,9,Error,2.36394869907756
4,10,Error,3.1374252412512984
4,11,Error,5.242428892908625
4,12,Error,5.170254113109558
4,13,Error,5.975207522617102
4,14,Error,1.020070128182292
4,15,1.989757776260376
4,16,Error,2.9967956085927643
4,17,Error,0.5897634650968386
4,18,Error,4.716546418263415
4,19,Error,3.167882634089532
4,20,1.668856143951416
4,21,Error,1.9518883794972526
4,22,Error,4.873706091978388
4,23,Error,0.42656736218069885
4,24,2.099088430404663
4,25,Error,2.4660635351820193
4,26,2.047163486480713
4,27,2.0040817260742188
4,28,Error,4.9132432771578785
4,29,Error,2.6119022357520048
4,30,1.9586036205291748
4,31,Error,4.460018550370638
4,32,Error,4.039460852028947
4,33,1.8012962341308594
4,34,Error,0.045982629508720244
4,35,1.9082252979278564
4,36,Error,3.67257605516955
4,37,Error,1.9585210642618385
4,38,1.9413151741027832
4,39,2.0039422512054443
4,40,1.7738938331604004
4,41,Error,3.236518016668035
4,42,Error,5.788243383558591
4,43,1.8238649368286133
4,44,Error,1.8797202440079968
4,45,1.8701400756835938
4,46,Error,0.9923517099647938
4,47,2.1151225566864014
4,48,2.032801866531372
4,49,Error,5.075553070290294
4,50,Error,2.0541969374653397
4,51,Error,2.836187018582405
4,52,Error,4.631314006597089
4,53,2.1358957290649414
4,54,1.7832140922546387
4,55,2.019185781478882
4,56,Error,4.599808595432164
4,57,Error,3.304558380691862
4,58,Error,2.9019919428380843
4,59,Error,4.515969962118055
4,60,Error,5.201984030135679
4,61,2.043043375015259
4,62,Error,0.8592851882551341
4,63,1.8521161079406738
4,64,1.9995701313018799
4,65,2.033419370651245
4,66,2.100194215774536
4,67,1.916499137878418
4,68,1.793677568435669
4,69,1.8650882244110107
4,70,Error,5.33164075260108
4,71,Error,2.691199478976979
4,72,Error,3.036229392222562
4,73,Error,2.629531531536266
