idx,CommunicationRound,TimeCost
3,0,6.736339569091797
3,1,1.1176137924194336
3,2,Error,2.1967019234429803
3,3,Error,2.2854245606089503
3,4,1.0348773002624512
3,5,Error,2.637149371236737
3,6,Error,2.5059996822045085
3,7,Error,1.8196926304794316
3,8,Error,2.1583405518108436
3,9,Error,0.23814642533525462
3,10,0.9770457744598389
3,11,1.0444672107696533
3,12,1.0506632328033447
3,13,1.169609546661377
3,14,0.9503500461578369
3,15,Error,0.31397984899761716
3,16,1.1726698875427246
3,17,0.9728717803955078
3,18,0.985893726348877
3,19,Error,2.6126417113912566
3,20,Error,0.08014397379974052
3,21,Error,1.7888241151667181
3,22,0.9479513168334961
3,23,1.0934853553771973
3,24,1.051893949508667
3,25,1.046598196029663
3,26,0.9318745136260986
3,27,0.99403977394104
3,28,Error,0.5284201558814449
3,29,1.1260795593261719
3,30,0.9214072227478027
3,31,1.1955130100250244
3,32,1.0180103778839111
3,33,Error,1.0827732349383514
3,34,0.9736323356628418
3,35,Error,1.2042086844575013
3,36,Error,2.7432606172839624
3,37,Error,3.007289483143975
3,38,Error,0.10552149016651062
3,39,Error,0.6713143631347857
3,40,Error,0.8867834236751607
3,41,1.0882279872894287
3,42,0.998992919921875
3,43,1.0128724575042725
3,44,1.087977647781372
3,45,1.1405119895935059
3,46,Error,1.3364895462275503
3,47,1.200319528579712
3,48,Error,3.1120285415531637
3,49,Error,3.082021654290874
3,50,Error,0.8355311130823807
3,51,Error,1.9826429702278423
3,52,Error,1.2971508652996213
3,53,Error,2.544528118997983
3,54,Error,1.2703558490882338
3,55,Error,0.41985354781235895
3,56,Error,2.2634595721250883
3,57,0.9941232204437256
3,58,Error,3.116003735824036
3,59,1.1081218719482422
3,60,0.9437689781188965
3,61,1.0031559467315674
3,62,1.2051284313201904
3,63,0.93890380859375
3,64,1.1885912418365479
3,65,0.9684514999389648
3,66,1.0464894771575928
3,67,1.1778318881988525
3,68,Error,2.848740308137782
3,69,Error,1.1470840209736148
3,70,Error,1.4676926476561079
3,71,1.166459083557129
3,72,Error,3.169252280152111
3,73,1.0167481899261475
