idx,CommunicationRound,TimeCost
4,0,Error,17.15362098358936
4,1,1.6652429103851318
4,2,1.7238891124725342
4,3,1.6717567443847656
4,4,Error,1.7005246610072373
4,5,Error,1.3230913882665483
4,6,1.6764438152313232
4,7,1.6759934425354004
4,8,1.6825246810913086
4,9,Error,2.2910788442104457
4,10,Error,2.8636423737463996
4,11,Error,4.699884005997855
4,12,Error,4.372467174066115
4,13,Error,4.797326911444008
4,14,Error,0.8682544758632427
4,15,1.7019970417022705
4,16,Error,2.5155180537668747
4,17,Error,0.5920512387758344
4,18,Error,4.248636760988857
4,19,Error,2.6019109152041064
4,20,1.6931812763214111
4,21,Error,1.5956528463402742
4,22,Error,4.63809420879937
4,23,Error,0.3759453326005667
4,24,1.7054717540740967
4,25,Error,2.511117534851258
4,26,1.6985993385314941
4,27,1.6944704055786133
4,28,Error,4.537831673821513
4,29,Error,2.5692120434246406
4,30,1.6961228847503662
4,31,Error,4.320206643098032
4,32,Error,3.9644569110439507
4,33,1.710925817489624
4,34,Error,0.045465644244179385
4,35,1.7085371017456055
4,36,Error,3.1761147809883514
4,37,Error,1.7063976977430895
4,38,1.719172716140747
4,39,1.711564064025879
4,40,1.7039165496826172
4,41,Error,2.6410759364433876
