idx,CommunicationRound,TimeCost
8,0,6.7837910652160645
8,1,Error,0.22611966188071872
8,2,Error,0.0858838120666591
8,3,Error,0.17119632470980375
8,4,Error,0.17854206096777306
8,5,Error,0.10947939243407595
8,6,Error,0.2917830884694538
8,7,0.17130565643310547
8,8,Error,0.05605504853885615
8,9,0.17722678184509277
8,10,0.25388646125793457
8,11,0.17588400840759277
8,12,0.18703818321228027
8,13,Error,0.3040062296119769
8,14,0.18267512321472168
8,15,Error,0.3374539441972205
8,16,0.17221426963806152
8,17,Error,0.24493670937629902
8,18,Error,0.26445403677526114
8,19,0.17438054084777832
8,20,0.18313026428222656
8,21,Error,0.2044015224656928
8,22,0.17559075355529785
8,23,Error,0.14531933311009032
8,24,0.17768192291259766
8,25,Error,0.3650018777938044
8,26,Error,0.36640237742180704
8,27,Error,0.03699599649883336
8,28,0.17750859260559082
8,29,Error,0.14595336533225228
8,30,Error,0.14711116632497143
8,31,Error,0.33386124088895397
8,32,0.1809215545654297
8,33,0.17598652839660645
8,34,Error,0.21528211915604986
8,35,0.18264222145080566
8,36,Error,0.33841452188623994
8,37,Error,0.29113251140639934
8,38,0.17627215385437012
8,39,Error,0.10780980063432223
8,40,0.18445873260498047
8,41,Error,0.2667632712885183
8,42,0.1781017780303955
