idx,CommunicationRound,TimeCost
5,0,40.76545596122742
5,1,28.82317352294922
5,2,28.427160501480103
5,3,28.630478382110596
5,4,Error,29.05114630526135
5,5,28.521389722824097
5,6,28.806764364242554
5,7,Error,77.76144417412645
5,8,28.175528526306152
5,9,28.155988216400146
5,10,Error,19.043381264917702
