idx,CommunicationRound,TimeCost
9,0,7.703835725784302
9,1,1.175114631652832
9,2,1.021385908126831
9,3,1.2169060707092285
9,4,Error,1.3722130845950484
9,5,Error,1.183263248226079
9,6,Error,0.7619211313172087
9,7,1.0356059074401855
9,8,Error,1.9793693044613632
9,9,Error,0.2881749346456993
9,10,Error,0.31597678511006116
9,11,1.0030491352081299
9,12,1.0415496826171875
9,13,Error,0.06952142009384107
9,14,1.1384365558624268
9,15,Error,0.03964224927398396
9,16,Error,0.46303471607431107
9,17,Error,1.5198613951156428
9,18,0.9952278137207031
9,19,Error,0.5459264873633309
9,20,1.21630859375
9,21,1.153315544128418
9,22,Error,0.39023643084643317
9,23,Error,1.4712146116598428
9,24,1.2277750968933105
9,25,0.9833126068115234
9,26,0.9437084197998047
9,27,1.0391325950622559
9,28,Error,2.8577448905528207
9,29,0.9675643444061279
9,30,Error,0.983229153621877
9,31,0.9631824493408203
9,32,Error,0.2520182499732898
9,33,Error,0.1518963174713523
9,34,Error,1.458786847609438
9,35,Error,1.9001255565111617
9,36,Error,1.0177984081141884
9,37,Error,1.1428242178379344
9,38,Error,0.6858223317672624
9,39,Error,2.7936726509506324
9,40,Error,0.011061920080318689
9,41,0.9870262145996094
9,42,1.064723014831543
9,43,Error,1.3293196465842285
9,44,1.0269417762756348
9,45,Error,2.5626090345372
9,46,1.0545568466186523
9,47,1.0636980533599854
9,48,Error,1.8734579606462458
9,49,1.0119132995605469
9,50,Error,3.193292606528915
9,51,1.1057300567626953
9,52,Error,1.0087951128491202
9,53,Error,3.5210052690162716
9,54,0.965756893157959
9,55,Error,2.042081702100734
9,56,Error,0.9465743106218689
9,57,0.9605822563171387
9,58,Error,3.1012540484236366
9,59,Error,2.5139792158306746
9,60,Error,3.136352287870385
9,61,1.0437097549438477
9,62,1.0355002880096436
9,63,Error,0.16433939530928338
9,64,Error,2.436251900320458
9,65,Error,0.6888785678758987
9,66,0.9903218746185303
9,67,0.9641211032867432
