idx,CommunicationRound,TimeCost
0,0,8.806210041046143
0,1,Error,2.6569470176732124
0,2,Error,3.059027415909717
0,3,1.7577600479125977
0,4,Error,0.46153503470759594
0,5,1.6529006958007812
0,6,1.7690072059631348
0,7,1.9281671047210693
0,8,Error,0.07305431324811877
0,9,Error,1.0342174309836725
0,10,Error,2.481878761762781
0,11,1.7754919528961182
0,12,1.9522206783294678
0,13,1.9782013893127441
0,14,Error,5.713697415194721
0,15,1.7776789665222168
0,16,Error,1.3293769538312692
0,17,Error,4.326410912071146
0,18,1.692472219467163
0,19,1.6883397102355957
0,20,Error,1.096180376259137
0,21,Error,5.3476050471901155
0,22,Error,2.8992924034902465
0,23,Error,0.5252369860312686
0,24,1.9401769638061523
0,25,Error,1.4911680160995509
0,26,Error,3.6197192549951076
0,27,1.8590903282165527
0,28,Error,3.846805317002631
0,29,1.621537685394287
0,30,Error,1.2592307258826259
0,31,1.925994873046875
0,32,Error,5.539402220326427
0,33,Error,5.067003850110833
0,34,Error,5.065028100070604
0,35,Error,4.8690225324313365
0,36,Error,0.3510939621065109
0,37,1.9253952503204346
0,38,1.751042366027832
0,39,Error,5.216404772651908
0,40,1.8766729831695557
0,41,Error,0.9040419758901436
0,42,1.7524802684783936
0,43,Error,4.082148674541435
0,44,Error,5.818763415826395
0,45,1.7178535461425781
0,46,Error,0.20047659397901063
0,47,Error,4.569339842977185
0,48,1.8311660289764404
0,49,Error,1.0645522006887047
0,50,Error,1.1270555376295492
0,51,1.9759283065795898
0,52,Error,5.27795697218631
0,53,Error,1.4313790549247065
0,54,Error,0.9517336764414073
0,55,1.9606177806854248
0,56,Error,4.921531038890604
0,57,2.0563113689422607
0,58,1.9650871753692627
0,59,Error,0.1096429306708484
0,60,1.895582675933838
0,61,Error,3.4441448212869132
0,62,1.8751885890960693
0,63,1.9814777374267578
0,64,1.7223210334777832
0,65,1.7424511909484863
0,66,1.8775355815887451
0,67,1.6920647621154785
0,68,1.86006760597229
0,69,1.6620359420776367
0,70,1.9391238689422607
0,71,1.8650639057159424
0,72,Error,3.4005246895584964
0,73,Error,4.104327840976471
0,74,1.7884745597839355
0,75,Error,4.689276590194929
0,76,Error,4.305002907811459
0,77,2.1122028827667236
0,78,1.744791030883789
0,79,Error,3.8652860093156876
0,80,1.6903762817382812
0,81,Error,0.06772342126019805
0,82,1.9610254764556885
0,83,Error,5.39398580113707
0,84,Error,5.211857284220076
0,85,1.7276885509490967
