idx,CommunicationRound,TimeCost
3,0,9.655740976333618
3,1,3.513268232345581
3,2,Error,8.294348889901698
3,3,Error,7.594307061810858
3,4,3.881357192993164
3,5,Error,10.150718713204324
3,6,Error,9.629205777856448
3,7,Error,6.365048989594117
3,8,Error,7.588919385729602
3,9,Error,1.0060368986806645
3,10,3.824822425842285
3,11,3.8206160068511963
3,12,3.9128434658050537
3,13,4.03302264213562
3,14,3.8710880279541016
3,15,Error,1.1183526189202329
3,16,3.922175168991089
3,17,Error,2.6313130009925785
3,18,3.9327099323272705
3,19,3.9636330604553223
3,20,Error,0.32894346886957077
3,21,Error,6.127655429849357
3,22,Error,7.856328773311305
3,23,Error,5.6281389691049535
3,24,4.120008945465088
3,25,Error,2.8281449087423556
3,26,4.123816728591919
3,27,Error,8.194341023803403
3,28,Error,8.58710558838498
3,29,Error,4.173839804199748
3,30,4.113283157348633
3,31,Error,2.2203808586412737
3,32,Error,2.983898480226416
3,33,Error,3.7140459468252427
3,34,3.9297337532043457
3,35,3.962799549102783
3,36,Error,0.43400194015904203
3,37,Error,2.720316704160487
3,38,Error,2.9152761805103964
3,39,4.013392925262451
3,40,3.9514102935791016
3,41,3.9605743885040283
3,42,3.9199512004852295
3,43,3.98846435546875
3,44,Error,4.436068467226427
