idx,CommunicationRound,TimeCost
4,0,Error,17.80859183554234
4,1,1.918273687362671
4,2,1.8492631912231445
4,3,1.9146614074707031
4,4,Error,1.930816548402548
4,5,Error,1.4482690323311809
4,6,2.0791900157928467
4,7,1.913670539855957
4,8,1.9179232120513916
4,9,Error,2.390760212834977
4,10,Error,3.3753899506486484
4,11,1.9167678356170654
4,12,1.867640495300293
4,13,1.6598246097564697
4,14,Error,4.928947564842771
4,15,Error,1.0503021145669436
4,16,1.7930071353912354
4,17,Error,2.657883216192512
4,18,Error,0.6191630319069859
4,19,Error,4.671247831524948
4,20,Error,2.9931731521912543
4,21,1.6571528911590576
4,22,Error,1.7200599908380774
4,23,Error,5.436847783602167
4,24,Error,0.42046198956115205
4,25,1.9245970249176025
4,26,Error,3.113842779748139
4,27,1.7642178535461426
4,28,1.9971535205841064
4,29,Error,5.089335414750167
4,30,Error,2.79672679668564
4,31,2.028285026550293
4,32,Error,4.915268135982582
4,33,Error,4.751557988341152
4,34,1.877265214920044
4,35,Error,0.04818166179981054
4,36,1.8795156478881836
4,37,Error,4.056746367483008
4,38,1.8189337253570557
4,39,1.8234076499938965
4,40,1.8868286609649658
4,41,Error,3.959284468863166
4,42,Error,3.133822327552522
4,43,Error,5.724548212483554
4,44,1.9515469074249268
4,45,Error,1.7374854809557796
4,46,1.837406873703003
4,47,Error,1.083829268274333
4,48,1.8740215301513672
4,49,1.8368549346923828
4,50,Error,4.647331152063816
4,51,Error,2.016338738822515
4,52,1.9160616397857666
4,53,1.8956553936004639
4,54,1.7393014430999756
4,55,1.9560010433197021
4,56,2.036766290664673
4,57,2.1177008152008057
4,58,1.9033639430999756
4,59,Error,1.4356422171703773
4,60,1.9301416873931885
4,61,1.9952008724212646
4,62,Error,4.314920811883213
4,63,Error,5.160873027940107
4,64,2.0460140705108643
4,65,Error,0.7962641266289483
4,66,1.7728028297424316
4,67,1.7765986919403076
4,68,2.2131283283233643
4,69,1.952152967453003
4,70,1.7194626331329346
4,71,1.9130518436431885
4,72,1.9672560691833496
4,73,Error,5.109689368543647
4,74,Error,2.286502132960653
4,75,Error,3.7565451558581633
4,76,Error,2.676024334874995
4,77,2.0625529289245605
4,78,Error,5.569548665049992
4,79,Error,5.313373119599457
