idx,CommunicationRound,TimeCost
2,0,Error,52.82699042432765
2,1,Error,10.326540556525073
2,2,Error,32.27969429027914
2,3,Error,10.536040020623672
2,4,Error,39.50174218234083
2,5,Error,11.856366990068889
2,6,Error,38.909370761024675
2,7,Error,33.52392693286011
2,8,Error,11.505921640636695
2,9,Error,38.39899375739474
2,10,Error,17.813061253602818
2,11,Error,5.87628490633547
2,12,Error,45.063073688121484
