idx,CommunicationRound,TimeCost
0,0,18.405726432800293
0,1,5.377641916275024
0,2,4.851907253265381
0,3,4.9368650913238525
0,4,4.561474323272705
0,5,Error,1.2111110450959341
0,6,5.200504779815674
0,7,5.394960403442383
0,8,7.399260520935059
0,9,Error,0.33744365388466435
0,10,Error,2.974380539493676
0,11,Error,8.203280921885808
0,12,6.26486873626709
0,13,7.536748886108398
0,14,5.472176790237427
0,15,Error,13.53333367134704
0,16,6.6161253452301025
0,17,Error,3.862107957763031
0,18,Error,16.439308362272033
0,19,7.179691314697266
0,20,5.871187686920166
0,21,Error,3.6083268058875535
0,22,6.360644817352295
0,23,Error,1.328008376907533
0,24,5.5483222007751465
0,25,Error,7.00242012084371
0,26,5.883992671966553
0,27,Error,1.928296798287056
0,28,5.853593826293945
0,29,7.122363328933716
0,30,Error,16.33506446755087
0,31,5.611428260803223
0,32,4.360329866409302
0,33,Error,18.649190432496944
0,34,Error,14.822912564771862
0,35,Error,18.22349605220356
0,36,Error,12.956904030091211
0,37,Error,12.26727856813853
0,38,Error,1.5578454571040985
0,39,4.1022374629974365
0,40,4.712482452392578
0,41,6.11944055557251
0,42,4.253350019454956
0,43,4.20784330368042
0,44,Error,14.097101719187405
0,45,Error,4.117900108142019
0,46,5.0053863525390625
0,47,6.833065748214722
0,48,5.8434364795684814
0,49,Error,0.6893475503646325
0,50,Error,9.709427309232412
0,51,7.173290014266968
0,52,Error,3.1371646176812216
0,53,Error,5.094568294251127
0,54,6.807512044906616
0,55,Error,15.259384576886163
0,56,Error,4.336533098172846
0,57,Error,3.8688467321291755
0,58,4.165719032287598
0,59,Error,10.91280491775211
0,60,5.004194259643555
0,61,6.794033527374268
