idx,CommunicationRound,TimeCost
0,0,8.087128639221191
0,1,Error,2.2300243982338874
0,2,Error,2.265899679273343
0,3,1.4692540168762207
0,4,Error,0.39810787319681695
0,5,1.4767591953277588
0,6,1.4722332954406738
0,7,1.4708826541900635
0,8,Error,0.06666974131941443
0,9,Error,0.8389298782090465
0,10,Error,2.090386939992147
0,11,1.4754066467285156
0,12,1.4887056350708008
0,13,1.484771490097046
0,14,Error,4.454752253271357
0,15,1.4935965538024902
0,16,Error,1.0237592973824192
0,17,Error,3.42012356995767
0,18,1.4818274974822998
0,19,1.4935252666473389
0,20,Error,0.9400552774934409
0,21,Error,4.412664241490825
0,22,Error,2.8067134104539653
0,23,Error,0.40311985114038806
0,24,1.4857454299926758
0,25,Error,1.1092771046571412
0,26,Error,3.5488139949412525
0,27,1.495342493057251
0,28,Error,3.2660631751639477
0,29,1.4759330749511719
0,30,Error,0.9464398309308506
0,31,1.4880688190460205
0,32,Error,3.9797936619874488
0,33,Error,3.806105831268372
0,34,Error,4.436322199231427
0,35,Error,3.4668327710613935
0,36,Error,0.3306434993236271
0,37,1.4814629554748535
0,38,1.4969067573547363
0,39,Error,4.312135990389816
0,40,1.4964990615844727
0,41,Error,0.6936899661030932
0,42,1.5030457973480225
0,43,Error,3.3170961133235655
0,44,Error,4.32972437825079
0,45,1.5504939556121826
0,46,Error,0.17240909916283895
0,47,Error,3.1850645152987016
