idx,CommunicationRound,TimeCost
2,0,6.610105037689209
2,1,0.44637632369995117
2,2,Error,0.21610920186054633
2,3,0.43092989921569824
2,4,0.4311084747314453
2,5,Error,0.5668748649467398
2,6,0.4668433666229248
2,7,Error,0.19091663257538227
2,8,0.44554686546325684
2,9,0.43990063667297363
2,10,0.45624637603759766
2,11,Error,1.1363857964525572
2,12,0.44853854179382324
2,13,Error,0.48313733661965125
2,14,Error,0.1638755557909188
2,15,0.4493131637573242
2,16,0.47160935401916504
2,17,0.4503026008605957
2,18,0.4438297748565674
2,19,Error,0.26725515663720784
2,20,Error,0.6235902322573708
2,21,Error,0.1807309601863937
2,22,Error,0.3201812043932101
2,23,Error,0.09605244590206584
2,24,0.45847010612487793
2,25,0.44030117988586426
2,26,Error,0.19020014147179615
2,27,0.4561445713043213
2,28,Error,0.5551413982430602
2,29,0.4584312438964844
2,30,Error,1.173241919451261
2,31,0.4587368965148926
2,32,0.45500874519348145
2,33,0.45077037811279297
2,34,0.452669620513916
2,35,0.47556209564208984
2,36,0.4469888210296631
2,37,Error,0.23033894109760142
2,38,Error,0.3022792306983231
2,39,0.4414033889770508
2,40,0.44884753227233887
2,41,Error,0.45366369539528184
2,42,Error,1.3741575742518932
2,43,Error,0.3524534937524428
2,44,Error,0.6581687438222629
2,45,0.4589822292327881
2,46,Error,0.6477264951063094
2,47,0.4519784450531006
