idx,CommunicationRound,TimeCost
0,0,Error,51.830109803868595
0,1,Error,11.68469228640858
0,2,Error,12.897644868158928
0,3,Error,6.252785037751413
0,4,Error,14.127398663340133
0,5,6.632471561431885
0,6,Error,12.82036298667612
0,7,Error,10.595527097991907
0,8,Error,4.8702450567265325
0,9,Error,8.68393260323325
0,10,Error,13.069845276768191
0,11,Error,9.505091231062023
0,12,6.6412763595581055
