idx,CommunicationRound,TimeCost
1,0,Error,45.83705936774262
1,1,Error,11.953688984380998
1,2,Error,22.0066654981367
1,3,Error,21.278062983383958
1,4,Error,5.151139957811198
1,5,Error,26.34375168404592
1,6,Error,10.647328192720318
1,7,Error,0.5942328545688378
1,8,10.536646366119385
1,9,Error,31.480620456111087
1,10,Error,13.720876222003746
1,11,Error,19.86612586283807
1,12,Error,1.6233031801888231
