idx,CommunicationRound,TimeCost
2,0,Error,55.02447904444463
2,1,Error,10.587994693237322
2,2,Error,33.245074323052336
2,3,Error,9.588056329709607
2,4,Error,37.581484914966985
2,5,Error,12.5654090802346
2,6,Error,35.2894854356901
2,7,Error,34.20402630685954
2,8,Error,11.733066578641262
2,9,Error,33.994041095483006
2,10,Error,16.535283311858077
2,11,Error,5.3213577414469935
