idx,CommunicationRound,TimeCost
9,0,Error,48.79248258642192
9,1,Error,17.144766452067408
9,2,Error,15.360461994357355
9,3,Error,26.36203462802503
9,4,Error,25.286047174029573
9,5,Error,8.506156973453985
9,6,Error,11.443279836708108
9,7,Error,13.233263129891197
9,8,Error,0.931495263444685
9,9,Error,18.51232131318353
9,10,Error,4.345410806964099
9,11,Error,18.842779602694705
9,12,Error,6.283801034285917
