idx,CommunicationRound,TimeCost
0,0,18.566932916641235
0,1,Error,8.252745904904558
0,2,Error,7.406882186278869
0,3,5.384221315383911
0,4,Error,1.4027492464835556
0,5,7.165399789810181
0,6,7.113258600234985
0,7,7.254828691482544
0,8,Error,0.24479828527838235
0,9,Error,2.293383501865273
0,10,Error,8.448500960942301
0,11,7.557610750198364
0,12,5.077407121658325
0,13,4.8565990924835205
0,14,Error,16.141852850467025
0,15,7.404791355133057
0,16,Error,3.826285466477561
0,17,Error,9.24147352123951
0,18,6.617736101150513
0,19,6.36357045173645
0,20,Error,3.2370224847125955
0,21,Error,17.013827456143495
0,22,Error,10.312884720260909
0,23,Error,1.952578309490807
0,24,5.958078622817993
0,25,Error,4.3925483872629965
0,26,Error,10.853802487865021
0,27,6.992476463317871
0,28,Error,12.334412840229376
0,29,5.506829738616943
0,30,Error,3.2575977814239154
0,31,5.60706901550293
0,32,Error,15.019653568589279
0,33,Error,12.689162965578427
0,34,Error,16.88759738066406
0,35,Error,10.27850896013217
0,36,Error,1.5359432467629668
0,37,5.6777894496917725
0,38,5.857030153274536
0,39,Error,15.42556896771487
0,40,5.483026504516602
0,41,Error,2.417875368905118
0,42,5.334257125854492
0,43,Error,16.36393958397143
0,44,Error,16.158801840189383
0,45,4.168509483337402
0,46,Error,0.7929773278924054
0,47,Error,12.857971753667188
0,48,6.893194675445557
0,49,Error,3.5063998052993264
0,50,Error,4.3138590294933605
0,51,7.299911260604858
0,52,Error,18.792380588576492
