idx,CommunicationRound,TimeCost
4,0,Error,39.08938678088821
4,1,6.19362735748291
4,2,6.003657817840576
4,3,6.33248496055603
4,4,Error,6.1378206152672545
4,5,Error,4.074663425129412
4,6,3.7043073177337646
4,7,4.02795672416687
4,8,6.354963779449463
4,9,Error,6.625905140433867
4,10,Error,7.891174705136769
4,11,4.102116823196411
4,12,4.156883239746094
4,13,6.270756959915161
4,14,Error,13.223352313457623
4,15,Error,2.068606330083037
4,16,5.6288957595825195
4,17,Error,8.964115573741855
4,18,Error,1.8543367878222183
4,19,Error,10.402779685860493
4,20,Error,8.006197154833979
4,21,4.551894187927246
4,22,Error,5.9819827320765855
4,23,Error,14.549723343861237
4,24,Error,1.013934480826161
4,25,5.278350830078125
4,26,Error,8.707718677243856
4,27,4.5879716873168945
4,28,4.654068231582642
4,29,Error,12.917885553000065
4,30,Error,7.818947155924359
4,31,4.555164337158203
4,32,Error,9.16289835585532
4,33,Error,10.831709137691433
4,34,4.656992673873901
4,35,Error,0.0996471988831578
4,36,4.087488889694214
4,37,Error,8.008628316335335
4,38,4.241485357284546
4,39,6.123538970947266
4,40,4.260911703109741
4,41,Error,11.173834695691742
4,42,Error,6.703105993643601
4,43,Error,14.989158385522732
4,44,6.269080638885498
4,45,Error,5.253031444965615
4,46,4.5270514488220215
4,47,Error,2.051968526004529
4,48,5.4472596645355225
4,49,3.648391008377075
4,50,Error,10.306713747181789
4,51,Error,6.024348985844847
4,52,4.716726779937744
4,53,3.718400716781616
4,54,3.8567681312561035
4,55,5.196029901504517
4,56,5.887627363204956
4,57,5.335060358047485
4,58,3.8055739402770996
4,59,Error,3.8561540746592993
4,60,5.85155987739563
4,61,6.392567873001099
4,62,Error,8.805173195957947
