idx,CommunicationRound,TimeCost
9,0,28.9409658908844
9,1,16.9745032787323
9,2,14.93303918838501
9,3,10.62561321258545
9,4,Error,6.800225647771811
9,5,Error,5.2474744051839375
9,6,Error,3.232394333522143
9,7,5.682893991470337
9,8,Error,20.91677463932853
9,9,Error,3.7442282088430185
9,10,Error,2.622317325621341
9,11,5.122058153152466
9,12,5.528653621673584
9,13,Error,0.35755175115162524
9,14,5.239633083343506
9,15,Error,0.1968358746449969
9,16,Error,2.295754687766761
9,17,5.342017412185669
9,18,Error,17.253840744777374
9,19,Error,5.646065007175757
9,20,15.756988525390625
9,21,11.157557249069214
9,22,Error,3.840627612148887
9,23,5.752204656600952
9,24,5.438747406005859
9,25,Error,14.703263297423257
9,26,14.699054718017578
9,27,11.094260931015015
9,28,11.071447610855103
9,29,Error,22.352845635112484
9,30,Error,13.477280511732545
9,31,6.696313381195068
9,32,Error,2.8759758224477276
9,33,Error,0.7201988637091343
9,34,Error,8.088823375548913
9,35,Error,9.62842538950566
9,36,Error,11.061469519245898
9,37,Error,12.410308993756015
9,38,Error,7.757444911103329
9,39,5.360342741012573
9,40,5.497559547424316
9,41,Error,3.033826879478328
