idx,CommunicationRound,TimeCost
3,0,Error,47.02457273075845
3,1,Error,9.317639323540762
3,2,Error,10.94336819405668
3,3,Error,27.65086483769678
3,4,Error,32.841940175098756
3,5,Error,29.621969568678736
3,6,Error,20.183003650219636
3,7,Error,24.266314916101177
3,8,Error,3.106543919060239
3,9,12.088220119476318
3,10,12.408905506134033
3,11,Error,31.79880211398486
