idx,CommunicationRound,TimeCost
4,0,Error,39.03349495360386
4,1,6.1444313526153564
4,2,5.993474245071411
4,3,6.216869831085205
4,4,Error,6.321306877569495
4,5,Error,4.960086292239994
4,6,6.028730154037476
4,7,Error,4.236814328338798
4,8,Error,4.356987116910778
4,9,Error,1.4707443303526055
4,10,Error,10.544097812545642
4,11,Error,7.614036482629169
4,12,6.242344617843628
