idx,CommunicationRound,TimeCost
5,0,Error,31.65130177884734
5,1,Error,26.88660420197657
5,2,Error,0.41431457574550373
5,3,Error,5.872615746504112
5,4,Error,32.71559845033385
5,5,Error,37.25163423862722
5,6,Error,1.1358750549869665
5,7,Error,12.15400465697904
5,8,Error,10.689761954234408
5,9,Error,17.698147129151685
5,10,13.883660078048706
5,11,Error,40.26770028056732
