idx,CommunicationRound,TimeCost
7,0,Error,17.46064970989924
7,1,Error,8.774249302561843
7,2,Error,4.73268005405494
7,3,Error,5.70515728389516
7,4,Error,15.680919827399284
7,5,Error,4.315019331770086
7,6,Error,3.668120990305895
7,7,6.034323215484619
7,8,Error,5.577201595588183
7,9,5.918510437011719
7,10,Error,9.556278935717174
7,11,Error,14.938814310866979
7,12,Error,2.072930534065578
