idx,CommunicationRound,TimeCost
2,0,Error,56.323720180232705
2,1,Error,11.027418765072474
2,2,Error,39.668121751889686
2,3,Error,9.631907561138682
2,4,Error,42.57997564015836
2,5,Error,13.482386108823732
2,6,19.127042770385742
2,7,15.653927564620972
2,8,15.929875373840332
2,9,15.201617956161499
2,10,15.276869535446167
2,11,17.297118663787842
2,12,Error,16.343198065407183
2,13,Error,5.361998646258901
2,14,16.151468992233276
2,15,Error,28.73475128294728
2,16,Error,30.601852513446204
2,17,Error,9.158618653629654
