idx,CommunicationRound,TimeCost
1,0,7.7664971351623535
1,1,Error,0.046444860804208905
1,2,Error,3.242592959564191
1,3,1.4225900173187256
1,4,1.3932368755340576
1,5,1.2665793895721436
1,6,1.2793478965759277
1,7,1.247154951095581
1,8,1.2403290271759033
1,9,1.3288559913635254
1,10,Error,0.2647425115230918
1,11,1.4928057193756104
1,12,1.261765956878662
1,13,Error,1.904745472242073
1,14,Error,2.397763887490536
1,15,1.2765967845916748
1,16,Error,3.047563928057854
1,17,1.3471603393554688
1,18,1.4027400016784668
1,19,Error,2.881681188786912
1,20,1.5095171928405762
1,21,Error,1.5473100573394436
1,22,1.4255108833312988
1,23,Error,1.3659793623333312
1,24,1.3778660297393799
1,25,Error,3.384207397879534
1,26,1.3511178493499756
1,27,1.2936346530914307
1,28,1.3418667316436768
1,29,1.2563834190368652
1,30,1.2824678421020508
1,31,Error,1.2798065814680994
1,32,Error,1.9497203772570777
1,33,Error,1.8458008026355301
1,34,1.5125408172607422
1,35,Error,4.168865441632592
1,36,Error,2.984315445775633
1,37,Error,1.2008943880037435
1,38,Error,1.0518984735415993
1,39,Error,2.27913406958976
1,40,1.5177719593048096
1,41,Error,1.3310410130400958
1,42,1.4612421989440918
1,43,Error,2.2375330381015983
1,44,1.3668992519378662
1,45,1.3040814399719238
1,46,Error,1.3026356051505947
1,47,Error,4.188176419002185
1,48,1.382680892944336
1,49,Error,1.224756192476201
1,50,1.3046400547027588
1,51,Error,3.8046302324592247
1,52,Error,1.7702867866148229
1,53,1.5122275352478027
1,54,1.4098131656646729
1,55,1.4922101497650146
1,56,1.3501613140106201
1,57,1.494300365447998
1,58,Error,1.5495627799936356
1,59,1.4242029190063477
1,60,1.2367920875549316
1,61,1.4733541011810303
1,62,1.491377353668213
1,63,1.3902511596679688
1,64,Error,1.4187917660838614
1,65,1.322195053100586
1,66,1.4317398071289062
1,67,Error,2.2602346930852777
1,68,Error,1.0560108306198541
1,69,Error,2.7689965245676826
1,70,Error,1.1966695525135698
1,71,1.4318804740905762
1,72,1.4237775802612305
1,73,Error,1.9739188210445184
