idx,CommunicationRound,TimeCost
7,0,7.030786037445068
7,1,Error,1.8714429115836118
7,2,1.3091304302215576
7,3,Error,0.9921494066864094
7,4,Error,2.7814691156875915
7,5,1.396932601928711
7,6,Error,1.0298282890011363
7,7,1.385045051574707
7,8,1.2165896892547607
7,9,1.427217960357666
7,10,Error,0.024323884628677843
7,11,Error,3.169618220400059
7,12,1.3310787677764893
7,13,1.3226704597473145
7,14,Error,0.4631205117034672
7,15,1.310647964477539
7,16,1.2427434921264648
7,17,Error,0.8445860867044569
7,18,1.37156081199646
7,19,1.2719860076904297
7,20,1.2048263549804688
7,21,1.3430609703063965
7,22,1.270047903060913
7,23,1.4052348136901855
7,24,Error,0.5459174102623494
7,25,1.1915385723114014
7,26,Error,3.628109392298405
7,27,1.3546736240386963
7,28,1.404768466949463
7,29,1.322763204574585
7,30,1.2128770351409912
7,31,1.4223566055297852
7,32,Error,1.7575376299112533
7,33,Error,2.643658053718923
7,34,Error,3.0943271810963333
7,35,Error,3.757771463713773
7,36,Error,2.2698589563884077
7,37,Error,2.695556280314131
7,38,1.3621721267700195
7,39,1.3120815753936768
7,40,Error,3.0121805072334693
7,41,1.3949015140533447
7,42,1.2920253276824951
7,43,1.309751033782959
7,44,1.4265477657318115
7,45,Error,2.858454470343851
7,46,1.450895071029663
7,47,Error,3.1134688791329213
7,48,1.442986011505127
7,49,1.3856959342956543
7,50,1.3228230476379395
7,51,Error,3.149900227993915
7,52,1.380671501159668
7,53,Error,2.137937626894342
7,54,Error,2.157817681879294
7,55,1.4265224933624268
7,56,1.2875823974609375
7,57,1.3275327682495117
7,58,Error,4.073262334127216
7,59,Error,1.0660975528452588
7,60,Error,0.6114400089984743
7,61,1.1911897659301758
7,62,Error,3.2948892641712857
7,63,Error,3.536170953688323
7,64,1.3969416618347168
7,65,1.199336290359497
7,66,1.4269521236419678
7,67,Error,4.239676957780727
7,68,Error,1.9410946882433264
7,69,1.3551909923553467
7,70,1.440274715423584
7,71,1.422046422958374
7,72,Error,2.5307563251694547
7,73,Error,4.338911741626705
