idx,CommunicationRound,TimeCost
9,0,7.697834730148315
9,1,1.1783082485198975
9,2,1.0198495388031006
9,3,1.2034368515014648
9,4,Error,1.3783616412397075
9,5,Error,1.1819226413784172
9,6,1.2226481437683105
9,7,Error,2.75440205724819
9,8,1.034684419631958
9,9,1.1308791637420654
9,10,Error,1.8495992486179633
9,11,Error,0.5449028723405949
9,12,Error,2.385591614047208
9,13,Error,0.06931393757786965
9,14,1.1494998931884766
9,15,Error,0.03937660384243999
9,16,Error,0.4650126614263141
9,17,1.1356041431427002
9,18,Error,2.066287428851374
9,19,1.0922267436981201
9,20,0.9954922199249268
9,21,1.195378065109253
9,22,1.230250358581543
9,23,Error,1.8961549147208983
9,24,1.0957376956939697
9,25,1.2330012321472168
9,26,0.9740257263183594
9,27,0.9472780227661133
9,28,1.0526862144470215
9,29,1.2182092666625977
9,30,Error,2.333516188705309
9,31,0.9836878776550293
9,32,Error,2.343196456304379
9,33,Error,0.25241739030471866
9,34,Error,0.15089691533563293
9,35,Error,1.460659251200652
9,36,Error,1.8835392198780145
9,37,Error,1.0301977510175577
9,38,Error,1.145013234257301
9,39,Error,0.6782182676260827
9,40,1.0332775115966797
9,41,1.205230951309204
9,42,Error,0.6130075243169547
9,43,1.1292829513549805
9,44,1.1981916427612305
9,45,Error,0.9260562417579127
9,46,Error,0.954121072835275
9,47,Error,3.4922523028427626
9,48,1.0655686855316162
9,49,Error,1.8742863607198823
9,50,1.009883165359497
9,51,1.1507954597473145
9,52,1.22011137008667
9,53,1.2288289070129395
9,54,Error,2.5265286712878865
9,55,0.956336259841919
9,56,0.9553718566894531
9,57,1.1330151557922363
9,58,1.1254584789276123
9,59,Error,0.15471271977373632
9,60,1.1379685401916504
9,61,1.037635087966919
9,62,Error,2.5425810086701457
9,63,Error,3.192062832548853
9,64,1.0374383926391602
9,65,1.0322411060333252
9,66,Error,0.16532266841506615
9,67,Error,2.4273351644062178
9,68,Error,0.6829896755990522
9,69,0.9876677989959717
9,70,0.9542717933654785
9,71,Error,0.7225217945808404
9,72,Error,1.2951726746875853
9,73,1.059870958328247
