idx,CommunicationRound,TimeCost
1,0,32.39239859580994
1,1,Error,0.6635520722896845
1,2,Error,49.68353700330776
1,3,20.250689029693604
1,4,20.47874927520752
1,5,20.220924854278564
1,6,20.474052667617798
1,7,20.219866275787354
1,8,20.381670236587524
1,9,20.29241919517517
1,10,Error,3.7395792869984703
1,11,20.415653705596924
