idx,CommunicationRound,TimeCost
4,0,Error,38.729895146619825
4,1,6.093020439147949
4,2,6.056285858154297
4,3,6.01531982421875
4,4,Error,6.319529558961328
4,5,Error,4.8643472331512285
4,6,5.948524236679077
4,7,6.115642309188843
4,8,6.10983943939209
4,9,Error,8.296668621362228
4,10,Error,10.406702273922887
4,11,6.178632020950317
