idx,CommunicationRound,TimeCost
7,0,17.338597297668457
7,1,Error,8.63462779345557
7,2,6.0387444496154785
7,3,Error,4.522429551079645
7,4,Error,11.902616835696813
7,5,6.002683162689209
7,6,Error,4.358069416469898
7,7,6.10288405418396
7,8,5.977775812149048
7,9,5.895991086959839
7,10,Error,0.11627859006033216
7,11,Error,13.292089320199239
