idx,CommunicationRound,TimeCost
3,0,10.109856367111206
3,1,3.8095321655273438
3,2,Error,8.853830121773182
3,3,Error,8.3021649135945
3,4,3.98266863822937
3,5,Error,10.74847050739939
3,6,Error,9.631931391968594
3,7,Error,6.690708794085918
3,8,Error,7.983420918318778
3,9,Error,0.9976676014698596
3,10,4.038602590560913
3,11,3.9453868865966797
3,12,4.021641254425049
3,13,4.00667405128479
3,14,4.049944162368774
3,15,Error,1.1357184138962808
3,16,4.088819265365601
3,17,4.070668697357178
3,18,4.167497873306274
3,19,Error,10.054165154407563
3,20,Error,0.3478579100718659
3,21,Error,6.366919630302217
3,22,4.080049753189087
3,23,4.047159671783447
3,24,4.201693058013916
3,25,4.137044191360474
3,26,4.121246814727783
3,27,4.02665901184082
3,28,Error,1.7223234985719285
3,29,4.066617488861084
3,30,4.136542081832886
3,31,4.2273077964782715
3,32,4.228184461593628
3,33,Error,3.7855427428767197
3,34,4.299753427505493
3,35,Error,4.790346908261094
3,36,Error,11.65063939026229
3,37,Error,11.489414258849306
3,38,Error,0.4461131094785395
3,39,Error,2.9028409445638172
3,40,Error,3.067346501842265
3,41,4.148502826690674
3,42,4.0994954109191895
3,43,4.200144052505493
3,44,3.9807333946228027
3,45,3.5081539154052734
