idx,CommunicationRound,TimeCost
4,0,Error,18.323344336245118
4,1,1.9249210357666016
4,2,2.1507060527801514
4,3,1.8255174160003662
4,4,Error,1.9842127610691687
4,5,Error,1.6270543644973543
4,6,1.8450982570648193
4,7,1.8414897918701172
4,8,1.8080952167510986
4,9,Error,2.75120740316366
4,10,Error,3.4078674609769934
4,11,1.9612655639648438
4,12,1.9026176929473877
4,13,2.0799357891082764
4,14,1.76936936378479
4,15,Error,0.9055808419466164
4,16,2.0157322883605957
4,17,1.9954986572265625
4,18,1.9084985256195068
4,19,Error,0.6723805164710625
4,20,1.994816780090332
4,21,2.0651872158050537
4,22,1.9035072326660156
4,23,2.2225100994110107
4,24,Error,1.9384958687160248
4,25,Error,5.4101262148304015
4,26,1.7857558727264404
4,27,1.8339920043945312
4,28,1.8864126205444336
4,29,1.9885642528533936
4,30,1.9436922073364258
4,31,1.8028497695922852
4,32,Error,5.266368103439746
4,33,Error,3.2419819841197195
4,34,1.9790308475494385
4,35,Error,4.928784031330608
4,36,1.9055001735687256
4,37,2.1028735637664795
4,38,Error,0.5399115986233567
4,39,Error,4.202915614082381
4,40,Error,3.9758082837897897
4,41,1.8667848110198975
4,42,2.1306264400482178
4,43,2.009596824645996
4,44,Error,4.3713675688046285
4,45,Error,3.212078820209823
4,46,Error,5.658717006743425
4,47,1.8913359642028809
4,48,Error,1.9520666426120894
4,49,1.9877018928527832
4,50,Error,0.9900722112514372
4,51,2.1030728816986084
4,52,1.9711346626281738
4,53,Error,5.494187105145079
4,54,Error,1.9614209784978565
4,55,2.1626243591308594
4,56,2.1993062496185303
4,57,2.04870867729187
4,58,2.0080251693725586
4,59,1.9180591106414795
4,60,1.7932581901550293
4,61,2.007312297821045
4,62,Error,1.5502091266643603
4,63,2.1606297492980957
4,64,2.1031816005706787
4,65,Error,4.504443207601471
4,66,Error,5.392258593627998
4,67,1.9128432273864746
4,68,Error,0.8275440180159239
4,69,1.8914515972137451
4,70,1.9757063388824463
4,71,2.1352126598358154
4,72,1.9986836910247803
4,73,2.010413885116577
4,74,2.009075880050659
4,75,1.9633197784423828
4,76,Error,5.699094672559031
4,77,2.091923713684082
4,78,2.0422914028167725
4,79,1.9697158336639404
4,80,2.085052967071533
4,81,2.0546135902404785
4,82,2.118257999420166
4,83,2.1774187088012695
4,84,Error,6.075920837513674
4,85,Error,5.800346087171556
4,86,1.938037633895874
4,87,2.075282096862793
4,88,Error,2.7203650924612695
4,89,1.9358773231506348
