idx,CommunicationRound,TimeCost
0,0,18.359580755233765
0,1,Error,10.217731606280985
0,2,Error,10.102911032493179
0,3,6.718398094177246
0,4,Error,1.8117921797108203
0,5,6.885204792022705
0,6,6.565768480300903
0,7,6.774853706359863
0,8,Error,0.3059967380618678
0,9,Error,3.875087978154268
0,10,Error,9.341244272217022
0,11,6.756142616271973
0,12,6.771458387374878
0,13,6.8320629596710205
0,14,Error,20.010907759817414
0,15,6.9006218910217285
