idx,CommunicationRound,TimeCost
3,0,23.610703229904175
3,1,12.317973852157593
3,2,Error,26.14133274333712
3,3,Error,24.62806532119974
3,4,11.99703311920166
3,5,Error,32.14804831455985
3,6,Error,29.752651202493446
3,7,Error,20.413568222255257
3,8,Error,24.40930384554312
3,9,Error,3.054670345403893
3,10,12.10675835609436
3,11,12.348751783370972
3,12,12.478006362915039
3,13,12.0171217918396
3,14,12.21122932434082
