idx,CommunicationRound,TimeCost
4,0,Error,39.05576629883211
4,1,6.027552366256714
4,2,5.945731163024902
4,3,6.10249400138855
4,4,Error,6.299582966124525
4,5,Error,4.9134419892646966
4,6,5.972711563110352
4,7,6.2172112464904785
4,8,6.136354207992554
4,9,Error,8.495083532761589
4,10,Error,10.387758607843791
4,11,6.17809796333313
4,12,6.26824426651001
4,13,6.195645332336426
4,14,Error,17.743019561056958
