idx,CommunicationRound,TimeCost
0,0,Error,51.11775175798096
0,1,Error,11.7170599702848
0,2,Error,12.434681285052648
0,3,Error,6.216784464787341
0,4,6.729113340377808
0,5,Error,19.72513680604164
0,6,6.891837120056152
0,7,Error,0.3065807587577741
0,8,Error,3.802043911841141
0,9,Error,9.36860844854543
0,10,6.675533056259155
0,11,6.677401304244995
0,12,6.600924968719482
0,13,Error,19.786472078122063
0,14,6.820755958557129
