idx,CommunicationRound,TimeCost
9,0,21.197392225265503
9,1,8.962619543075562
9,2,8.73200249671936
9,3,9.03293251991272
9,4,Error,11.083447547459663
9,5,Error,8.686603252012496
9,6,Error,5.570767346739027
9,7,8.940816402435303
9,8,Error,16.620487370597672
9,9,Error,2.1689829796064983
9,10,Error,2.5545307271760755
9,11,8.847079753875732
9,12,8.8339262008667
9,13,Error,0.618807904513247
9,14,8.95377516746521
