idx,CommunicationRound,TimeCost
4,0,Error,39.395197034810415
4,1,6.091017246246338
4,2,6.0577802658081055
4,3,6.151168584823608
4,4,Error,6.2331758139978986
4,5,Error,4.886457435830629
4,6,5.892895460128784
4,7,6.114274740219116
4,8,6.029569864273071
4,9,Error,8.32809936065118
4,10,Error,10.382354844497405
4,11,6.08796501159668
