idx,CommunicationRound,TimeCost
5,0,40.13108158111572
5,1,28.21631646156311
5,2,28.329843282699585
5,3,28.386868476867676
5,4,28.058571100234985
5,5,Error,61.63177361124534
5,6,28.599576711654663
5,7,Error,76.36441529111114
5,8,28.32869839668274
5,9,28.39793062210083
5,10,Error,18.82328508688427
