idx,CommunicationRound,TimeCost
7,0,17.644142389297485
7,1,Error,8.934362430929811
7,2,6.022948980331421
7,3,Error,4.537192687749754
7,4,5.967395544052124
7,5,6.0037007331848145
7,6,6.011996507644653
7,7,Error,13.087114903760845
7,8,Error,11.967692727506133
7,9,6.028378009796143
7,10,Error,0.11786905155221096
7,11,Error,13.29836391041852
