idx,CommunicationRound,TimeCost
8,0,16.81454849243164
8,1,5.15811562538147
8,2,5.1509294509887695
8,3,Error,3.963888483644075
8,4,5.028052806854248
8,5,Error,4.995039876180268
8,6,5.028076887130737
8,7,Error,3.0154000869723196
8,8,5.1099817752838135
8,9,5.214465618133545
8,10,Error,11.205924856603035
8,11,5.181006908416748
