idx,CommunicationRound,TimeCost
9,0,28.9614520072937
9,1,16.882413625717163
9,2,16.849062204360962
9,3,17.045847177505493
9,4,Error,20.84917748996933
9,5,Error,16.17396828055172
9,6,16.971643686294556
9,7,16.862741231918335
9,8,16.81646490097046
9,9,16.779786109924316
9,10,16.983273029327393
9,11,16.698360204696655
