idx,CommunicationRound,TimeCost
2,0,27.046945095062256
2,1,14.975130558013916
2,2,Error,6.662331012954329
2,3,14.894771575927734
2,4,14.669233560562134
2,5,Error,19.56667429584596
2,6,14.924803256988525
2,7,Error,6.606450370697932
2,8,15.246390104293823
2,9,14.978493928909302
2,10,14.57342529296875
2,11,Error,37.73751697768078
2,12,14.886825799942017
2,13,15.266382932662964
2,14,14.712485790252686
