idx,CommunicationRound,TimeCost
3,0,23.753913402557373
3,1,12.52183198928833
3,2,Error,27.13886654136399
3,3,Error,25.161725542381703
3,4,11.97802186012268
3,5,Error,32.76912490386704
3,6,Error,29.40878374525871
3,7,Error,20.317780127642123
3,8,Error,24.480528653514018
3,9,Error,2.9776268654826428
3,10,12.373204231262207
3,11,12.298882961273193
3,12,11.994723558425903
3,13,11.990787267684937
3,14,12.2435302734375
3,15,Error,3.3727914121636258
