idx,CommunicationRound,TimeCost
0,0,18.0569806098938
0,1,6.975452184677124
0,2,6.793633222579956
0,3,6.775429964065552
0,4,6.678178071975708
0,5,Error,1.8012291143209995
0,6,6.8530051708221436
0,7,6.747381925582886
0,8,6.901336908340454
0,9,Error,0.30709730248872313
0,10,Error,3.871918206257718
0,11,Error,9.190252182359501
0,12,6.744750261306763
0,13,6.636312484741211
0,14,6.820988178253174
0,15,Error,19.98821022876745
0,16,6.633875131607056
