idx,CommunicationRound,TimeCost
5,0,25.340776920318604
5,1,13.944981575012207
5,2,13.668569803237915
5,3,13.55379605293274
5,4,Error,13.689816286348341
5,5,13.5181405544281
5,6,13.89201807975769
5,7,Error,37.28337052960703
5,8,13.791325092315674
5,9,13.663329124450684
5,10,Error,9.268430906763667
5,11,Error,32.43067138457087
5,12,13.719566345214844
5,13,13.845530986785889
5,14,Error,39.82596148912798
5,15,13.850862503051758
