idx,CommunicationRound,TimeCost
6,0,6.57380223274231
6,1,Error,1.007753343978363
6,2,0.4152371883392334
6,3,Error,0.523971132011525
6,4,Error,0.6510176492990984
6,5,0.4110109806060791
6,6,Error,1.3108059120420286
6,7,0.4255180358886719
6,8,Error,0.929463762480893
6,9,0.4148731231689453
6,10,Error,1.1414032765763815
6,11,Error,0.1071949379841938
6,12,Error,1.366643095033258
6,13,0.4236936569213867
6,14,0.44115757942199707
6,15,Error,0.06706130768021148
6,16,Error,1.2243099225674625
6,17,0.44649696350097656
6,18,Error,0.6992647919076446
6,19,Error,0.46877388917041274
6,20,0.43566322326660156
6,21,0.4364454746246338
6,22,Error,0.1708310660663652
6,23,0.42539358139038086
6,24,Error,1.1764475580188993
6,25,Error,0.01283584644354542
6,26,Error,0.6176482384178328
6,27,0.4295532703399658
6,28,Error,0.10022817140610231
6,29,0.42856454849243164
6,30,Error,0.8662274823865316
6,31,0.43091773986816406
6,32,Error,0.517571553436946
6,33,Error,0.19809963533783784
6,34,Error,1.0854333778659992
6,35,0.43041563034057617
6,36,0.4465203285217285
6,37,0.42211318016052246
6,38,0.4463484287261963
6,39,0.42897510528564453
6,40,Error,0.10792297535381161
