idx,CommunicationRound,TimeCost
8,0,6.831732511520386
8,1,Error,0.2329967305561942
8,2,Error,0.0837231723375373
8,3,Error,0.16873844023895454
8,4,Error,0.1691935850404466
8,5,Error,0.10611883199681146
8,6,Error,0.2925412115054732
8,7,0.1788949966430664
8,8,Error,0.055362432718138885
8,9,0.18592071533203125
8,10,0.25832176208496094
8,11,0.17481470108032227
8,12,0.1930241584777832
8,13,Error,0.3152224735327281
8,14,0.1834266185760498
8,15,Error,0.336610403411908
8,16,0.1781787872314453
8,17,Error,0.253196947215043
8,18,Error,0.26608467851660866
8,19,0.1790144443511963
8,20,0.18201589584350586
8,21,Error,0.19889633348432167
8,22,0.17791032791137695
8,23,Error,0.14663448151636196
8,24,0.1821889877319336
8,25,Error,0.37505074355191403
8,26,Error,0.36735778341353564
8,27,Error,0.036829886242149286
8,28,0.1766834259033203
8,29,Error,0.1444550480011422
8,30,Error,0.15334154908220848
8,31,Error,0.33290195238287584
8,32,0.18896222114562988
8,33,0.18169808387756348
8,34,Error,0.21001063849695534
8,35,0.1862328052520752
8,36,Error,0.33108431945895295
8,37,Error,0.28640889645074574
8,38,0.17867493629455566
8,39,Error,0.10816305816621241
8,40,0.1772773265838623
