idx,CommunicationRound,TimeCost
0,0,18.296435356140137
0,1,6.7815024852752686
0,2,6.760069847106934
0,3,6.740360975265503
0,4,6.719036102294922
0,5,6.638370990753174
0,6,6.712013483047485
0,7,Error,19.567263116040387
0,8,6.856642723083496
0,9,Error,0.3047174224446501
0,10,Error,3.877079850352104
0,11,Error,9.289018594883604
0,12,6.6451661586761475
0,13,6.589965105056763
0,14,6.558636903762817
0,15,Error,19.94120533171881
0,16,6.747968435287476
0,17,6.6358373165130615
