idx,CommunicationRound,TimeCost
1,0,22.528791904449463
1,1,Error,0.3482220528965468
1,2,Error,25.6319805551931
1,3,10.701008081436157
1,4,10.62589144706726
1,5,10.603837013244629
1,6,10.568581104278564
1,7,10.531873226165771
1,8,10.591580867767334
1,9,10.614363193511963
1,10,Error,1.9468166187649587
1,11,10.742326736450195
1,12,10.472138166427612
1,13,Error,13.590637924244138
1,14,10.567230463027954
1,15,Error,22.354381235636357
1,16,Error,25.71334704171892
1,17,10.64991044998169
