idx,CommunicationRound,TimeCost
4,0,Error,39.21151621151693
4,1,6.0653910636901855
4,2,6.038355350494385
4,3,6.235608100891113
4,4,Error,6.319613225932542
4,5,Error,4.876374247750442
4,6,6.150014400482178
4,7,6.139018535614014
4,8,6.084363222122192
4,9,Error,8.511944667136376
4,10,Error,10.507557848062167
4,11,6.116180419921875
4,12,6.219920873641968
4,13,6.056512355804443
4,14,6.219268798828125
4,15,Error,2.6331246068772587
4,16,6.003024101257324
4,17,6.189797639846802
