idx,CommunicationRound,TimeCost
8,0,16.552619695663452
8,1,5.1748902797698975
8,2,5.196039438247681
8,3,Error,4.1074027592997675
8,4,5.090750217437744
8,5,Error,5.001404122281513
8,6,5.2761757373809814
8,7,Error,3.089180618120092
8,8,5.221746206283569
8,9,5.2711029052734375
8,10,Error,11.43684444719
8,11,5.246617794036865
8,12,Error,14.262109674599301
8,13,5.149277925491333
8,14,Error,8.40042694415356
8,15,5.185729503631592
8,16,Error,9.464294663140578
8,17,4.947193145751953
