idx,CommunicationRound,TimeCost
9,0,20.780181169509888
9,1,8.935551643371582
9,2,8.827605962753296
9,3,9.01741909980774
9,4,Error,11.033002833123808
9,5,Error,8.625028241325685
9,6,8.91185975074768
9,7,8.869405508041382
9,8,8.989199161529541
9,9,8.926554441452026
9,10,8.928584098815918
9,11,8.748400926589966
9,12,Error,5.043464070310744
9,13,Error,18.545754520818413
9,14,Error,0.6232960789376817
9,15,8.978154420852661
9,16,Error,0.3470337680084755
9,17,8.95364785194397
