idx,CommunicationRound,TimeCost
5,0,59.79459571838379
5,1,48.23564410209656
5,2,47.89893865585327
5,3,48.148122787475586
5,4,45.90513896942139
5,5,42.31194305419922
5,6,35.60159778594971
5,7,41.99372720718384
5,8,31.77107071876526
5,9,47.345555782318115
5,10,47.60664463043213
5,11,48.143736839294434
5,12,47.70503306388855
5,13,28.214227199554443
