idx,CommunicationRound,TimeCost
0,0,Error,50.96963824552756
0,1,Error,11.89412727527563
0,2,Error,12.343187314238609
0,3,Error,6.159283893234758
0,4,Error,13.832079262669922
0,5,6.6398842334747314
0,6,Error,12.441060751271504
0,7,Error,10.829386888984615
0,8,Error,4.823966685602908
0,9,Error,9.021892843440932
0,10,Error,13.037951168623259
0,11,Error,9.269093405188263
0,12,6.647432088851929
