idx,CommunicationRound,TimeCost
5,0,Error,31.679013996837796
5,1,Error,27.069791165053445
5,2,Error,0.4205829760871493
5,3,Error,5.776976257709924
5,4,Error,32.52169439262863
5,5,Error,36.598808820574675
5,6,Error,1.1308993813196813
5,7,Error,12.161060799944519
5,8,Error,10.673623433532741
5,9,Error,17.149488324176193
5,10,13.768195152282715
5,11,Error,39.74126964234624
