idx,CommunicationRound,TimeCost
8,0,Error,25.9780500683199
8,1,Error,15.56542743277253
8,2,Error,3.9635839140503233
8,3,Error,4.176075322380053
8,4,Error,4.708319446717107
8,5,Error,1.1083306411168743
8,6,Error,5.969385996246103
8,7,Error,6.617965916304275
8,8,Error,11.55508155347062
8,9,Error,4.701274238302823
8,10,Error,12.551031164232908
8,11,Error,8.6363490911872
8,12,Error,6.021026156444633
