idx,CommunicationRound,TimeCost
0,0,8.781837224960327
0,1,1.8276913166046143
0,2,1.5889089107513428
0,3,1.8373162746429443
0,4,1.8670501708984375
0,5,Error,0.5024659240906643
0,6,1.742802381515503
0,7,1.7613482475280762
0,8,1.787815809249878
0,9,Error,0.07557627151924924
0,10,Error,1.2076730250667214
0,11,Error,2.985660136796648
0,12,1.5699131488800049
0,13,2.197237491607666
0,14,1.5593504905700684
0,15,Error,5.39858078693566
0,16,1.64809250831604
0,17,Error,1.2668545333206087
0,18,Error,4.521905942132288
0,19,1.9706676006317139
0,20,1.957805871963501
0,21,Error,1.218628019372641
0,22,2.1419425010681152
0,23,Error,0.45857666327100155
0,24,1.9780938625335693
0,25,Error,1.9024614694770974
0,26,1.9572391510009766
0,27,Error,0.6412033015866273
0,28,1.9122669696807861
0,29,2.166278600692749
0,30,Error,4.137428972588522
0,31,1.6274852752685547
0,32,1.7903611660003662
0,33,Error,5.99569683503899
0,34,Error,5.1617308087153315
0,35,Error,5.1430024393903695
0,36,Error,7.331526670868281
0,37,Error,5.208129135914128
0,38,Error,0.4197309675994503
0,39,1.9737563133239746
0,40,2.057656764984131
0,41,1.871349573135376
0,42,2.080348491668701
0,43,1.8658862113952637
0,44,Error,5.370800518491492
0,45,Error,1.0952871335712977
0,46,1.7794582843780518
0,47,1.8343064785003662
0,48,2.021608829498291
0,49,Error,0.21790092239447878
0,50,Error,3.369092572721231
0,51,2.0510168075561523
0,52,Error,1.0136091815231525
0,53,Error,1.4007855342153979
0,54,1.9925110340118408
0,55,Error,6.263889556313176
0,56,Error,1.5799113466638677
0,57,Error,1.051946982010909
0,58,2.1875040531158447
0,59,Error,5.760826395691338
0,60,2.2051210403442383
0,61,1.983447790145874
0,62,Error,0.0969878890924613
0,63,2.096083164215088
0,64,Error,3.8629345770221954
0,65,2.0012314319610596
0,66,2.0141489505767822
0,67,1.6682555675506592
0,68,1.9138543605804443
0,69,1.8325212001800537
0,70,1.989344835281372
0,71,2.143333673477173
0,72,2.2776846885681152
0,73,2.359184741973877
0,74,2.0172505378723145
0,75,Error,3.7956136091934973
0,76,Error,3.787185250776342
0,77,1.910315990447998
0,78,Error,4.146661650196257
0,79,2.0866405963897705
0,80,Error,4.806441400375573
0,81,2.0732502937316895
0,82,Error,3.9694052581949757
0,83,2.014845132827759
0,84,Error,0.06259990598954722
0,85,1.646557331085205
0,86,Error,4.722398507204281
0,87,1.851135015487671
0,88,Error,4.227329545676782
0,89,1.8706672191619873
0,90,2.1119651794433594
