idx,CommunicationRound,TimeCost
3,0,10.046931505203247
3,1,3.859002113342285
3,2,Error,8.884039358133823
3,3,Error,8.308693531879117
3,4,3.9435555934906006
3,5,Error,10.731549633919707
3,6,Error,9.750512288584272
3,7,Error,6.709501250596854
3,8,Error,7.986689428485611
3,9,Error,1.0304354309996178
3,10,3.9214260578155518
3,11,4.022269248962402
3,12,3.8430685997009277
3,13,4.0121190547943115
3,14,4.018379211425781
3,15,Error,1.1231357390662557
3,16,4.156660795211792
3,17,4.129563570022583
3,18,4.033493280410767
3,19,Error,10.401748390198865
3,20,Error,0.3359994050916903
3,21,Error,6.309431555583587
3,22,4.063133955001831
3,23,4.016433000564575
3,24,4.149049520492554
3,25,4.231892824172974
3,26,4.187106370925903
3,27,3.99007511138916
3,28,Error,1.7571210206328935
3,29,4.020916700363159
3,30,4.076910018920898
3,31,4.061823844909668
3,32,4.102664470672607
3,33,Error,3.7912169900580412
3,34,4.211459398269653
3,35,Error,4.623586307361146
3,36,Error,11.681257006024463
3,37,Error,11.38278351047217
3,38,Error,0.4403557384797999
3,39,Error,2.8079026393302127
3,40,Error,3.0937958335481217
3,41,4.040518522262573
3,42,3.9366819858551025
3,43,4.0818095207214355
3,44,4.259098291397095
3,45,3.4925496578216553
