idx,CommunicationRound,TimeCost
4,0,Error,39.20324243334896
4,1,5.933956146240234
4,2,5.980955600738525
4,3,6.117185115814209
4,4,Error,6.377459505857136
4,5,Error,4.940439349617017
4,6,6.0785698890686035
4,7,6.191189527511597
4,8,6.129256010055542
4,9,Error,8.502603255272858
4,10,Error,10.588976191669904
4,11,Error,17.366675959706804
4,12,Error,15.939401244044051
4,13,Error,17.69148902484926
4,14,Error,3.1108056668290467
