idx,CommunicationRound,TimeCost
8,0,16.56043839454651
8,1,Error,5.933819539974083
8,2,Error,2.3289476785968257
8,3,Error,4.95930794046451
8,4,Error,5.064166307668093
8,5,Error,3.1738630037505335
8,6,Error,8.381428836727755
8,7,5.0892744064331055
8,8,Error,1.5650278434518574
8,9,5.2459704875946045
8,10,5.260958194732666
8,11,5.203065633773804
8,12,5.255109548568726
8,13,Error,8.713609356074693
8,14,5.216911554336548
