idx,CommunicationRound,TimeCost
1,0,32.317460775375366
1,1,20.321616411209106
1,2,20.179200649261475
1,3,20.263279676437378
1,4,20.335466861724854
1,5,20.265275955200195
1,6,20.19046139717102
1,7,20.110970735549927
1,8,20.18894124031067
1,9,20.107739686965942
1,10,20.12233853340149
1,11,Error,3.695905648345599
1,12,20.412454843521118
1,13,20.18203616142273
1,14,20.32724952697754
1,15,20.35067653656006
1,16,20.27341365814209
1,17,20.296119213104248
