idx,CommunicationRound,TimeCost
2,0,26.48170256614685
2,1,14.927037239074707
2,2,14.82628321647644
2,3,14.781121015548706
2,4,15.008341550827026
2,5,14.749147891998291
2,6,14.810870170593262
2,7,14.389041662216187
2,8,14.667935848236084
2,9,14.51056718826294
2,10,14.95933198928833
2,11,14.751986026763916
2,12,14.791003227233887
2,13,14.853997707366943
2,14,14.947930097579956
2,15,15.032053232192993
2,16,14.817425012588501
2,17,14.738415002822876
