idx,CommunicationRound,TimeCost
0,0,18.377469301223755
0,1,6.759559631347656
0,2,6.622334003448486
0,3,6.713914155960083
0,4,6.495533466339111
0,5,6.399011135101318
0,6,6.700210094451904
0,7,Error,20.230730240070972
0,8,6.8930864334106445
0,9,Error,0.3059252161269965
0,10,Error,3.9008142980003466
0,11,Error,9.246186079891672
0,12,6.781504154205322
0,13,6.805814504623413
0,14,6.872416734695435
0,15,Error,19.97762713385416
0,16,6.8733251094818115
0,17,6.972133159637451
