idx,CommunicationRound,TimeCost
1,0,22.76961922645569
1,1,Error,0.3474513202770561
1,2,Error,25.729731702480585
1,3,10.685302019119263
1,4,10.52535080909729
1,5,10.459616661071777
1,6,10.603556394577026
1,7,10.56310486793518
1,8,10.452438354492188
1,9,10.658104181289673
1,10,Error,1.9561527409498956
1,11,10.653125524520874
1,12,10.610116004943848
1,13,Error,13.595326156673588
1,14,10.539491176605225
1,15,Error,22.34942449979297
1,16,Error,25.73694980038409
1,17,10.600916147232056
