idx,CommunicationRound,TimeCost
7,0,17.533203840255737
7,1,Error,8.81341924036182
7,2,5.953433036804199
7,3,Error,4.555233758128467
7,4,6.036306381225586
7,5,6.076888561248779
7,6,6.06341028213501
7,7,Error,13.12254954101038
7,8,Error,12.216517136680283
7,9,6.134043455123901
7,10,Error,0.11898490661240307
7,11,Error,13.29011411144227
7,12,6.012085437774658
7,13,5.98816990852356
7,14,6.053037405014038
7,15,5.934979200363159
7,16,Error,12.534078929886684
