idx,CommunicationRound,TimeCost
8,0,16.907867908477783
8,1,5.138319492340088
8,2,5.103609561920166
8,3,Error,3.993310914785367
8,4,4.9671196937561035
8,5,Error,4.933404052464665
8,6,5.183527946472168
8,7,Error,3.111477691089502
8,8,5.222179174423218
8,9,5.225244998931885
8,10,Error,11.321860313646734
8,11,5.157711505889893
8,12,Error,14.318895705792244
8,13,5.215239524841309
8,14,Error,8.723124443667826
8,15,5.278484344482422
8,16,Error,9.663850519872028
8,17,5.256058931350708
