idx,CommunicationRound,TimeCost
8,0,16.653613567352295
8,1,3.7981245517730713
8,2,3.5655345916748047
8,3,Error,2.7657802346536684
8,4,Error,2.9449816138785003
8,5,Error,3.3187765708571346
8,6,Error,0.7231419678668803
8,7,3.5284368991851807
8,8,3.551243782043457
8,9,4.282695293426514
8,10,4.833782196044922
8,11,Error,10.305483005414215
8,12,4.260689973831177
8,13,3.6495676040649414
8,14,Error,4.76963596829801
8,15,5.141490697860718
8,16,Error,9.341746509296016
8,17,2.9001598358154297
8,18,3.253871202468872
8,19,Error,4.958215410525827
8,20,Error,11.98713313286515
8,21,5.254571437835693
8,22,Error,4.436014314903167
8,23,3.6787524223327637
8,24,Error,3.114895822231781
8,25,5.154688835144043
8,26,Error,9.902523245750814
8,27,Error,9.885260279809227
8,28,Error,0.8309721689677003
8,29,4.873822450637817
8,30,3.922980308532715
8,31,Error,1.4574849931188123
8,32,3.051727294921875
8,33,3.721572160720825
8,34,3.747141122817993
8,35,4.8543548583984375
8,36,Error,5.689984163496541
8,37,5.113312005996704
8,38,5.380810499191284
8,39,3.655333995819092
8,40,3.699451208114624
8,41,3.651461601257324
8,42,Error,1.8655648669466418
8,43,3.6913185119628906
8,44,Error,5.632439811209455
8,45,3.954545021057129
8,46,2.9009339809417725
8,47,3.3903956413269043
8,48,3.6809732913970947
8,49,3.7682101726531982
8,50,2.7702808380126953
8,51,3.650216817855835
8,52,3.462451457977295
8,53,Error,4.67709300820879
8,54,Error,4.020854743001424
8,55,5.047872304916382
8,56,Error,6.049182928919186
8,57,2.920051336288452
8,58,Error,3.4810122124175855
8,59,3.0792996883392334
8,60,Error,2.339641438509631
8,61,Error,10.992108262188383
8,62,2.825805187225342
8,63,2.887165069580078
8,64,2.9719953536987305
8,65,Error,10.43749873299511
8,66,Error,11.016084872013858
8,67,Error,1.695131752813884
8,68,3.5392024517059326
8,69,Error,4.981698483326516
8,70,4.3711042404174805
8,71,4.733290910720825
8,72,Error,3.8831351441852764
8,73,Error,6.634126240575707
8,74,4.216836452484131
8,75,Error,2.1683456124135008
8,76,Error,5.598523767425599
8,77,2.930975914001465
8,78,3.6227071285247803
8,79,Error,4.556807358154899
8,80,4.350701808929443
8,81,Error,7.428081682864481
8,82,Error,9.097210986218876
8,83,2.7667202949523926
8,84,Error,7.646979261211351
8,85,4.0948216915130615
8,86,3.35217547416687
8,87,3.113288640975952
8,88,Error,14.80689159049183
8,89,Error,0.9950457472161996
8,90,Error,6.668189273684827
8,91,5.205687046051025
