idx,CommunicationRound,TimeCost
2,0,6.363618612289429
2,1,0.44322657585144043
2,2,Error,0.21653275593104984
2,3,0.43788623809814453
2,4,0.4409756660461426
2,5,Error,0.559203293462267
2,6,0.4480412006378174
2,7,Error,0.19025197175501588
2,8,0.451796293258667
2,9,0.44705986976623535
2,10,0.4463529586791992
2,11,Error,1.1178343951373273
2,12,0.4374222755432129
2,13,Error,0.48319933514775193
2,14,Error,0.17302889231210405
2,15,0.44289350509643555
2,16,0.44743824005126953
2,17,0.43653416633605957
2,18,0.44645190238952637
2,19,Error,0.2675558860989263
2,20,Error,0.6079122473230255
2,21,Error,0.17545230098819073
2,22,Error,0.31593306483919814
2,23,Error,0.09354421647656047
2,24,0.4483935832977295
2,25,0.4395148754119873
2,26,Error,0.1895964991853291
2,27,0.44559645652770996
2,28,Error,0.5521362647957461
2,29,0.4442615509033203
2,30,Error,1.1565913734798041
2,31,0.44400548934936523
2,32,0.4468107223510742
2,33,0.446901798248291
2,34,0.4408295154571533
2,35,0.44548749923706055
2,36,0.4465019702911377
2,37,Error,0.21992829437553776
2,38,Error,0.2995046561715424
2,39,0.43340349197387695
2,40,0.4459679126739502
2,41,Error,0.45124871508035225
2,42,Error,1.315377004515547
2,43,Error,0.35527470370373326
2,44,Error,0.6254014652240136
2,45,0.43962907791137695
2,46,Error,0.6498031551383244
2,47,0.4545924663543701
