idx,CommunicationRound,TimeCost
5,0,Error,7.49532306008594
5,1,Error,0.15522802372954153
5,2,0.0782010555267334
5,3,Error,0.07266609089259293
5,4,0.07592439651489258
5,5,0.08055543899536133
5,6,Error,0.20608105657690426
5,7,0.08569002151489258
5,8,Error,0.13736368632762844
5,9,Error,0.07221288619735751
5,10,0.0789635181427002
5,11,Error,0.1516746671301073
5,12,Error,0.011544537901327475
5,13,0.08875131607055664
5,14,0.08518719673156738
5,15,Error,0.08165893824459197
5,16,Error,0.16876560719279854
5,17,Error,0.21104193593623896
5,18,0.08039331436157227
5,19,0.08171248435974121
5,20,0.07882285118103027
5,21,Error,0.060189524271562524
5,22,Error,0.09575002795444955
5,23,0.08165884017944336
5,24,Error,0.12046625870809607
5,25,0.08716583251953125
5,26,0.08275961875915527
5,27,Error,0.021350643489412846
5,28,Error,0.13827023336193123
5,29,Error,0.1721528310482723
5,30,0.08579158782958984
5,31,0.07524394989013672
5,32,Error,0.0025080595356883773
5,33,0.07882571220397949
5,34,Error,0.08829326246776494
5,35,Error,0.16616622927824828
5,36,Error,0.0073062018807729485
5,37,0.07725334167480469
5,38,0.08388662338256836
5,39,Error,0.09303727692928404
5,40,Error,0.09786149916748056
5,41,Error,0.22973244005261945
5,42,Error,0.057589283688123424
5,43,0.07431554794311523
5,44,0.08764386177062988
5,45,Error,0.005274606174961005
5,46,Error,0.029104027007078176
5,47,0.07365965843200684
