idx,CommunicationRound,TimeCost
8,0,6.759767770767212
8,1,0.1818561553955078
8,2,0.18191289901733398
8,3,Error,0.13960734430041188
8,4,Error,0.1482545262730255
8,5,Error,0.1638909316796895
8,6,Error,0.040304558129993714
8,7,0.17921113967895508
8,8,0.18019843101501465
8,9,Error,0.0560250584017391
8,10,0.2567927837371826
8,11,0.1775815486907959
8,12,0.17982816696166992
8,13,0.18338227272033691
8,14,Error,0.3010286210467844
8,15,0.18650293350219727
8,16,Error,0.34106239933566584
8,17,0.1798710823059082
8,18,Error,0.2588640221530148
8,19,Error,0.26826506721045706
8,20,0.18279504776000977
8,21,0.19637417793273926
8,22,Error,0.20780532771933108
8,23,0.16414833068847656
8,24,Error,0.1517690595327007
8,25,0.18372368812561035
8,26,Error,0.3641855073776039
8,27,Error,0.3705780375771129
8,28,Error,0.03790442087911934
8,29,0.18476152420043945
8,30,Error,0.15152994401758033
8,31,Error,0.15278892308651343
8,32,Error,0.34625744916037404
8,33,0.18909764289855957
8,34,0.17761969566345215
8,35,Error,0.21213210816401967
8,36,0.18821954727172852
8,37,0.19292426109313965
8,38,0.1839308738708496
8,39,0.1840825080871582
8,40,0.1775362491607666
8,41,Error,0.10740213072920395
8,42,0.1863112449645996
8,43,Error,0.2771698723982921
8,44,0.1816701889038086
8,45,0.18674111366271973
8,46,0.1862163543701172
8,47,0.18263840675354004
