idx,CommunicationRound,TimeCost
2,0,26.313865661621094
2,1,14.539279699325562
2,2,14.573424577713013
2,3,15.026323080062866
2,4,15.000528573989868
2,5,15.02967381477356
2,6,14.849541902542114
2,7,15.160494327545166
2,8,14.75987195968628
2,9,15.011879920959473
2,10,14.760997533798218
2,11,15.054796695709229
2,12,15.221569776535034
2,13,15.119665145874023
2,14,15.1059091091156
2,15,15.035433530807495
2,16,14.536591291427612
2,17,14.950284481048584
