idx,CommunicationRound,TimeCost
3,0,23.590115308761597
3,1,12.38387656211853
3,2,12.232699394226074
3,3,12.091662168502808
3,4,12.214548349380493
3,5,11.883049249649048
3,6,11.843899250030518
3,7,12.133931159973145
3,8,12.015774488449097
3,9,11.98170256614685
3,10,12.25666069984436
3,11,12.05791974067688
3,12,12.192144870758057
3,13,11.861795902252197
3,14,12.063724994659424
3,15,12.529041528701782
3,16,12.471633672714233
3,17,12.320548057556152
