idx,CommunicationRound,TimeCost
4,0,Error,39.0293641183755
4,1,6.114962100982666
4,2,5.992408514022827
4,3,6.215656757354736
4,4,6.185160875320435
4,5,6.101296901702881
4,6,5.960740566253662
4,7,6.115324974060059
4,8,6.114141464233398
4,9,6.156762599945068
4,10,6.109494209289551
4,11,6.1147918701171875
4,12,6.150087118148804
4,13,6.107709169387817
4,14,6.2227232456207275
4,15,6.127296447753906
4,16,6.275389671325684
