idx,CommunicationRound,TimeCost
6,0,16.17105770111084
6,1,4.632971286773682
6,2,4.666929244995117
6,3,4.647123336791992
6,4,4.485966205596924
6,5,4.614771842956543
6,6,4.569034576416016
6,7,4.6596574783325195
6,8,4.518789768218994
6,9,4.571974754333496
6,10,4.663343191146851
6,11,4.659024238586426
6,12,4.742897987365723
6,13,4.650903224945068
6,14,4.598477840423584
6,15,4.557493686676025
6,16,4.650467157363892
6,17,4.516113758087158
