idx,CommunicationRound,TimeCost
7,0,17.385627269744873
7,1,6.0144195556640625
7,2,5.999902963638306
7,3,5.913538455963135
7,4,5.98820686340332
7,5,5.987422227859497
7,6,6.022320032119751
7,7,6.102384805679321
7,8,5.898874759674072
7,9,6.088455438613892
7,10,5.8818864822387695
7,11,6.002799987792969
7,12,5.963434219360352
7,13,5.904251575469971
7,14,5.973920106887817
7,15,6.007777214050293
7,16,6.046676158905029
7,17,5.945281744003296
