idx,CommunicationRound,TimeCost
8,0,16.639013528823853
8,1,5.258359670639038
8,2,5.022692680358887
8,3,5.187314033508301
8,4,5.093413829803467
8,5,5.103544235229492
8,6,4.987314701080322
8,7,5.231309175491333
8,8,Error,3.0263349306184377
8,9,5.27648663520813
8,10,5.159981727600098
8,11,Error,11.272418047452538
8,12,5.246213674545288
8,13,5.190505266189575
8,14,5.26946234703064
8,15,5.261650800704956
8,16,5.185721158981323
8,17,5.147296667098999
