idx,CommunicationRound,TimeCost
3,0,10.344935178756714
3,1,4.123301982879639
3,2,4.126858949661255
3,3,4.119285345077515
3,4,4.118681907653809
3,5,4.149600267410278
3,6,4.163780927658081
3,7,4.252122640609741
3,8,4.155929327011108
3,9,4.335761070251465
3,10,4.273338317871094
3,11,4.309400320053101
3,12,4.250654697418213
3,13,4.0488691329956055
3,14,4.336530447006226
3,15,4.203854322433472
3,16,4.144108295440674
3,17,4.510781764984131
3,18,4.483770370483398
3,19,Error,11.226940296728936
3,20,4.326175212860107
3,21,4.4005491733551025
3,22,4.317575454711914
3,23,4.069347381591797
3,24,4.236135721206665
3,25,4.209083557128906
3,26,4.396832704544067
3,27,4.309659957885742
3,28,4.2624735832214355
3,29,4.299300909042358
3,30,4.378604173660278
3,31,4.387864351272583
3,32,4.450318336486816
3,33,Error,1.9041039302457334
3,34,4.271789312362671
3,35,4.3765599727630615
3,36,4.535451173782349
3,37,4.421358823776245
3,38,4.344779014587402
3,39,4.448755502700806
3,40,4.439518928527832
3,41,4.352067470550537
3,42,4.204895734786987
3,43,4.2585084438323975
3,44,4.319378137588501
3,45,4.331898927688599
3,46,4.200038909912109
3,47,4.073853254318237
3,48,4.4445507526397705
3,49,4.126651287078857
3,50,4.136861801147461
3,51,4.135238409042358
3,52,4.30016827583313
3,53,4.209919452667236
3,54,4.416444301605225
3,55,4.247711181640625
3,56,4.401319265365601
3,57,4.244642734527588
3,58,4.163165807723999
3,59,4.340585470199585
3,60,4.483153343200684
3,61,4.413800001144409
3,62,4.259167671203613
3,63,4.34840989112854
3,64,4.384056091308594
3,65,4.010010480880737
