idx,CommunicationRound,TimeCost
3,0,23.835718393325806
3,1,12.28608250617981
3,2,Error,26.253521227071
3,3,Error,25.589866848188137
3,4,12.270045280456543
3,5,Error,33.03183334464877
3,6,Error,29.148985778599986
3,7,Error,20.127916573787314
3,8,Error,24.152671726257505
3,9,Error,3.0326852059467733
3,10,11.97951865196228
3,11,12.030296087265015
3,12,12.021047115325928
3,13,12.041806936264038
