idx,CommunicationRound,TimeCost
4,0,Error,38.837365823869064
4,1,6.109964847564697
4,2,6.103380918502808
4,3,6.199375152587891
4,4,Error,6.369520332449878
4,5,Error,4.804739692184984
4,6,6.08642053604126
4,7,6.249634504318237
4,8,6.167796850204468
4,9,Error,8.373586204153321
4,10,Error,10.459691789748373
4,11,Error,16.905139947442013
4,12,Error,16.224978299360416
4,13,Error,17.780168240676023
4,14,Error,3.1542803970897633
