idx,CommunicationRound,TimeCost
5,0,Error,31.646919321938185
5,1,Error,26.695531456585506
5,2,13.673476457595825
5,3,Error,13.929496715205781
5,4,13.643638134002686
5,5,13.720957040786743
5,6,Error,36.82534331816144
5,7,13.9476900100708
5,8,Error,26.102635134534154
5,9,Error,12.828680466375312
5,10,13.688016891479492
5,11,Error,26.577230928312105
5,12,Error,1.844510819849786
5,13,13.794856309890747
5,14,Error,9.732165643035104
