idx,CommunicationRound,TimeCost
5,0,59.11530256271362
5,1,47.07742738723755
5,2,46.8398871421814
5,3,47.08599615097046
5,4,46.61637496948242
5,5,39.93318176269531
5,6,36.63097834587097
5,7,39.17071461677551
5,8,34.03750228881836
5,9,43.92971658706665
5,10,46.90581011772156
5,11,46.551273822784424
5,12,47.03319549560547
5,13,33.39658260345459
