idx,CommunicationRound,TimeCost
6,0,16.340682983398438
6,1,4.681665897369385
6,2,4.632524490356445
6,3,4.664005279541016
6,4,4.4769134521484375
6,5,4.702259302139282
6,6,4.623371839523315
6,7,4.683020830154419
6,8,4.501849412918091
6,9,4.54175329208374
6,10,4.673473834991455
6,11,4.708873987197876
6,12,4.773637294769287
6,13,4.552807569503784
6,14,4.674102306365967
6,15,4.528364658355713
6,16,4.570978879928589
6,17,4.499738693237305
