idx,CommunicationRound,TimeCost
3,0,10.188306093215942
3,1,3.8893253803253174
3,2,Error,8.94714446141383
3,3,Error,8.294637915902042
3,4,4.043198585510254
3,5,Error,10.6128997701423
3,6,Error,9.560242793524624
3,7,Error,6.88517946722343
3,8,Error,8.30551087355817
3,9,Error,1.0126109853594396
3,10,3.985316038131714
3,11,3.9265353679656982
3,12,3.914645195007324
3,13,3.9980363845825195
3,14,4.07142186164856
3,15,Error,1.1419700702930369
3,16,4.020388603210449
3,17,4.084911823272705
3,18,4.282059192657471
3,19,Error,10.144560577052765
3,20,Error,0.34638154446491215
3,21,Error,6.443807688003784
3,22,4.1378326416015625
3,23,4.0322229862213135
3,24,4.167734861373901
3,25,3.9749810695648193
3,26,4.143591403961182
3,27,4.079271078109741
3,28,Error,1.7055060833274944
3,29,4.072821617126465
3,30,3.9699974060058594
3,31,4.021295785903931
3,32,4.06841516494751
3,33,Error,3.703860955805772
3,34,4.2610228061676025
3,35,Error,4.721232902710599
3,36,Error,11.725698280915742
3,37,Error,11.871230570882
3,38,Error,0.45221592072649186
3,39,Error,2.798736116459542
3,40,Error,3.2381636503028917
3,41,4.068315505981445
3,42,3.913170337677002
3,43,4.100334882736206
3,44,4.128091812133789
