idx,CommunicationRound,TimeCost
3,0,9.044817924499512
3,1,2.850449562072754
3,2,Error,6.320761737353647
3,3,Error,5.868268121194283
3,4,2.8779079914093018
3,5,Error,7.766782801883489
3,6,Error,6.961434167474423
3,7,Error,4.767131006575157
3,8,Error,5.642398056681425
3,9,Error,0.7287327560692675
3,10,2.9105265140533447
3,11,2.900430679321289
3,12,2.9090523719787598
3,13,2.9443726539611816
3,14,2.9073286056518555
3,15,Error,0.8316143983911682
3,16,2.921410322189331
3,17,2.927818536758423
3,18,2.9728710651397705
3,19,Error,7.298332159386505
3,20,Error,0.24524410230365046
3,21,Error,4.613565504182053
3,22,2.91740083694458
3,23,2.9299726486206055
3,24,2.9432291984558105
3,25,2.9233717918395996
3,26,2.9312586784362793
3,27,2.95283579826355
3,28,Error,1.2841410819276002
3,29,2.9366633892059326
3,30,2.9328041076660156
3,31,2.9478697776794434
3,32,2.9499571323394775
3,33,Error,2.6705652795751806
3,34,2.937796115875244
3,35,Error,3.4163618096471158
3,36,Error,8.633284640515388
3,37,Error,8.321592107692295
3,38,Error,0.3136047281896476
3,39,Error,2.0243447696413073
3,40,Error,2.21759477418806
3,41,2.9742934703826904
3,42,2.982811212539673
3,43,2.9597859382629395
3,44,2.9910459518432617
3,45,2.973573923110962
3,46,Error,3.448881489404208
3,47,3.0383107662200928
3,48,Error,8.144402402794135
3,49,Error,8.386730204809286
3,50,Error,2.3325000197310897
