idx,CommunicationRound,TimeCost
9,0,6.893342018127441
9,1,0.2709519863128662
9,2,0.2691614627838135
9,3,0.2756683826446533
9,4,Error,0.33091915097744745
9,5,Error,0.2618979223853221
9,6,0.3410072326660156
9,7,Error,0.719639422781529
9,8,0.2657644748687744
9,9,0.26966261863708496
9,10,Error,0.4626489846105003
9,11,Error,0.15056500582512988
9,12,Error,0.5676582166616069
9,13,Error,0.018456326190152045
9,14,0.2711365222930908
9,15,Error,0.010438529480312035
9,16,Error,0.11075162548885428
9,17,0.27826976776123047
9,18,Error,0.5171637724705773
9,19,0.27111268043518066
9,20,0.26656341552734375
9,21,0.27525949478149414
9,22,0.2769758701324463
9,23,Error,0.4971686648144584
9,24,0.2787771224975586
9,25,0.2747626304626465
9,26,0.2647402286529541
9,27,0.2629823684692383
9,28,0.2668588161468506
9,29,0.277911901473999
9,30,Error,0.5582283424731724
9,31,0.2682030200958252
9,32,Error,0.6015364885920546
9,33,Error,0.0693488350715706
9,34,Error,0.03640609013872714
9,35,Error,0.4019721109356155
9,36,Error,0.5297482066119259
9,37,Error,0.2561817285769699
9,38,Error,0.30525996333299893
9,39,Error,0.1836972776966657
9,40,0.267805814743042
9,41,0.2784435749053955
9,42,Error,0.15193274833450257
9,43,0.2754957675933838
9,44,0.27774572372436523
9,45,Error,0.24153535496213066
9,46,Error,0.22848693424809183
9,47,Error,0.8085657072973205
9,48,0.2674403190612793
9,49,Error,0.475661124775246
9,50,0.2641007900238037
9,51,0.28237295150756836
