idx,CommunicationRound,TimeCost
3,0,23.494015216827393
3,1,12.410642862319946
3,2,Error,26.217181096625108
3,3,Error,24.378006516455496
3,4,12.232126235961914
3,5,Error,32.15658257822548
3,6,Error,29.579015547039692
3,7,Error,20.419504280336447
