idx,CommunicationRound,TimeCost
5,0,Error,50.331621427270385
5,1,Error,55.81381111262246
5,2,Error,0.8565872755631646
5,3,Error,12.0041009253264
5,4,Error,66.41272713655101
5,5,Error,77.25149821337995
5,6,Error,2.3538659035006835
5,7,Error,24.968973266689588
