idx,CommunicationRound,TimeCost
1,0,23.30446743965149
1,1,Error,0.1859273069870007
1,2,Error,13.53006498488073
1,3,5.081628084182739
1,4,6.605432987213135
1,5,7.056269884109497
1,6,13.155128240585327
1,7,11.648168087005615
1,8,5.634819507598877
1,9,3.267641067504883
1,10,Error,0.7653354191115961
1,11,10.682142496109009
1,12,17.355501413345337
1,13,Error,21.40814260376421
1,14,Error,21.904192941167345
1,15,14.642818689346313
1,16,Error,28.67175432751601
1,17,7.598954916000366
1,18,19.829193830490112
1,19,Error,32.43451802138219
1,20,11.818450927734375
1,21,Error,5.266379270803466
1,22,11.09913945198059
1,23,Error,1.0150611082541443
1,24,0.9792449474334717
1,25,Error,4.411662268726426
1,26,7.147085428237915
1,27,1.1678717136383057
1,28,1.3813283443450928
1,29,1.3394660949707031
1,30,4.778367757797241
1,31,Error,6.111614726468466
1,32,Error,8.186359217303409
1,33,Error,5.3900711854483445
1,34,5.8932273387908936
1,35,Error,17.003800496838203
1,36,Error,4.745493451562345
1,37,Error,3.266847873511919
1,38,Error,1.3357030803230323
1,39,Error,3.1923080016028265
1,40,3.580202579498291
1,41,Error,2.41689890340606
1,42,2.5880696773529053
1,43,Error,1.5712852869590843
1,44,1.0633347034454346
1,45,1.8205358982086182
1,46,Error,2.5506234474106373
1,47,Error,18.36152079030868
1,48,10.594170570373535
1,49,Error,10.881029254359662
1,50,8.159622192382812
