idx,CommunicationRound,TimeCost
3,0,25.570291757583618
3,1,12.48635196685791
3,2,Error,30.907904166916307
3,3,Error,26.920018500093303
3,4,14.90721321105957
3,5,Error,28.247649317679752
3,6,Error,31.423383621223184
3,7,Error,22.094011727284773
3,8,Error,26.34031559975088
3,9,Error,3.337535986443436
3,10,13.473288536071777
3,11,15.127310276031494
3,12,18.644809246063232
3,13,15.433139085769653
3,14,6.532159090042114
3,15,Error,2.82526893021711
3,16,9.970930576324463
3,17,13.482491731643677
3,18,17.41489839553833
3,19,Error,52.07654510114921
3,20,Error,1.5630584161785337
3,21,Error,23.586332943429234
3,22,14.890613555908203
3,23,16.912057161331177
3,24,17.38790249824524
