idx,CommunicationRound,TimeCost
0,0,18.452603101730347
0,1,Error,10.242339055128474
0,2,Error,10.3465472379429
0,3,6.819308757781982
0,4,Error,1.8048835595789006
0,5,6.702451467514038
0,6,6.657911777496338
0,7,6.858342170715332
0,8,Error,0.30026271961006834
0,9,Error,3.878013544696326
0,10,Error,9.371494389580649
0,11,6.684753656387329
0,12,6.801817178726196
0,13,6.667825698852539
0,14,Error,19.76369605334676
0,15,6.799024343490601
