idx,CommunicationRound,TimeCost
3,0,23.829659700393677
3,1,12.319231271743774
3,2,Error,27.239698931223593
3,3,Error,24.807696778549097
3,4,12.268814086914062
3,5,Error,32.421307235574325
3,6,Error,29.878770395294342
3,7,Error,20.42360821685747
3,8,Error,24.12898248564305
3,9,Error,3.0183687530923478
3,10,12.417122602462769
3,11,12.374375581741333
3,12,12.068795680999756
3,13,12.315242290496826
3,14,12.08747410774231
