idx,CommunicationRound,TimeCost
6,0,16.417911291122437
6,1,Error,10.86312898978528
6,2,4.798420667648315
6,3,Error,5.1661292007240025
6,4,Error,7.104606124718147
6,5,4.662431955337524
6,6,Error,14.163819590323584
6,7,4.5003862380981445
6,8,Error,9.747997704864169
6,9,4.67811918258667
6,10,4.676438093185425
6,11,4.701103210449219
6,12,Error,13.036169548183441
6,13,4.69645619392395
6,14,4.638892650604248
6,15,4.5342934131622314
