idx,CommunicationRound,TimeCost
5,0,39.68675112724304
5,1,28.62699818611145
5,2,28.576643705368042
5,3,28.181389808654785
5,4,28.50964856147766
5,5,28.537815809249878
5,6,28.891252994537354
5,7,28.765684843063354
5,8,28.52677297592163
5,9,28.358529567718506
5,10,28.22311520576477
5,11,28.41213035583496
5,12,28.204015493392944
5,13,28.774561882019043
5,14,28.138176679611206
5,15,28.734787225723267
5,16,Error,82.99446009284287
5,17,28.888434886932373
