idx,CommunicationRound,TimeCost
1,0,32.25578474998474
1,1,20.369317054748535
1,2,20.154331922531128
1,3,20.199267387390137
1,4,20.36691975593567
1,5,20.322622776031494
1,6,20.274429321289062
1,7,20.213969945907593
1,8,20.16964626312256
1,9,20.402023553848267
1,10,20.31568431854248
1,11,Error,3.7268482942925254
1,12,20.494926929473877
1,13,20.248244524002075
1,14,20.417156219482422
1,15,20.27776312828064
1,16,20.235490322113037
1,17,20.27016282081604
