idx,CommunicationRound,TimeCost
4,0,Error,38.94716960443575
4,1,6.076686143875122
4,2,5.9661219120025635
4,3,6.060710668563843
4,4,6.13669753074646
4,5,6.07002854347229
4,6,6.081602334976196
4,7,5.902454137802124
4,8,6.219034194946289
4,9,6.0312981605529785
4,10,6.131185531616211
4,11,6.092134714126587
4,12,5.974801301956177
4,13,6.148283004760742
4,14,6.185566186904907
4,15,5.928499937057495
4,16,6.219449758529663
