idx,CommunicationRound,TimeCost
5,0,40.496705055236816
5,1,28.644472122192383
5,2,28.152665853500366
5,3,28.513402462005615
5,4,28.297379732131958
5,5,28.638569355010986
5,6,28.630547523498535
5,7,28.321406602859497
5,8,28.031816244125366
5,9,27.971734523773193
5,10,28.5020170211792
5,11,28.362754344940186
5,12,27.79056429862976
5,13,28.37807059288025
5,14,28.208938121795654
5,15,28.17193913459778
5,16,Error,81.27258735081016
5,17,28.842520713806152
