idx,CommunicationRound,TimeCost
8,0,16.501076221466064
8,1,5.1443705558776855
8,2,5.053685903549194
8,3,5.066219091415405
8,4,5.035682201385498
8,5,5.069388389587402
8,6,5.130182266235352
8,7,4.957101345062256
8,8,Error,3.1131937532407306
8,9,5.22749662399292
8,10,5.222866058349609
8,11,Error,11.140615743279525
8,12,5.080022573471069
8,13,5.257275104522705
8,14,5.1587607860565186
8,15,5.029764890670776
8,16,5.126121282577515
8,17,5.1974546909332275
