idx,CommunicationRound,TimeCost
6,0,6.360969066619873
6,1,Error,0.9939534503272326
6,2,0.412106990814209
6,3,Error,0.5207743346666485
6,4,Error,0.6213836189210583
6,5,0.4078505039215088
6,6,Error,1.2724077664358548
6,7,0.4090557098388672
6,8,Error,0.8998295051575028
6,9,0.41363096237182617
6,10,Error,1.1157589914958075
6,11,Error,0.1053016661615557
6,12,Error,1.2712670989263775
6,13,0.4163811206817627
6,14,0.4198577404022217
6,15,Error,0.06347781639689672
6,16,Error,1.2044568787937964
6,17,0.42064809799194336
6,18,Error,0.69819982786131
6,19,Error,0.4512302704783968
6,20,0.42896127700805664
6,21,0.41094517707824707
6,22,Error,0.16603348748306931
6,23,0.41907238960266113
6,24,Error,1.1404292660789253
6,25,Error,0.012231449312713498
6,26,Error,0.589355430081159
6,27,0.41026782989501953
6,28,Error,0.09419230438719876
6,29,0.4382972717285156
6,30,Error,0.8541291742050104
6,31,0.4077575206756592
6,32,Error,0.5152245213294241
6,33,Error,0.19604584209362103
6,34,Error,1.041265237974586
6,35,0.46622419357299805
6,36,0.4239840507507324
6,37,0.41257405281066895
6,38,0.41930413246154785
6,39,0.4336507320404053
6,40,Error,0.10689755345129388
6,41,Error,0.6671478744766407
