idx,CommunicationRound,TimeCost
3,0,24.61444115638733
3,1,12.29136323928833
3,2,Error,27.002087276147115
3,3,Error,25.41654182076498
3,4,12.01510763168335
3,5,Error,33.64817727338586
3,6,Error,29.858993297877394
3,7,Error,20.2236048994046
3,8,Error,24.274806889606506
3,9,Error,3.057045351089186
3,10,12.082011222839355
3,11,12.178483486175537
