idx,CommunicationRound,TimeCost
7,0,Error,17.641031561996826
7,1,Error,8.81165681942255
7,2,Error,4.768065891307907
7,3,Error,5.765536229992439
7,4,5.963254928588867
7,5,6.059693813323975
7,6,Error,13.012303717050505
7,7,Error,12.152598121685077
7,8,6.044828653335571
7,9,Error,0.11703602643037797
7,10,Error,13.26698107807767
7,11,Error,9.546165685168512
7,12,Error,5.545597786347405
