idx,CommunicationRound,TimeCost
7,0,17.612982511520386
7,1,Error,8.679270597451174
7,2,5.802469730377197
7,3,Error,4.474272226491634
7,4,Error,9.936168593917841
7,5,4.663408517837524
7,6,Error,3.284823427120715
7,7,5.453247785568237
7,8,5.965393543243408
7,9,5.477662801742554
7,10,Error,0.08971655208622649
7,11,Error,10.21511192694641
7,12,4.6437342166900635
7,13,4.75006628036499
7,14,Error,2.0224630313252456
7,15,6.011893272399902
7,16,6.14646577835083
7,17,Error,3.8152947336006413
7,18,4.604984998703003
7,19,4.473597049713135
7,20,4.461068630218506
7,21,4.565117835998535
7,22,4.524303913116455
7,23,4.628310203552246
7,24,Error,2.03410692383711
7,25,5.549756765365601
7,26,Error,16.771558481086373
7,27,4.5949530601501465
7,28,4.6060402393341064
7,29,4.525965452194214
7,30,4.465975522994995
7,31,6.036967992782593
7,32,Error,7.695548249120232
7,33,Error,9.569258912556725
7,34,Error,12.211178385758677
7,35,Error,13.780420167921685
7,36,Error,9.922240235944686
7,37,Error,12.831839711898256
7,38,6.042255401611328
7,39,6.047462224960327
7,40,Error,14.025423822707454
7,41,6.201183319091797
7,42,6.110964059829712
7,43,5.999524354934692
7,44,6.229029178619385
7,45,Error,12.262277036519084
7,46,6.216336488723755
7,47,Error,15.25622374009151
7,48,6.190424919128418
7,49,5.975906848907471
7,50,4.519099235534668
7,51,Error,11.295078831159238
7,52,4.578502893447876
7,53,Error,7.835852839569782
7,54,Error,10.510691540183135
7,55,5.922144412994385
7,56,4.531237363815308
7,57,4.63319730758667
7,58,Error,13.014346548596743
7,59,Error,4.588100303555405
7,60,Error,2.9110653672794746
7,61,6.167475938796997
7,62,Error,15.148296514902386
