idx,CommunicationRound,TimeCost
8,0,17.08094334602356
8,1,3.8294007778167725
8,2,3.562513589859009
8,3,Error,2.779280267891347
8,4,Error,2.965707173965555
8,5,Error,3.309745435576962
8,6,Error,0.733599614415998
8,7,3.4801511764526367
8,8,3.543139934539795
8,9,4.14386510848999
8,10,4.785908937454224
8,11,Error,10.313810373576143
8,12,4.09600567817688
8,13,3.7357800006866455
8,14,Error,4.762025614199626
8,15,5.065867185592651
8,16,Error,9.411278819148112
8,17,2.8297061920166016
8,18,3.012861490249634
8,19,Error,5.173936800812193
8,20,Error,11.106746425892156
8,21,4.950371742248535
8,22,Error,4.710641274676414
8,23,3.6423327922821045
8,24,Error,3.0021288979920624
8,25,4.751734733581543
8,26,Error,10.197932089150875
8,27,Error,8.634214402096637
8,28,Error,0.9328194828139782
8,29,3.7728939056396484
8,30,4.822598218917847
8,31,Error,1.8116808417491785
8,32,2.816256284713745
8,33,3.6354429721832275
8,34,3.814495325088501
8,35,3.809457778930664
8,36,Error,5.249775080207795
8,37,5.020508766174316
8,38,5.152395963668823
8,39,4.642545223236084
8,40,3.588127851486206
8,41,3.709869623184204
8,42,Error,2.1790033959155637
8,43,3.1354856491088867
8,44,Error,5.689123237976718
8,45,4.756842374801636
8,46,3.044973850250244
8,47,2.9591379165649414
8,48,3.173372268676758
8,49,3.720432996749878
8,50,3.686077356338501
8,51,2.8633651733398438
8,52,3.910876750946045
8,53,Error,4.424009222600742
8,54,Error,3.9982035935646283
8,55,4.375492572784424
8,56,Error,9.855111006678904
8,57,3.246635675430298
8,58,Error,3.21183156928412
8,59,3.2253808975219727
8,60,Error,2.6109680584740294
8,61,Error,11.297181144704481
8,62,2.7929952144622803
8,63,2.8788888454437256
8,64,3.284597873687744
8,65,Error,9.618107061081735
8,66,Error,10.442808529630332
8,67,Error,1.6583751319553939
8,68,4.243229389190674
8,69,Error,5.026022604012404
8,70,3.5032899379730225
8,71,4.7570343017578125
8,72,Error,4.7412989682554665
8,73,Error,6.61167928017053
8,74,4.130469560623169
8,75,Error,2.139449201771598
8,76,Error,5.403733493697515
8,77,2.9017856121063232
8,78,3.2352871894836426
8,79,Error,3.7890590603360823
8,80,4.877317428588867
8,81,Error,7.352458676294594
8,82,Error,7.41220687018956
8,83,4.508087635040283
8,84,Error,7.20229197137043
8,85,3.8860373497009277
8,86,2.9128918647766113
8,87,3.212102174758911
8,88,Error,12.12234908953825
8,89,Error,1.2114731281938185
8,90,Error,9.129880383592615
8,91,3.788557529449463
