idx,CommunicationRound,TimeCost
9,0,21.012750148773193
9,1,8.702506065368652
9,2,8.16183066368103
9,3,8.698595762252808
9,4,Error,6.724018454603852
9,5,Error,4.891386810713212
9,6,5.8882153034210205
9,7,Error,24.088241479185413
9,8,7.566476821899414
9,9,8.881923913955688
9,10,Error,15.01973927586896
9,11,Error,1.7060865561497107
9,12,Error,10.388581997730398
9,13,Error,0.6156477784865513
9,14,8.717529058456421
9,15,Error,0.24341326800891638
9,16,Error,2.214672438355354
9,17,5.2552406787872314
9,18,Error,10.426987318838695
9,19,8.6904776096344
9,20,8.8111732006073
9,21,5.108204126358032
9,22,2.5682907104492188
9,23,Error,4.3859366086383895
9,24,2.4082272052764893
9,25,2.5403053760528564
9,26,2.438965320587158
9,27,2.395371437072754
9,28,4.244699001312256
9,29,5.139766216278076
9,30,Error,11.288817165961238
9,31,5.578240394592285
9,32,Error,10.872676535448385
9,33,Error,2.2580891980619273
9,34,Error,0.6902667285331874
9,35,Error,8.170114391691015
9,36,Error,4.568687807748561
9,37,Error,4.906034876389363
9,38,Error,6.562682049609622
9,39,Error,4.47375063569748
9,40,5.675169229507446
9,41,5.617571830749512
9,42,Error,4.2296726545081915
9,43,2.400728940963745
9,44,2.4905853271484375
9,45,Error,2.1743973153643297
9,46,Error,5.779968330077099
9,47,Error,26.11165147262533
9,48,5.1155946254730225
9,49,Error,15.38438262118241
9,50,5.471796035766602
9,51,6.679672956466675
9,52,6.8397157192230225
9,53,2.5582849979400635
9,54,Error,9.534787570684145
9,55,5.709533214569092
9,56,8.831731796264648
9,57,5.821284532546997
9,58,5.482879877090454
9,59,Error,0.8209453131921757
9,60,5.161685228347778
9,61,8.928380489349365
