idx,CommunicationRound,TimeCost
1,0,23.261850357055664
1,1,Error,0.37369282436055695
1,2,Error,27.43306417973203
1,3,11.455015659332275
1,4,3.0592494010925293
1,5,3.0071349143981934
1,6,2.8005475997924805
1,7,2.877272367477417
1,8,2.821843385696411
1,9,3.3214969635009766
1,10,Error,1.5227600095042246
1,11,11.405956268310547
1,12,10.688184022903442
1,13,Error,9.013112315972744
1,14,Error,8.402048553156439
1,15,9.964847564697266
1,16,Error,27.794535091617938
1,17,2.857804775238037
1,18,6.6635754108428955
1,19,Error,24.955372508639233
1,20,7.295114040374756
1,21,Error,7.670617361662382
1,22,3.6749939918518066
1,23,Error,9.297491136089377
1,24,7.380029201507568
1,25,Error,25.73592581891543
1,26,5.029112815856934
1,27,2.7844529151916504
1,28,6.323011159896851
1,29,2.833906888961792
1,30,6.282735824584961
1,31,Error,8.977204266904302
1,32,Error,15.869607058083831
1,33,Error,14.776570037707705
1,34,4.290156602859497
1,35,Error,8.540775420814843
1,36,Error,16.19036941213154
1,37,Error,8.472678328940349
1,38,Error,5.296647545128164
1,39,Error,17.671656380115117
1,40,11.341854572296143
1,41,Error,11.146064412802803
1,42,7.405651092529297
