idx,CommunicationRound,TimeCost
7,0,17.4336040019989
7,1,Error,8.771620531428775
7,2,5.870013236999512
7,3,Error,4.498295158285083
7,4,Error,9.550379240109411
7,5,4.652462720870972
7,6,Error,3.277376535903804
7,7,5.559138536453247
7,8,5.771068811416626
7,9,5.507402420043945
7,10,Error,0.09002901990664632
7,11,Error,10.226223126286232
7,12,4.51697301864624
7,13,4.806644678115845
7,14,Error,2.0310529894212035
7,15,6.027806282043457
7,16,6.023825407028198
7,17,Error,3.749928973547052
7,18,4.587121486663818
7,19,4.607394218444824
7,20,4.567422151565552
7,21,4.693016767501831
7,22,4.657290458679199
7,23,4.7652060985565186
7,24,Error,2.090813913314279
7,25,5.97170090675354
7,26,Error,17.221487721468222
7,27,4.6041553020477295
7,28,4.630041837692261
7,29,4.583378553390503
7,30,4.569558620452881
7,31,6.160534143447876
7,32,Error,7.718278611682313
7,33,Error,9.50756112962272
7,34,Error,12.301789212650288
7,35,Error,13.96628709554982
7,36,Error,10.15933978450822
7,37,Error,12.93273086481649
7,38,5.920137166976929
7,39,6.1660590171813965
7,40,Error,14.00040433404342
7,41,6.209177255630493
7,42,6.061538934707642
7,43,6.2370445728302
7,44,6.1766369342803955
7,45,Error,11.334065223642993
7,46,6.2416651248931885
7,47,Error,15.542342852005355
7,48,6.360381364822388
7,49,5.764279842376709
7,50,4.589045524597168
7,51,Error,11.375883222582782
7,52,4.561847925186157
7,53,Error,7.825236805057677
7,54,Error,10.753176972871412
7,55,5.291002035140991
7,56,4.55459451675415
7,57,4.5733678340911865
7,58,Error,12.90333912673527
7,59,Error,4.762472278238323
7,60,Error,2.912749274193362
7,61,6.088667869567871
7,62,Error,15.502422275405323
