idx,CommunicationRound,TimeCost
9,0,20.82048749923706
9,1,8.768558263778687
9,2,8.223147869110107
9,3,8.765392541885376
9,4,Error,6.705748802520107
9,5,Error,5.321220792973452
9,6,6.559817552566528
9,7,Error,23.988255236774467
9,8,7.570610046386719
9,9,8.481920957565308
9,10,Error,15.282423418361754
9,11,Error,1.5803781309407876
9,12,Error,7.485634302295617
9,13,Error,0.5999644145457065
9,14,8.780417203903198
9,15,Error,0.2304303802163961
9,16,Error,2.2440015185486413
9,17,5.32218074798584
9,18,Error,10.507843651105054
9,19,8.644081115722656
9,20,8.360554933547974
9,21,4.894441604614258
9,22,2.476078748703003
9,23,Error,4.411652281690082
9,24,2.4536404609680176
9,25,2.4015772342681885
9,26,2.2933664321899414
9,27,2.334350347518921
9,28,5.25182032585144
9,29,5.017440557479858
9,30,Error,9.546990085043948
9,31,5.086731672286987
9,32,Error,15.234784932407235
9,33,Error,2.2125361324398654
9,34,Error,0.73865778248079
9,35,Error,3.538237254899466
9,36,Error,4.61116225536056
9,37,Error,2.2945182044649632
9,38,Error,5.014591153176183
9,39,Error,3.751856809049808
9,40,5.441314220428467
9,41,5.574208736419678
9,42,Error,3.8024337362668295
9,43,7.9034154415130615
9,44,7.537838459014893
9,45,Error,4.075443045468179
9,46,Error,1.9745166116537503
9,47,Error,25.03030763410799
9,48,2.328543186187744
9,49,Error,3.9503581711969065
9,50,5.6700403690338135
9,51,5.922684907913208
9,52,5.541027307510376
9,53,5.174173593521118
9,54,Error,21.98065197947829
9,55,3.4855339527130127
9,56,8.042874336242676
9,57,5.623005151748657
9,58,5.122086524963379
9,59,Error,0.8203220629922465
9,60,8.998886585235596
9,61,8.405958890914917
9,62,Error,17.413371429375022
