idx,CommunicationRound,TimeCost
0,0,18.255574464797974
0,1,6.687737226486206
0,2,6.672728061676025
0,3,6.602367401123047
0,4,6.907111167907715
0,5,6.634758234024048
0,6,6.698288917541504
0,7,Error,19.944263871968577
0,8,6.801364421844482
0,9,Error,0.30170866223726955
0,10,Error,3.8188857824004567
0,11,Error,9.187554721778234
0,12,6.766029357910156
0,13,6.784302234649658
0,14,6.43179178237915
0,15,Error,20.22842600357268
0,16,6.828915596008301
0,17,6.7680487632751465
