idx,CommunicationRound,TimeCost
2,0,26.733846426010132
2,1,15.058475971221924
2,2,Error,6.236191410097978
2,3,14.770268440246582
2,4,14.813431024551392
2,5,Error,18.684706579272305
2,6,14.919129371643066
2,7,Error,6.420910732927791
2,8,15.15907073020935
2,9,14.917230367660522
2,10,15.311222553253174
2,11,Error,39.23973730779682
2,12,15.157663345336914
2,13,15.206443548202515
2,14,15.143012523651123
2,15,Error,36.99899828988061
2,16,14.929792642593384
2,17,15.139441967010498
