idx,CommunicationRound,TimeCost
5,0,25.46635627746582
5,1,13.756398916244507
5,2,13.480345964431763
5,3,13.892822265625
5,4,13.531372785568237
5,5,Error,31.07741167085835
5,6,13.864115953445435
5,7,Error,37.04139768808268
5,8,13.694690465927124
5,9,13.692422866821289
5,10,Error,9.253782763286669
5,11,Error,32.22116563864843
5,12,13.924602746963501
5,13,13.870890617370605
5,14,Error,40.13622984656016
5,15,13.705072402954102
5,16,Error,6.3465777789666316
5,17,13.676161527633667
