idx,CommunicationRound,TimeCost
7,0,17.32261371612549
7,1,Error,8.58846017916852
7,2,6.005932807922363
7,3,Error,4.589540328768827
7,4,6.042933940887451
7,5,6.0334413051605225
7,6,6.168329477310181
7,7,Error,13.246186829134379
7,8,Error,12.41224210025925
7,9,6.1025097370147705
7,10,Error,0.1193873746583762
7,11,Error,13.328350366900374
7,12,6.019749879837036
7,13,6.073792934417725
7,14,6.009118556976318
7,15,5.958252429962158
7,16,Error,12.415984130466073
