idx,CommunicationRound,TimeCost
4,0,Error,15.297104555257645
4,1,0.9385998249053955
4,2,0.891322135925293
4,3,1.0789930820465088
4,4,Error,1.1873557111842532
4,5,Error,0.8588539735086528
4,6,0.9491088390350342
4,7,1.1361148357391357
4,8,0.9483883380889893
4,9,Error,1.41531708336386
4,10,Error,1.7057882322752471
4,11,0.9898190498352051
4,12,1.1548802852630615
4,13,0.9995195865631104
4,14,Error,3.31872307818679
4,15,Error,0.458473320887531
4,16,1.150334119796753
4,17,Error,1.617590280771277
4,18,Error,0.39797236742710174
4,19,Error,2.2710503451271555
4,20,Error,1.5800416832796447
4,21,0.9404637813568115
4,22,Error,0.9222894430723731
4,23,Error,3.0474444518483104
4,24,Error,0.21907353674834262
4,25,1.144874095916748
4,26,Error,1.51711117937378
4,27,0.993396520614624
4,28,1.1475706100463867
4,29,Error,2.596300190181624
4,30,Error,1.7335719461624919
4,31,1.021740198135376
4,32,Error,2.2695104992480855
4,33,Error,2.442777374669957
4,34,1.0598771572113037
4,35,Error,0.025610758257314528
4,36,0.9820506572723389
4,37,Error,1.844576635607813
4,38,1.0848920345306396
4,39,0.9754021167755127
4,40,1.1171443462371826
4,41,Error,2.293803458060059
4,42,Error,1.5333797606146071
4,43,Error,2.7464601831377746
4,44,0.9828429222106934
4,45,Error,1.0327775971454998
4,46,1.0596983432769775
4,47,Error,0.5082774617426706
4,48,1.1344847679138184
4,49,0.918799638748169
4,50,Error,2.818976462240472
4,51,Error,0.949972360930309
4,52,1.095757007598877
4,53,1.0253429412841797
4,54,1.0033388137817383
4,55,0.8872687816619873
4,56,0.9275765419006348
4,57,1.1276640892028809
4,58,1.0515756607055664
4,59,Error,0.7740295568496612
4,60,1.0454962253570557
4,61,0.9236407279968262
4,62,Error,2.1635970261510735
4,63,Error,2.8796153701672123
4,64,1.171947717666626
4,65,Error,0.390732459163902
4,66,0.9643440246582031
4,67,0.9071204662322998
4,68,1.085780143737793
4,69,0.9119293689727783
4,70,0.9530446529388428
