idx,CommunicationRound,TimeCost
5,0,Error,8.538436974565391
5,1,Error,2.2058470825172014
5,2,1.0428121089935303
5,3,Error,0.9925805524977815
5,4,1.0276951789855957
5,5,1.0736210346221924
5,6,Error,3.3779379022089273
5,7,1.2256402969360352
5,8,Error,1.8407895027714196
5,9,Error,1.0007208461703403
5,10,1.0618233680725098
5,11,Error,2.0881695195219336
5,12,Error,0.16707620825369046
5,13,1.2496869564056396
5,14,1.20631742477417
5,15,Error,0.9373672818567359
5,16,Error,2.3001785236020087
5,17,Error,3.006951258690699
5,18,1.1271800994873047
5,19,1.1194827556610107
5,20,1.109616994857788
5,21,Error,0.48297411360595743
5,22,Error,1.1607108579294119
5,23,1.1348826885223389
5,24,Error,1.6775913051480675
5,25,1.246183156967163
5,26,1.1718924045562744
5,27,Error,0.2925864990829023
5,28,Error,1.9148980713425114
5,29,Error,2.5787948522274258
5,30,1.2335255146026611
5,31,1.0333821773529053
5,32,Error,0.03564510762162215
5,33,1.1462883949279785
5,34,Error,1.1873096758791657
5,35,Error,2.142569871125719
5,36,Error,0.10200875451675939
5,37,1.0463814735412598
5,38,1.2324986457824707
5,39,Error,1.2735742424104695
5,40,Error,1.3198673104723013
5,41,Error,3.227320467690888
5,42,Error,0.8339406627213388
5,43,1.0482311248779297
5,44,1.2202088832855225
5,45,Error,0.06819764217484611
5,46,Error,0.39655925268695075
5,47,1.0020639896392822
5,48,Error,1.7282589919857738
5,49,1.1268038749694824
5,50,Error,0.2724477830473938
5,51,1.1774044036865234
5,52,Error,1.66274908205803
5,53,1.219799518585205
5,54,Error,0.5112347351352865
5,55,Error,1.3923168196941251
5,56,Error,2.2603953478115906
5,57,Error,1.364760709671965
5,58,Error,3.13361409187325
5,59,0.9863810539245605
5,60,1.0267937183380127
5,61,Error,1.7882304812409595
5,62,1.2258973121643066
5,63,1.182687520980835
5,64,1.1818492412567139
5,65,1.12772798538208
5,66,1.2073204517364502
5,67,1.050776720046997
5,68,1.0810339450836182
5,69,1.2004899978637695
