idx,CommunicationRound,TimeCost
7,0,7.0224175453186035
7,1,Error,1.869339338625857
7,2,Error,1.7823503464374488
7,3,Error,2.5912189033350614
7,4,1.266479730606079
7,5,1.3964176177978516
7,6,Error,1.0288694319269658
7,7,1.3880419731140137
7,8,1.2151167392730713
7,9,1.4262654781341553
7,10,Error,0.024843107534371935
7,11,Error,3.174382020351043
7,12,1.3321478366851807
7,13,1.3136694431304932
7,14,Error,0.4635857128073961
7,15,1.2893562316894531
7,16,1.2165310382843018
7,17,Error,0.8420229933415005
7,18,Error,1.6800399801747563
7,19,Error,2.774710896135572
7,20,1.3431956768035889
7,21,1.2661666870117188
7,22,1.41218900680542
7,23,Error,0.5447343863757319
7,24,1.192967176437378
7,25,Error,3.600900937115188
7,26,1.3496298789978027
7,27,1.4068515300750732
7,28,1.3299462795257568
7,29,1.2131085395812988
7,30,Error,3.4474034870334376
7,31,Error,1.003990327991921
7,32,1.2914979457855225
7,33,Error,3.1019617962224557
7,34,Error,3.7610530371887236
7,35,Error,2.2444410001963324
7,36,Error,2.7001882851664694
7,37,Error,2.0982830467090343
7,38,Error,0.3979087890476773
7,39,1.3996646404266357
7,40,Error,2.3760254660669893
7,41,Error,3.412005819842381
7,42,Error,0.7385591465572685
7,43,1.4060184955596924
7,44,Error,0.24401997091657834
7,45,1.406095266342163
7,46,1.3882169723510742
7,47,1.4527332782745361
7,48,Error,0.33075938730585586
7,49,1.4188024997711182
7,50,Error,1.2684195486165153
7,51,Error,1.3303592924112162
7,52,1.3504879474639893
7,53,Error,1.6895647332275352
7,54,1.321324110031128
7,55,Error,4.049947121363267
7,56,Error,1.0798198886441015
7,57,Error,0.6053053869336306
7,58,1.210719347000122
7,59,Error,3.2847867421604677
7,60,Error,3.5233394198801156
7,61,1.3996760845184326
7,62,1.202561855316162
7,63,1.4283576011657715
7,64,Error,4.197081963019993
7,65,Error,1.938444754359782
7,66,1.3509531021118164
7,67,1.4448368549346924
7,68,1.4246602058410645
7,69,Error,2.542919218100646
