idx,CommunicationRound,TimeCost
8,0,7.56385350227356
8,1,1.0121936798095703
8,2,0.96901535987854
8,3,Error,0.7339496035139912
8,4,Error,0.7468627091119173
8,5,Error,0.8270129027531751
8,6,Error,0.21592340208644278
8,7,0.9110097885131836
8,8,0.9672250747680664
8,9,Error,0.32332217585863365
8,10,1.0648303031921387
8,11,0.9709992408752441
8,12,0.9382836818695068
8,13,1.096353530883789
8,14,Error,1.848059873387665
8,15,1.0661096572875977
8,16,Error,1.8097923401388103
8,17,0.8837697505950928
8,18,Error,1.2373072436915529
8,19,Error,1.3339032156805584
8,20,0.9681322574615479
8,21,1.110426425933838
8,22,Error,1.0494848006073592
8,23,0.8908777236938477
8,24,Error,0.7960379624521303
8,25,0.9718146324157715
8,26,Error,2.0032857926468974
8,27,Error,1.7883734848712907
8,28,Error,0.21453049321758735
8,29,1.00107741355896
8,30,Error,0.7086952527666021
8,31,Error,0.7531554259968214
8,32,Error,1.845468312869454
8,33,1.1077980995178223
8,34,0.8792412281036377
8,35,Error,1.1985263520944507
8,36,1.0454277992248535
8,37,1.1223139762878418
8,38,1.0248620510101318
8,39,0.9185616970062256
8,40,0.876596212387085
8,41,Error,0.6174820427800554
8,42,1.0087835788726807
8,43,Error,1.3780459698570937
8,44,0.9314146041870117
8,45,1.0646514892578125
8,46,1.0382671356201172
8,47,0.93666672706604
8,48,Error,0.1837480978976602
8,49,Error,1.5166197935704187
8,50,1.12229323387146
8,51,Error,1.5512681682859863
8,52,Error,1.0700330385127281
8,53,0.9883184432983398
8,54,Error,2.2861158611868584
8,55,Error,0.12310345279307315
8,56,Error,1.0561104486103678
8,57,Error,0.9103370260761593
8,58,0.9343743324279785
8,59,0.9747381210327148
8,60,0.8978941440582275
8,61,1.016509771347046
8,62,1.0018768310546875
8,63,Error,2.098697890155054
8,64,Error,2.2688038216280857
8,65,Error,0.48968261479721364
8,66,0.9400510787963867
8,67,Error,1.335082743051446
8,68,1.0127835273742676
8,69,0.9594278335571289
