idx,CommunicationRound,TimeCost
9,0,7.676144123077393
9,1,1.1756670475006104
9,2,1.0061709880828857
9,3,1.2065203189849854
9,4,Error,1.3711063502858944
9,5,Error,1.1758005443829647
9,6,Error,0.7618057688362729
9,7,1.0470120906829834
9,8,Error,1.942119552442316
9,9,Error,0.2896675536583529
9,10,Error,0.31741227063166993
9,11,1.0041770935058594
9,12,1.0276963710784912
9,13,Error,0.06893525610517401
9,14,1.1502249240875244
9,15,Error,0.03894438341586712
9,16,Error,0.4594799163476934
9,17,1.1321732997894287
9,18,Error,2.072860052218747
9,19,Error,0.5488285254056949
9,20,1.214810848236084
9,21,1.1441929340362549
9,22,Error,0.39021595899491746
9,23,1.1205604076385498
9,24,1.0713889598846436
9,25,Error,3.148005088315988
9,26,0.9435858726501465
9,27,1.0400702953338623
9,28,1.244638204574585
9,29,Error,2.3321897102412366
9,30,Error,0.9621242488885877
9,31,0.978215217590332
9,32,Error,0.2527370712907222
9,33,Error,0.15132319715124604
9,34,Error,1.4536429016103511
9,35,Error,1.8629689967029557
9,36,Error,1.028619315960673
9,37,Error,1.146026282302272
9,38,Error,0.6767779015506596
9,39,1.0413305759429932
9,40,1.1990966796875
9,41,Error,0.605190711125797
9,42,Error,2.8631369885344498
9,43,Error,1.326499603976008
9,44,1.0353267192840576
9,45,Error,2.5637759075791484
9,46,1.0565037727355957
9,47,1.0638716220855713
9,48,Error,1.870559180139197
9,49,1.01491117477417
9,50,1.1534011363983154
9,51,1.219268798828125
9,52,1.228083848953247
9,53,Error,2.532731461216297
9,54,0.9725706577301025
9,55,0.9617793560028076
9,56,Error,2.027976136168565
9,57,Error,0.9354765935088324
9,58,0.9570186138153076
9,59,Error,3.10028931575915
9,60,Error,2.5664042868138126
9,61,Error,3.1865106613213463
9,62,1.0418446063995361
9,63,1.037177562713623
9,64,Error,0.16301508833508482
9,65,Error,2.42759205648873
9,66,Error,0.6851620270971277
9,67,0.99495530128479
9,68,0.9483938217163086
9,69,Error,0.72573238037568
