idx,CommunicationRound,TimeCost
4,0,Error,17.950082549319237
4,1,1.7433292865753174
4,2,1.710263967514038
4,3,1.8455514907836914
4,4,Error,1.8910104150689349
4,5,Error,1.4425234344612141
4,6,1.8727633953094482
4,7,1.7828116416931152
4,8,1.9816195964813232
4,9,Error,2.3945407639982976
4,10,Error,3.0807170282787784
4,11,Error,5.180424219211377
4,12,Error,5.064063212129568
4,13,Error,6.110580287964142
4,14,Error,0.9578330992864298
4,15,1.8944976329803467
4,16,Error,2.919540340590083
4,17,Error,0.5983285884940748
4,18,Error,5.24858899610323
4,19,Error,2.9533742286507234
4,20,1.6648695468902588
4,21,Error,1.9924563718384476
4,22,Error,4.922072196172088
4,23,Error,0.4134096414756672
4,24,1.8944127559661865
4,25,Error,2.5598779228344513
4,26,1.9404025077819824
4,27,1.8760581016540527
4,28,Error,4.855259676710693
4,29,Error,2.9183978496612752
4,30,1.7011544704437256
4,31,Error,4.775442951799025
4,32,Error,4.140242686651839
4,33,1.8009686470031738
4,34,Error,0.04947270137484945
4,35,1.877885103225708
4,36,Error,3.429498118889771
4,37,Error,1.9374329848629652
4,38,2.012908458709717
4,39,1.9112133979797363
4,40,2.0489490032196045
4,41,Error,2.8866607528912716
4,42,Error,6.125676899300253
4,43,1.8130366802215576
4,44,Error,1.757060168056507
4,45,1.831578254699707
4,46,Error,1.0098048726344468
4,47,1.9458520412445068
4,48,2.0439248085021973
4,49,Error,5.02955169107769
4,50,Error,2.125852798287059
4,51,Error,2.8789877827806762
4,52,Error,4.507159543939595
4,53,1.9498956203460693
4,54,2.015500545501709
4,55,1.9213387966156006
4,56,Error,4.923056734670071
4,57,Error,3.0407799474015844
4,58,Error,3.1379315119902307
4,59,Error,4.40229913764505
4,60,Error,5.2181570647262285
4,61,1.8614156246185303
4,62,Error,0.7416616828305315
4,63,2.0851025581359863
4,64,2.0246353149414062
4,65,1.7543141841888428
4,66,1.8230464458465576
4,67,2.1480178833007812
4,68,1.8206367492675781
4,69,1.901862621307373
4,70,Error,5.65057793833225
4,71,Error,2.4958849126446516
4,72,Error,3.0826061259075983
4,73,Error,3.12605848918639
