idx,CommunicationRound,TimeCost
5,0,40.2606201171875
5,1,28.104074954986572
5,2,28.10744595527649
5,3,28.676400661468506
5,4,Error,28.1957549035262
5,5,28.527989149093628
5,6,28.81751847267151
5,7,Error,76.96694466044472
5,8,28.06264019012451
5,9,28.321547269821167
5,10,Error,18.918055157440758
