idx,CommunicationRound,TimeCost
3,0,25.253560781478882
3,1,11.838917970657349
3,2,Error,24.855543490389532
3,3,Error,26.19308768640651
3,4,13.545175075531006
3,5,Error,36.65492422318739
3,6,Error,33.016822617048284
3,7,Error,23.696353459692876
3,8,Error,24.13658275065591
3,9,Error,2.6687190663031983
3,10,12.181161880493164
3,11,12.272618293762207
3,12,10.267632246017456
3,13,12.557184219360352
3,14,12.694519519805908
3,15,Error,3.9837774530270504
3,16,12.435582637786865
3,17,Error,7.03690988270485
3,18,13.708549976348877
3,19,14.375012397766113
3,20,Error,1.2450123377783788
3,21,Error,22.491042049489486
3,22,Error,25.497535671463417
3,23,Error,18.914881118484278
3,24,11.906188488006592
