idx,CommunicationRound,TimeCost
4,0,Error,40.0499494215385
4,1,6.208608627319336
4,2,6.262575626373291
4,3,6.385545253753662
4,4,Error,6.089340199877563
4,5,Error,4.2474123670464525
4,6,3.6984221935272217
4,7,4.035272598266602
4,8,6.458151817321777
4,9,Error,6.686311525241571
4,10,Error,8.223303191743664
4,11,4.369797706604004
4,12,4.430225849151611
4,13,6.372342824935913
4,14,Error,13.719002178625233
4,15,Error,1.9729031747061558
4,16,6.403156995773315
4,17,Error,9.186775091382195
4,18,Error,1.915823708454721
4,19,Error,9.289532891122864
4,20,Error,7.143484475298963
4,21,4.599013805389404
4,22,Error,5.568518986388138
4,23,Error,16.204988300397655
4,24,Error,1.0434759438523784
4,25,5.998255968093872
4,26,Error,8.762847064461004
4,27,4.6438069343566895
4,28,4.731228351593018
4,29,Error,13.788848017609874
4,30,Error,7.7055943756738845
4,31,4.666309356689453
4,32,Error,10.55739826335535
4,33,Error,10.856650928389305
4,34,4.069198369979858
4,35,Error,0.10683749715098724
4,36,4.201209545135498
4,37,Error,7.571085641937637
4,38,4.843971252441406
4,39,5.163870334625244
4,40,5.039226531982422
4,41,Error,13.143481112009294
4,42,Error,6.2579865941614585
4,43,Error,17.58369627752983
4,44,3.9385340213775635
4,45,Error,4.605636127744194
4,46,4.724842309951782
4,47,Error,2.066819081334771
4,48,4.319089651107788
4,49,5.983739614486694
4,50,Error,12.608229042736061
4,51,Error,4.42786263934829
4,52,5.915924549102783
4,53,4.89765191078186
4,54,6.179072618484497
4,55,3.6723198890686035
4,56,4.321219205856323
4,57,6.101968050003052
4,58,5.765915155410767
4,59,Error,2.896816819679349
4,60,4.031907320022583
4,61,3.664503574371338
4,62,Error,9.834897105531503
