idx,CommunicationRound,TimeCost
5,0,Error,45.069775853607794
5,1,Error,27.93989924989215
5,2,17.467310667037964
5,3,Error,11.540097077567406
5,4,18.00188708305359
5,5,11.564213752746582
5,6,Error,16.07959507144716
5,7,13.392854928970337
5,8,Error,11.108797034826475
5,9,Error,5.528864839267123
5,10,15.284060001373291
5,11,Error,11.81875566051335
5,12,Error,1.9547316590971786
5,13,6.5055763721466064
5,14,6.4021570682525635
5,15,Error,12.84123552453054
5,16,Error,16.72429814751885
5,17,Error,52.536591427368116
5,18,17.585009336471558
5,19,6.200258731842041
5,20,13.18678069114685
5,21,Error,2.818889180837371
5,22,Error,6.754691957622549
5,23,20.227800607681274
5,24,Error,21.342652052050493
5,25,16.727556705474854
5,26,13.592816591262817
5,27,Error,1.6955727853584708
