idx,CommunicationRound,TimeCost
6,0,16.242233514785767
6,1,Error,10.59934246642974
6,2,4.61067271232605
6,3,Error,5.060092471465065
6,4,Error,6.848088679479978
6,5,4.096513986587524
6,6,Error,10.402862343240749
6,7,4.606215715408325
6,8,Error,9.880258007933636
6,9,4.588164567947388
6,10,4.631562948226929
6,11,4.771591663360596
6,12,Error,13.344667327470832
6,13,3.454599380493164
6,14,3.2924256324768066
6,15,3.484916925430298
6,16,Error,0.5327943635689866
6,17,Error,13.140760419653812
6,18,4.585089921951294
6,19,Error,7.790420292204903
6,20,3.564919948577881
6,21,Error,11.166329472955612
6,22,4.576223373413086
6,23,4.724474191665649
6,24,4.66301965713501
6,25,Error,4.6483946061678925
6,26,4.877985000610352
6,27,Error,10.649741435180754
6,28,Error,3.9011594160708074
6,29,3.377481460571289
6,30,Error,9.753240252602206
6,31,Error,5.766047206717345
6,32,Error,7.458767910100123
6,33,3.9869728088378906
6,34,Error,3.40440919368145
6,35,Error,2.874304602271809
6,36,4.6318886280059814
6,37,4.819306373596191
6,38,Error,13.005385055786903
6,39,3.323157787322998
6,40,3.3962061405181885
6,41,Error,0.9401029143932917
6,42,Error,7.506006651427728
6,43,Error,3.142175923077077
6,44,Error,5.543140451574582
6,45,4.725950241088867
6,46,Error,13.42543565552828
6,47,Error,4.674242746415217
6,48,Error,0.3982562727710359
6,49,4.72567343711853
6,50,4.784818172454834
6,51,4.773468017578125
6,52,4.934355735778809
6,53,Error,14.145975856417971
6,54,Error,3.6663720892120097
6,55,4.836458206176758
6,56,Error,8.274184152293753
6,57,3.3925962448120117
6,58,Error,5.0211162125021005
6,59,Error,0.12044963422840027
6,60,3.2689177989959717
6,61,Error,7.750640593725741
6,62,Error,7.141590424790914
6,63,Error,5.715882369789998
6,64,4.726812362670898
6,65,Error,12.432315789644056
6,66,Error,7.496223350070879
6,67,Error,8.141464577213947
6,68,4.7010276317596436
6,69,Error,7.485543924048319
6,70,4.653367042541504
