idx,CommunicationRound,TimeCost
7,0,17.531230211257935
7,1,Error,8.647579752652186
7,2,Error,7.901507126947984
7,3,Error,10.532576084813831
7,4,4.519685983657837
7,5,4.603001832962036
7,6,Error,3.6980020210147817
7,7,6.057985782623291
7,8,4.564414024353027
7,9,4.641161203384399
7,10,Error,0.08912868405218345
7,11,Error,10.021008401629182
7,12,5.889726161956787
7,13,5.914879083633423
7,14,Error,2.069731701545324
7,15,5.768152236938477
7,16,4.621671199798584
7,17,Error,2.9328713232411787
7,18,Error,5.604587240985515
7,19,Error,9.589527607296315
7,20,5.98079514503479
7,21,5.8880391120910645
7,22,4.700758457183838
7,23,Error,2.0298942789703363
7,24,4.485827445983887
7,25,Error,12.751207425272945
7,26,5.9191670417785645
7,27,5.986265659332275
7,28,5.077574253082275
7,29,4.526550769805908
7,30,Error,11.372467993576835
7,31,Error,4.6236748545160555
7,32,5.006818532943726
7,33,Error,11.472134207144835
7,34,Error,13.705990184018985
7,35,Error,10.168067144619311
7,36,Error,13.32442378438156
7,37,Error,9.638266777255968
7,38,Error,1.8949097520801645
7,39,6.171294450759888
7,40,Error,11.328471007175994
7,41,Error,16.26959536812008
7,42,Error,2.7352882648035823
7,43,6.211005687713623
7,44,Error,1.0598368279257002
7,45,6.2018821239471436
7,46,6.197710990905762
7,47,6.215008497238159
7,48,Error,1.4258226946344947
7,49,6.153960704803467
7,50,Error,5.602951046247076
7,51,Error,4.554941588911472
7,52,4.63304877281189
7,53,Error,5.728975719653212
7,54,6.044463872909546
7,55,Error,13.093782444985806
7,56,Error,3.606416273982579
7,57,Error,2.803750055116884
7,58,5.311739921569824
7,59,Error,11.51281345259436
7,60,Error,14.05866606910657
7,61,5.876487970352173
7,62,4.496772527694702
7,63,4.632377624511719
