idx,CommunicationRound,TimeCost
2,0,Error,54.0824701265738
2,1,Error,10.253588722573415
2,2,Error,32.907552941633234
2,3,Error,9.499023697123585
2,4,Error,37.728340981624875
2,5,Error,12.46774169824004
2,6,Error,35.118711682508106
