idx,CommunicationRound,TimeCost
7,0,Error,17.31205399048861
7,1,Error,8.712043254351194
7,2,Error,4.689078099998215
7,3,Error,5.723718070489027
7,4,Error,15.45792837737413
7,5,Error,4.331492418196624
7,6,Error,3.5853131342773854
7,7,Error,15.079273993949105
