idx,CommunicationRound,TimeCost
9,0,Error,65.9343933900031
9,1,Error,32.70235550259397
9,2,Error,29.048560085428317
9,3,Error,50.55001922136823
9,4,Error,47.824103582702186
9,5,Error,16.17916168012676
9,6,Error,21.910344510587933
