idx,CommunicationRound,TimeCost
3,0,25.99221110343933
3,1,11.948585271835327
3,2,Error,25.673961408952344
3,3,Error,27.048505035865915
3,4,14.12600588798523
3,5,Error,37.23504460004062
3,6,Error,34.845835094461926
3,7,Error,22.964963907896987
3,8,Error,25.049291374327595
3,9,Error,2.956977837829133
3,10,11.4832603931427
3,11,11.544317245483398
3,12,12.694483280181885
3,13,11.723692655563354
3,14,14.020248651504517
3,15,Error,3.2501416507806815
3,16,12.068748950958252
3,17,Error,8.13334338624568
3,18,14.603981494903564
3,19,14.577571392059326
3,20,Error,1.208917686832499
3,21,Error,20.181512583517183
3,22,Error,27.857402857576254
3,23,Error,19.58114156399652
3,24,10.998723983764648
