idx,CommunicationRound,TimeCost
5,0,Error,45.55011490147792
5,1,Error,29.34368281578957
5,2,17.04100227355957
5,3,Error,11.660305163931485
5,4,5.926462888717651
5,5,5.915975332260132
5,6,Error,50.178403246336266
5,7,8.963910818099976
5,8,Error,29.997297305857376
5,9,Error,17.72278800679735
5,10,19.657881021499634
5,11,Error,24.209614398953594
5,12,Error,1.5610780975248155
5,13,12.044713735580444
5,14,11.292006015777588
5,15,Error,5.485304265039207
5,16,Error,19.434692765396875
5,17,Error,41.618220305061776
5,18,15.278366804122925
5,19,5.956668376922607
5,20,6.161196947097778
5,21,Error,7.4566703070626055
