idx,CommunicationRound,TimeCost
3,0,10.000531196594238
3,1,3.5646491050720215
3,2,Error,8.675817876750093
3,3,Error,8.283578416951835
3,4,4.006937265396118
3,5,Error,10.971567739807423
3,6,Error,9.575039806228855
3,7,Error,6.899480741545655
3,8,Error,7.689195804674232
3,9,Error,1.0246480136224065
3,10,4.034784555435181
3,11,4.094892501831055
3,12,4.057630300521851
3,13,4.101540803909302
3,14,4.1513144969940186
3,15,Error,1.1846671845123211
3,16,4.043791770935059
3,17,Error,2.810206778255037
3,18,4.130240201950073
3,19,4.11606502532959
3,20,Error,0.3445274014802008
3,21,Error,6.730977301192424
3,22,Error,8.349079540244983
3,23,Error,6.16303527193234
3,24,4.241549968719482
3,25,Error,2.9874492069249805
3,26,4.2757439613342285
3,27,Error,8.726212498098228
3,28,Error,9.00214744623562
3,29,Error,4.472833721758525
3,30,4.053887128829956
3,31,Error,2.3323372446901374
3,32,Error,3.1807392771887137
3,33,Error,3.953947487756517
3,34,4.258098840713501
3,35,4.041863441467285
3,36,Error,0.4363280318488082
3,37,Error,2.9612656814103198
3,38,Error,3.1621645856808454
3,39,4.2370924949646
3,40,4.168628692626953
3,41,4.1802756786346436
3,42,3.6902623176574707
