idx,CommunicationRound,TimeCost
0,0,Error,51.71374901930021
0,1,Error,11.825974146972674
0,2,Error,12.746469104730544
0,3,Error,6.118345486248813
0,4,6.581738710403442
0,5,Error,20.144498784056314
0,6,6.834976434707642
0,7,Error,0.30577807364052423
0,8,Error,3.891542113192524
0,9,Error,9.311365142789164
0,10,6.676990509033203
0,11,6.644710540771484
0,12,6.702230930328369
0,13,Error,19.6589525990994
0,14,6.865392208099365
