idx,CommunicationRound,TimeCost
6,0,16.448272466659546
6,1,Error,10.864906580914738
6,2,4.722235918045044
6,3,Error,5.362215649931042
6,4,Error,7.006728938497741
6,5,4.676976203918457
6,6,Error,14.45024813223659
6,7,4.561812400817871
6,8,Error,9.978928512920856
6,9,4.684549808502197
6,10,Error,12.366422342514243
6,11,Error,1.1454876549658546
6,12,Error,14.323308653654136
6,13,4.607723951339722
6,14,4.692992210388184
