idx,CommunicationRound,TimeCost
7,0,17.648574352264404
7,1,Error,8.71265431429589
7,2,Error,8.300715736948778
7,3,Error,12.471213270512395
7,4,5.913358688354492
7,5,6.016004800796509
7,6,Error,4.33648112385257
7,7,Error,3.638627943499058
7,8,6.055916786193848
7,9,Error,5.436038833026286
7,10,6.018895626068115
7,11,6.002828359603882
7,12,Error,9.646922785307513
7,13,Error,5.479006898762374
7,14,Error,16.433081893855487
