idx,CommunicationRound,TimeCost
8,0,17.06250309944153
8,1,Error,6.124246956469393
8,2,Error,2.39400249950008
8,3,Error,4.958411609917267
8,4,Error,5.012103859709119
8,5,Error,3.142650836036409
8,6,Error,8.293709656026323
8,7,5.224562883377075
8,8,Error,1.5696129232303344
8,9,5.219728708267212
8,10,5.142642974853516
8,11,5.141838550567627
8,12,5.207169055938721
8,13,Error,8.539962712448471
8,14,5.240130662918091
