idx,CommunicationRound,TimeCost
9,0,21.298503875732422
9,1,9.025917768478394
9,2,8.764428615570068
9,3,9.049147605895996
9,4,Error,10.950793372394076
9,5,Error,8.693403755878586
9,6,Error,5.567275131921566
9,7,8.8887939453125
9,8,Error,16.676683898978148
9,9,Error,2.201616772880728
9,10,Error,2.550257669718619
9,11,8.801431894302368
9,12,8.956380844116211
9,13,Error,0.6148766067498588
9,14,8.943150043487549
