idx,CommunicationRound,TimeCost
0,0,8.015962839126587
0,1,1.4649574756622314
0,2,1.446352481842041
0,3,1.4506738185882568
0,4,1.4500555992126465
0,5,Error,0.3938199475257983
0,6,1.46498441696167
0,7,1.4612445831298828
0,8,1.4530766010284424
0,9,Error,0.06552319084202529
0,10,Error,0.8436379397675686
0,11,Error,2.016476387332706
0,12,1.458014726638794
0,13,1.4704737663269043
0,14,1.4728951454162598
0,15,Error,4.393443658728482
0,16,1.4744288921356201
0,17,Error,1.016577747914502
0,18,Error,3.371308321242801
0,19,1.4656367301940918
0,20,1.4676218032836914
0,21,Error,0.9310689825932943
0,22,1.476811408996582
0,23,Error,0.32909899130580145
0,24,1.4794886112213135
0,25,Error,1.4756408818673123
0,26,1.4868967533111572
0,27,Error,0.44592067272933417
0,28,1.473548173904419
0,29,1.4693963527679443
0,30,Error,3.2302699648206445
0,31,1.4611945152282715
0,32,1.4645664691925049
0,33,Error,4.277010290709949
0,34,Error,3.9375244787665475
0,35,Error,3.75785170141343
0,36,Error,4.399397314567959
0,37,Error,3.397743402633282
0,38,Error,0.32451484933258357
0,39,1.4662861824035645
0,40,1.4706213474273682
0,41,1.4809348583221436
0,42,1.4909288883209229
0,43,1.4843285083770752
0,44,Error,4.014527325832995
0,45,Error,0.865005019397302
0,46,1.4784021377563477
0,47,1.4806840419769287
0,48,1.4876844882965088
0,49,Error,0.1731135840742964
0,50,Error,3.15380522547647
