idx,CommunicationRound,TimeCost
0,0,8.129367113113403
0,1,1.4723315238952637
0,2,1.4704594612121582
0,3,1.4459211826324463
0,4,1.4682037830352783
0,5,Error,0.3954221315559038
0,6,1.4889819622039795
0,7,1.4654431343078613
0,8,1.4787681102752686
0,9,Error,0.06680032839852003
0,10,Error,0.8502997802095772
0,11,Error,2.036915234305591
0,12,1.484832525253296
0,13,1.4927797317504883
0,14,1.480926513671875
0,15,Error,4.4198903355322345
0,16,1.4843664169311523
0,17,Error,1.028444273612462
0,18,Error,3.4027693390668627
0,19,1.4791786670684814
0,20,1.4914567470550537
0,21,Error,0.9363544384105735
0,22,1.4905738830566406
0,23,Error,0.33356905279524585
0,24,1.4838426113128662
0,25,Error,1.483324527856587
0,26,1.4971320629119873
0,27,Error,0.4491878167392017
0,28,1.4821569919586182
0,29,1.4905223846435547
0,30,Error,3.2837545716531387
0,31,1.4807085990905762
0,32,1.5005979537963867
0,33,Error,4.352828242660506
0,34,Error,3.9729304418088565
0,35,Error,3.829424108018304
0,36,Error,4.473886050049601
0,37,Error,3.431008101427935
0,38,Error,0.32848721872261005
0,39,1.484403371810913
0,40,1.4935851097106934
0,41,1.4900588989257812
0,42,1.5095288753509521
0,43,1.5020532608032227
0,44,Error,4.0260370909596395
0,45,Error,0.8838999488712489
0,46,1.496490716934204
0,47,1.49900484085083
0,48,1.504580020904541
0,49,Error,0.17535250260875654
