idx,CommunicationRound,TimeCost
3,0,9.309002161026001
3,1,2.988853931427002
3,2,Error,6.517777811392382
3,3,Error,6.071405540778285
3,4,2.9574124813079834
3,5,Error,8.10539950746024
3,6,Error,7.195816846780961
3,7,Error,4.927208191526449
3,8,Error,5.792174784903945
3,9,Error,0.7540461530049282
3,10,3.0309624671936035
3,11,3.0002939701080322
3,12,3.077981948852539
3,13,3.013978958129883
3,14,3.052473545074463
3,15,Error,0.8576228681165979
3,16,3.1899614334106445
3,17,3.0570311546325684
3,18,3.0030245780944824
3,19,Error,7.522287540212948
3,20,Error,0.2522181150032465
3,21,Error,4.760155563238344
3,22,3.051264524459839
3,23,3.045900821685791
3,24,3.0161468982696533
3,25,3.0393619537353516
3,26,3.014486312866211
3,27,3.0187556743621826
3,28,Error,1.3396784633853407
3,29,3.008760690689087
3,30,3.0374228954315186
3,31,3.0333364009857178
3,32,3.0193750858306885
3,33,Error,2.749192218359857
3,34,3.0085530281066895
3,35,Error,3.5258646850061828
3,36,Error,8.940572990007254
3,37,Error,8.48955636008881
3,38,Error,0.32509702561912995
3,39,Error,2.099794670797881
3,40,Error,2.2604918106213194
3,41,3.0340046882629395
3,42,3.0261292457580566
3,43,3.0535354614257812
3,44,3.0341696739196777
3,45,3.0431768894195557
3,46,Error,3.521548331833844
3,47,3.1063201427459717
3,48,Error,8.418272541337544
3,49,Error,8.590176916615619
