idx,CommunicationRound,TimeCost
0,0,19.32049322128296
0,1,5.435339689254761
0,2,4.840949535369873
0,3,5.14091420173645
0,4,5.080796003341675
0,5,4.938666343688965
0,6,5.226882696151733
0,7,Error,15.179691055509885
0,8,7.17123556137085
0,9,Error,0.20180504038895733
0,10,Error,3.033032951645481
0,11,Error,10.210762013187392
0,12,6.474984407424927
0,13,4.6000847816467285
0,14,5.6455607414245605
0,15,Error,17.101375847722654
0,16,7.668577671051025
0,17,5.209752321243286
0,18,Error,1.1765861039881162
0,19,6.5680577754974365
0,20,6.827551603317261
0,21,7.6874823570251465
0,22,Error,18.034370844103947
0,23,6.8766844272613525
0,24,Error,13.413044229237334
0,25,Error,1.464616640641234
0,26,7.370162010192871
0,27,Error,5.581300465184999
0,28,Error,15.46484487781274
0,29,6.7413880825042725
0,30,Error,12.429764729707706
0,31,5.124501943588257
0,32,3.9098548889160156
0,33,Error,20.175926825810773
0,34,7.41560959815979
0,35,Error,8.083598096679404
0,36,5.453595399856567
0,37,5.701667308807373
0,38,Error,16.641524836848617
0,39,Error,1.1927551743715572
0,40,6.767303466796875
0,41,5.841890096664429
0,42,6.925605535507202
0,43,5.660304546356201
0,44,7.490807294845581
0,45,Error,18.851745148274425
0,46,Error,2.844690869439967
0,47,6.264325380325317
0,48,7.278554439544678
0,49,7.110709190368652
0,50,Error,0.8031161480841521
0,51,Error,12.188990295219732
0,52,4.740301609039307
0,53,Error,3.4031336152688976
0,54,Error,3.7084528121979954
0,55,6.625652313232422
0,56,Error,19.20395215713258
0,57,Error,5.707612077572114
