idx,CommunicationRound,TimeCost
5,0,58.869369983673096
5,1,34.375383377075195
5,2,19.254099369049072
5,3,19.60448908805847
5,4,47.075440645217896
5,5,Error,105.06994791187795
5,6,35.07382249832153
5,7,Error,98.86172341848588
5,8,33.67120432853699
5,9,31.858646392822266
