idx,CommunicationRound,TimeCost
1,0,23.550161838531494
1,1,Error,0.3760348124769005
1,2,Error,27.83133413126494
1,3,10.744588851928711
1,4,3.466597557067871
1,5,2.682373046875
1,6,3.0026633739471436
1,7,2.9323999881744385
1,8,2.853477716445923
1,9,2.9878180027008057
1,10,Error,1.6909695940585459
1,11,11.376451969146729
1,12,9.868272304534912
1,13,Error,9.668353035478999
1,14,Error,7.123456727574478
1,15,5.043468236923218
1,16,Error,15.944853388748115
1,17,10.782828092575073
1,18,7.192363977432251
1,19,Error,16.489032021813525
1,20,7.875725746154785
1,21,Error,11.339385487119527
1,22,6.492502689361572
1,23,Error,3.138308471252427
1,24,2.8978874683380127
1,25,Error,10.977268831356877
1,26,9.256784915924072
1,27,10.611591339111328
1,28,7.082951307296753
1,29,8.86374306678772
1,30,8.602192401885986
1,31,Error,7.733742071891424
1,32,Error,5.154119730238372
1,33,Error,8.856357373785489
1,34,5.229772329330444
1,35,Error,25.136064002931402
1,36,Error,20.927424065662425
1,37,Error,4.278682145917326
1,38,Error,7.381148330114703
1,39,Error,20.742822255050342
1,40,7.396600961685181
1,41,Error,11.134161605160564
1,42,10.896624088287354
1,43,Error,18.309834843778493
1,44,10.310543298721313
1,45,7.475511074066162
