idx,CommunicationRound,TimeCost
6,0,15.967925310134888
6,1,Error,10.507458430251909
6,2,4.687958717346191
6,3,Error,5.359216419827954
6,4,Error,7.170822206398476
6,5,3.902348756790161
6,6,3.495253801345825
6,7,Error,10.578152131832827
6,8,Error,10.295079574331057
6,9,4.618689060211182
6,10,4.780465602874756
6,11,4.919001579284668
6,12,Error,13.295588761661215
6,13,3.2804055213928223
6,14,3.2815630435943604
6,15,3.3745064735412598
6,16,Error,0.4901013879200186
6,17,Error,13.81709394110397
6,18,4.7025721073150635
6,19,Error,7.83657258412016
6,20,3.5923829078674316
6,21,Error,10.879928434323789
6,22,4.661870956420898
6,23,4.756331205368042
6,24,4.678900718688965
6,25,Error,4.822999002749506
6,26,4.755206346511841
6,27,Error,10.391786899444655
6,28,4.804797887802124
6,29,4.475735664367676
6,30,Error,0.7633128560677428
6,31,3.413994550704956
6,32,3.2311816215515137
6,33,3.471874475479126
6,34,3.3033182621002197
6,35,Error,1.9447482334450206
6,36,Error,1.101611822615829
6,37,3.236863136291504
6,38,3.2912240028381348
6,39,3.4094905853271484
6,40,3.2129969596862793
6,41,4.131656169891357
6,42,4.666348695755005
6,43,Error,1.201270125657239
6,44,Error,7.732963349990399
6,45,Error,4.180934737670848
6,46,4.754560947418213
6,47,4.7679808139801025
6,48,4.985560894012451
6,49,4.673937797546387
6,50,Error,4.562869030554331
6,51,Error,0.3963510853263954
6,52,4.014831781387329
6,53,3.389303207397461
6,54,3.3926429748535156
6,55,3.425626754760742
6,56,Error,10.141280053142667
6,57,Error,3.610839116659626
6,58,3.3822832107543945
6,59,Error,5.76344002476926
6,60,4.656996250152588
6,61,4.6142096519470215
6,62,4.5794572830200195
6,63,Error,3.458864477526527
6,64,4.808768272399902
6,65,4.784902572631836
6,66,Error,6.983207304943478
6,67,Error,6.762541980881589
6,68,3.4390718936920166
6,69,Error,9.149210814017763
6,70,Error,5.462000965940934
6,71,Error,6.6451523388605525
6,72,4.669960975646973
6,73,Error,7.575871459206204
6,74,3.4928674697875977
6,75,Error,7.377516395085861
6,76,4.3041558265686035
6,77,Error,7.407695976227522
6,78,3.2780838012695312
6,79,Error,7.425584490209436
6,80,Error,4.593276811742245
6,81,Error,6.5517405940804325
6,82,Error,3.455155965698484
6,83,Error,2.9341727662231545
