idx,CommunicationRound,TimeCost
8,0,16.355830907821655
8,1,3.934554100036621
8,2,3.6716840267181396
8,3,Error,2.695289646960474
8,4,Error,3.0236815230534324
8,5,Error,3.4096581682875504
8,6,Error,0.7615386364945194
8,7,3.56963849067688
8,8,3.67163348197937
8,9,5.039727449417114
8,10,4.665570259094238
8,11,Error,10.012751483487651
8,12,4.47222113609314
8,13,3.529529333114624
8,14,Error,4.786459944184564
8,15,5.108402967453003
8,16,Error,9.093037714674994
8,17,3.024898052215576
8,18,3.113314390182495
8,19,Error,5.248826089139989
8,20,Error,10.430924043753716
8,21,4.463598251342773
8,22,Error,5.503936124594099
8,23,3.7209925651550293
8,24,Error,3.1280306665522795
8,25,4.718818187713623
8,26,Error,10.096832970605735
8,27,Error,7.930015771275053
8,28,Error,0.9992062503503539
8,29,3.894758462905884
8,30,4.697208642959595
8,31,Error,2.2005294855090316
8,32,2.8141205310821533
8,33,3.0972771644592285
8,34,3.9091620445251465
8,35,3.610921859741211
8,36,Error,5.553782233814502
8,37,4.961281776428223
8,38,4.959455728530884
8,39,5.011738061904907
8,40,3.66274356842041
8,41,3.655639410018921
8,42,Error,2.192565891389713
8,43,2.874654531478882
8,44,Error,5.508696797019503
8,45,4.765512228012085
8,46,3.6771910190582275
8,47,2.8602664470672607
8,48,2.971855878829956
8,49,3.7642436027526855
8,50,3.6563704013824463
8,51,2.936835527420044
8,52,3.4043166637420654
8,53,Error,5.340854589174036
8,54,Error,3.9858566601360472
8,55,4.039848327636719
8,56,Error,10.651992066823317
8,57,3.0764706134796143
8,58,Error,3.242165685010607
8,59,3.3721134662628174
8,60,Error,2.7710064996911075
8,61,Error,11.244639287924619
8,62,2.8014776706695557
8,63,2.8554203510284424
8,64,3.242218017578125
8,65,Error,8.821797071645006
8,66,Error,10.856653945340526
8,67,Error,1.6679330253577558
8,68,4.602869272232056
8,69,Error,5.016736846100094
8,70,3.5189545154571533
8,71,4.060348272323608
8,72,Error,5.153791149168193
8,73,Error,6.988656418777337
8,74,3.742616891860962
8,75,Error,2.159370874252325
8,76,Error,5.668460799891101
8,77,2.849426031112671
8,78,3.6672403812408447
8,79,Error,3.308757962244415
8,80,4.928481101989746
8,81,Error,8.009552696556925
8,82,Error,7.834849187158716
8,83,4.226787328720093
8,84,Error,9.17933074389737
8,85,2.9345600605010986
8,86,2.8989758491516113
8,87,3.964606285095215
8,88,Error,11.891180040545514
8,89,Error,1.4521779573020683
