idx,CommunicationRound,TimeCost
0,0,18.722248554229736
0,1,5.497123956680298
0,2,5.0321266651153564
0,3,5.164476156234741
0,4,4.6361613273620605
0,5,Error,1.2360708737810873
0,6,5.461928844451904
0,7,5.493480443954468
0,8,7.0147881507873535
0,9,Error,0.33547746589622146
0,10,Error,3.1507947596737362
0,11,Error,8.025211358362226
0,12,6.121735334396362
0,13,7.453487157821655
0,14,5.568894863128662
0,15,Error,14.355285711261036
0,16,6.361344575881958
0,17,Error,3.7593553572500524
0,18,Error,16.368924604760934
0,19,6.751263380050659
0,20,6.067723989486694
0,21,Error,3.5678973289303553
0,22,6.767336845397949
0,23,Error,1.2396046385764607
0,24,5.798257112503052
0,25,Error,7.270792033965815
0,26,5.764199495315552
0,27,Error,1.8151607435170425
0,28,6.5668065547943115
0,29,6.5891454219818115
0,30,Error,15.97284235097302
0,31,5.459430694580078
0,32,4.8280088901519775
0,33,Error,18.063452221266083
0,34,Error,15.437703676638403
0,35,Error,17.32227808287824
0,36,Error,13.617536302950606
0,37,Error,12.716048309298143
0,38,Error,1.5053772749477607
0,39,4.241153001785278
0,40,6.060695171356201
0,41,4.706917762756348
0,42,4.311826467514038
0,43,4.865712642669678
0,44,Error,16.35525019243642
0,45,Error,4.188206790892515
0,46,6.840992450714111
0,47,5.393938064575195
0,48,5.64152717590332
0,49,Error,0.5424182862787604
0,50,Error,12.800967444178701
0,51,5.7738118171691895
0,52,Error,4.020948566653807
0,53,Error,4.149729275064337
0,54,5.510897636413574
0,55,Error,18.342766921668463
0,56,Error,5.797287784919359
0,57,Error,2.2755345450576425
0,58,5.465070486068726
