idx,CommunicationRound,TimeCost
6,0,16.141112327575684
6,1,4.717857360839844
6,2,4.670004844665527
6,3,Error,0.37451020773342525
6,4,4.596161365509033
6,5,4.52676248550415
6,6,4.603902339935303
6,7,4.745834589004517
6,8,Error,11.311479181151034
6,9,Error,9.8748056396817
6,10,4.599661588668823
6,11,4.469723701477051
6,12,4.596001863479614
6,13,Error,12.83498668368824
6,14,4.583048343658447
6,15,4.471678972244263
