idx,CommunicationRound,TimeCost
8,0,16.63633894920349
8,1,5.085838794708252
8,2,5.123656511306763
8,3,Error,4.019591479945749
8,4,5.11445426940918
8,5,Error,4.949195931783053
8,6,5.107317686080933
8,7,Error,3.0502912741507875
8,8,5.175267696380615
8,9,5.213247060775757
8,10,Error,10.800866202209853
8,11,5.2054603099823
8,12,5.251908540725708
8,13,5.274886608123779
8,14,5.213595390319824
8,15,5.0927393436431885
