idx,CommunicationRound,TimeCost
0,0,7.472995042800903
0,1,Error,1.6695927928370857
0,2,Error,1.5346033147432556
0,3,1.011003017425537
0,4,Error,0.233268266890041
0,5,1.0607044696807861
0,6,0.8336882591247559
0,7,1.1082289218902588
0,8,Error,0.045228299989469825
0,9,Error,0.5612847158578914
0,10,Error,1.2524891179943924
0,11,0.9574666023254395
0,12,0.9844634532928467
0,13,0.9780910015106201
0,14,Error,2.876009382741605
0,15,1.121483325958252
0,16,Error,0.7144925504015159
0,17,Error,2.1036722720312575
0,18,0.9474036693572998
0,19,0.9420986175537109
0,20,Error,0.6757022357819846
0,21,Error,3.195859114380523
0,22,Error,1.7870010268826177
0,23,Error,0.27488717024617315
0,24,0.9272909164428711
0,25,Error,0.7747736650224152
0,26,Error,2.039163426995559
0,27,0.883324384689331
0,28,Error,2.0941603629194003
0,29,0.8754005432128906
0,30,Error,0.553853236745507
0,31,0.912893533706665
0,32,Error,2.854834407162732
0,33,Error,2.2936163293541045
0,34,Error,3.0092149974162696
0,35,Error,2.075898149184599
0,36,Error,0.2025313053242477
0,37,0.8573710918426514
0,38,0.9001882076263428
0,39,Error,2.694674664347061
0,40,0.9670040607452393
0,41,Error,0.501746972226377
0,42,1.0975971221923828
0,43,Error,2.011282136727246
0,44,Error,3.1489909126855244
0,45,1.0881578922271729
0,46,Error,0.11086867621270151
0,47,Error,2.34227519672018
0,48,0.9082756042480469
0,49,Error,0.5286459086235319
0,50,Error,0.7127767343715924
0,51,0.9959900379180908
0,52,Error,2.7857356341128563
0,53,Error,0.7228440217319835
0,54,Error,0.5083742260475226
0,55,0.9418327808380127
0,56,Error,2.328933128215102
0,57,1.1164486408233643
0,58,1.0275852680206299
0,59,Error,0.04681535245590415
0,60,1.0899386405944824
0,61,Error,2.1113711445531864
0,62,0.9700887203216553
0,63,0.9284543991088867
0,64,0.8591427803039551
0,65,1.0436241626739502
0,66,1.0489356517791748
0,67,1.0609190464019775
0,68,0.9321527481079102
0,69,1.088073492050171
