idx,CommunicationRound,TimeCost
4,0,Error,15.534657850166315
4,1,0.9379065036773682
4,2,0.8878645896911621
4,3,1.0792133808135986
4,4,Error,1.1885398648201981
4,5,Error,0.8614161105074737
4,6,0.9511687755584717
4,7,1.1383147239685059
4,8,0.9482986927032471
4,9,Error,1.4124384166804216
4,10,Error,1.7089095629532407
4,11,0.9910123348236084
4,12,1.1547796726226807
4,13,1.0077300071716309
4,14,Error,3.309533749788872
4,15,Error,0.4597687504748569
4,16,1.1573922634124756
4,17,Error,1.62851173490879
4,18,Error,0.39808941205992854
4,19,Error,2.2665650925040572
4,20,Error,1.5765580655112905
4,21,0.9337544441223145
4,22,Error,0.9245712075960278
4,23,Error,3.046369505717773
4,24,Error,0.2189802350126973
4,25,1.1477246284484863
4,26,Error,1.523928299031636
4,27,0.9996469020843506
4,28,1.1549232006072998
4,29,Error,2.5941665266794764
4,30,Error,1.7438286342443603
4,31,1.0225014686584473
4,32,Error,2.258984322847823
4,33,Error,2.450691703697047
4,34,1.0573649406433105
4,35,Error,0.025884763511742848
4,36,0.9806907176971436
4,37,Error,1.8529658952802273
4,38,1.0918915271759033
4,39,0.9796030521392822
4,40,1.1194043159484863
4,41,Error,2.3026072636761605
4,42,Error,1.5449818106503936
4,43,Error,2.762899467099241
4,44,0.9842667579650879
4,45,Error,1.0396349265973996
4,46,1.0609357357025146
4,47,Error,0.5094589084954295
4,48,1.1404528617858887
4,49,0.9204621315002441
4,50,Error,2.8262106944823735
4,51,Error,0.9564517207738544
4,52,1.1020934581756592
4,53,1.0274834632873535
4,54,1.0027623176574707
4,55,0.8893072605133057
4,56,0.9343907833099365
4,57,1.1304900646209717
4,58,1.052330493927002
4,59,Error,0.7745445510203715
4,60,1.0478384494781494
4,61,0.9225211143493652
4,62,Error,2.173135344660647
4,63,Error,2.895878777654662
4,64,1.171785593032837
4,65,Error,0.3928194579032929
4,66,0.9701776504516602
4,67,0.9085004329681396
4,68,1.0872414112091064
4,69,0.9151856899261475
