idx,CommunicationRound,TimeCost
5,0,Error,8.67169587320171
5,1,Error,2.1832538434070385
5,2,1.0539956092834473
5,3,Error,0.9759100822544229
5,4,0.9995384216308594
5,5,1.0607318878173828
5,6,Error,3.3661328992750397
5,7,1.2241337299346924
5,8,Error,1.8591302132300132
5,9,Error,0.998730621703939
5,10,1.0582647323608398
5,11,Error,2.0908619229696144
5,12,Error,0.1661814407028592
5,13,1.2729063034057617
5,14,1.21240234375
5,15,Error,0.96526267342175
5,16,Error,2.3241405609248327
5,17,Error,3.0165607536879757
5,18,1.1340305805206299
5,19,1.1211743354797363
5,20,1.1192080974578857
5,21,Error,0.48025657649249204
5,22,Error,1.1634752701701985
5,23,1.1256325244903564
5,24,Error,1.6923484382910552
5,25,1.2541608810424805
5,26,1.184586763381958
5,27,Error,0.2936809051544868
5,28,Error,1.9168802766955761
5,29,Error,2.5798642770283
5,30,1.2552402019500732
5,31,1.0371625423431396
5,32,Error,0.03513155815139418
5,33,1.1356308460235596
5,34,Error,1.1836402336668161
5,35,Error,2.1695778312666656
5,36,Error,0.10175658314313668
5,37,1.0367538928985596
5,38,1.2501671314239502
5,39,Error,1.2627295524646185
5,40,Error,1.322115965387686
5,41,Error,3.231739917332251
5,42,Error,0.8299150665193353
5,43,1.0357019901275635
5,44,1.2248852252960205
5,45,Error,0.06787966032688421
5,46,Error,0.3925477275376665
5,47,1.0129303932189941
5,48,Error,1.697786748142625
5,49,1.121765375137329
5,50,Error,0.2701053896512741
5,51,1.1726057529449463
5,52,Error,1.6599691099344316
5,53,1.2284369468688965
5,54,Error,0.5150850952314009
5,55,Error,1.3887139585864512
5,56,Error,2.243681872043626
5,57,Error,1.3790047554469318
5,58,Error,3.1445138009870006
5,59,0.9937503337860107
5,60,1.0255718231201172
5,61,Error,1.7916092190435635
5,62,1.222977638244629
5,63,1.1768896579742432
5,64,1.1981697082519531
5,65,1.1332778930664062
5,66,1.212967872619629
5,67,1.040010929107666
5,68,1.0943307876586914
5,69,1.206716775894165
