idx,CommunicationRound,TimeCost
0,0,7.507596015930176
0,1,Error,1.64989593666757
0,2,Error,1.5315855427818177
0,3,1.0136027336120605
0,4,Error,0.2324962612760205
0,5,1.063709020614624
0,6,0.8430299758911133
0,7,1.1039893627166748
0,8,Error,0.04544136368324017
0,9,Error,0.5617905406534351
0,10,Error,1.2548869344736935
0,11,0.9562990665435791
0,12,0.9805817604064941
0,13,0.9750974178314209
0,14,Error,2.860446931324707
0,15,1.1129865646362305
0,16,Error,0.7122520738656972
0,17,Error,2.0987005312483085
0,18,0.9499561786651611
0,19,0.9321966171264648
0,20,Error,0.674648774656864
0,21,Error,3.2085264252900183
0,22,Error,1.7917319516446917
0,23,Error,0.2749451998372561
0,24,0.925971269607544
0,25,Error,0.776718896111923
0,26,Error,2.0324114680629592
0,27,0.8830132484436035
0,28,Error,2.091643939101571
0,29,0.8672826290130615
0,30,Error,0.5532953803102758
0,31,0.9055202007293701
0,32,Error,2.836904212800918
0,33,Error,2.2787648151276354
0,34,Error,3.021412670256636
0,35,Error,2.0686045535110864
0,36,Error,0.2035504632943873
0,37,0.8569505214691162
0,38,0.8975193500518799
0,39,Error,2.6936216135508375
0,40,0.9735138416290283
0,41,Error,0.4982260402573006
0,42,1.090146780014038
0,43,Error,1.9980390431977766
0,44,Error,3.119628541978837
0,45,1.0808160305023193
0,46,Error,0.11047924853407007
0,47,Error,2.353385881615884
0,48,0.9053850173950195
0,49,Error,0.5293930150166383
0,50,Error,0.7101087096066775
0,51,0.986567497253418
0,52,Error,2.76862659767616
0,53,Error,0.7204181787559603
0,54,Error,0.5055773141447936
0,55,0.9360954761505127
0,56,Error,2.3389685429644125
0,57,1.1149051189422607
0,58,1.025080680847168
0,59,Error,0.04665134700382644
0,60,1.0959618091583252
0,61,Error,2.116709610821112
0,62,0.9593706130981445
0,63,0.9234178066253662
0,64,0.8543736934661865
0,65,1.0465278625488281
0,66,1.0424225330352783
0,67,1.0550425052642822
0,68,0.9305758476257324
0,69,1.0865395069122314
