idx,CommunicationRound,TimeCost
2,0,6.55658745765686
2,1,0.9652829170227051
2,2,Error,0.3631098311389636
2,3,0.8396034240722656
2,4,0.7919821739196777
2,5,Error,1.0836156459878894
2,6,1.0094799995422363
2,7,Error,0.32946472935853977
2,8,1.0041389465332031
2,9,0.9890122413635254
2,10,0.9760406017303467
2,11,Error,2.51590644335134
2,12,0.8936781883239746
2,13,Error,1.0046832823937233
2,14,Error,0.3096730138294645
2,15,0.9865260124206543
2,16,1.0423130989074707
2,17,0.9189538955688477
2,18,0.7924084663391113
2,19,Error,0.5363686039530443
2,20,Error,1.2527349806520023
2,21,Error,0.3691656516007863
2,22,Error,0.6460669955348554
2,23,Error,0.17840572538670912
2,24,0.9413769245147705
2,25,0.8668789863586426
2,26,Error,0.43155800357056306
2,27,0.9880340099334717
2,28,Error,1.150920860304803
2,29,1.006629228591919
2,30,Error,2.5334553657391026
2,31,0.8615407943725586
2,32,0.7873530387878418
2,33,0.9517209529876709
2,34,0.8166160583496094
2,35,0.9242055416107178
2,36,0.8581945896148682
2,37,Error,0.4240169703527055
2,38,Error,0.6464740900963445
2,39,0.782667875289917
2,40,0.9193527698516846
2,41,Error,0.7945265606121811
2,42,Error,2.341045948740078
2,43,Error,0.6414249545016558
2,44,Error,1.3039867829527112
2,45,0.858513593673706
2,46,Error,1.1282983728896407
2,47,1.0534651279449463
2,48,0.9072389602661133
2,49,Error,1.2688214316900412
2,50,1.0160787105560303
2,51,0.8268828392028809
2,52,Error,1.769526755071868
2,53,Error,0.7432645328879838
2,54,Error,0.09415874045985674
2,55,Error,1.9893051077582136
2,56,Error,2.213018541550758
2,57,Error,1.3775431253733297
2,58,Error,1.1212938864582067
2,59,0.8109114170074463
2,60,0.8095195293426514
2,61,Error,0.9754991021951629
2,62,Error,0.8316082368262856
2,63,0.8950669765472412
2,64,Error,1.6991692390052375
2,65,0.8161075115203857
2,66,0.8643021583557129
2,67,Error,0.013488397221087396
2,68,0.8235640525817871
2,69,Error,0.8879907745980037
