idx,CommunicationRound,TimeCost
3,0,6.817201375961304
3,1,1.1298673152923584
3,2,Error,2.1995723180618105
3,3,Error,2.2852170543006536
3,4,1.0426442623138428
3,5,Error,2.5874396710580414
3,6,Error,2.4552812845267042
3,7,Error,1.826773468777834
3,8,Error,2.2219436527455367
3,9,Error,0.23971750236829165
3,10,0.9762732982635498
3,11,1.0252902507781982
3,12,1.0431759357452393
3,13,1.1532983779907227
3,14,0.9513354301452637
3,15,Error,0.31451127669604273
3,16,1.171968936920166
3,17,Error,0.6372079447673753
3,18,1.1536667346954346
3,19,0.950843095779419
3,20,Error,0.0798134361163444
3,21,Error,1.760907213237561
3,22,Error,1.9619213196640244
3,23,Error,1.5948416784992283
3,24,1.0649659633636475
3,25,Error,0.6908937503431026
3,26,1.184786081314087
3,27,Error,2.0275263086437185
3,28,Error,2.388871290938655
3,29,Error,1.2704125368500676
3,30,1.0888457298278809
3,31,Error,0.5659853073492279
3,32,Error,0.8581499666917306
3,33,Error,0.9623328534454193
3,34,1.2130115032196045
3,35,0.9984350204467773
3,36,Error,0.10850930703681186
3,37,Error,0.663785447999105
3,38,Error,0.8709429504249911
3,39,1.1060655117034912
3,40,1.0238020420074463
3,41,1.0327301025390625
3,42,1.0866849422454834
3,43,1.1225323677062988
3,44,Error,1.341579324231193
3,45,1.2030842304229736
3,46,Error,3.148253233190302
3,47,Error,3.0832891185507085
3,48,Error,0.8361723483928948
3,49,Error,2.019454443569644
3,50,Error,1.3225491249431836
3,51,Error,2.588832775979749
3,52,Error,1.3005929353907086
3,53,Error,0.4321083004400063
3,54,Error,2.311486696377704
3,55,0.9876992702484131
3,56,Error,3.1312972423545196
3,57,1.1130053997039795
3,58,Error,0.7427569148797208
3,59,1.058290719985962
3,60,Error,2.403873058909898
3,61,1.1905536651611328
3,62,0.953923225402832
3,63,1.0457758903503418
3,64,1.1735515594482422
3,65,Error,2.8540453930183762
3,66,Error,1.1344428045253365
3,67,Error,1.4962418184564008
3,68,Error,1.8478923967861198
3,69,1.029348373413086
