idx,CommunicationRound,TimeCost
8,0,7.580426454544067
8,1,0.997321367263794
8,2,0.9695532321929932
8,3,Error,0.7372617745037926
8,4,Error,0.7482343592048668
8,5,Error,0.8316267002034705
8,6,Error,0.21684205680569132
8,7,0.9102349281311035
8,8,0.968987226486206
8,9,Error,0.3248170633805696
8,10,1.067833662033081
8,11,0.9693922996520996
8,12,0.9406344890594482
8,13,1.097651720046997
8,14,Error,1.840524788241878
8,15,1.06754732131958
8,16,Error,1.8142994372397288
8,17,0.8867654800415039
8,18,Error,1.234005481956575
8,19,Error,1.3235016599709446
8,20,0.9622938632965088
8,21,1.1039202213287354
8,22,Error,1.0523948439877846
8,23,0.8875117301940918
8,24,Error,0.7935369280273042
8,25,0.9733576774597168
8,26,Error,1.9989679925583639
8,27,Error,1.7975779340525402
8,28,Error,0.21513650565088782
8,29,1.0021557807922363
8,30,Error,0.7140853034252709
8,31,Error,0.7582147241431293
8,32,Error,1.8260660150924959
8,33,1.1076295375823975
8,34,0.8772475719451904
8,35,Error,1.1959313351774488
8,36,1.041555404663086
8,37,1.123948097229004
8,38,1.024479627609253
8,39,0.9183173179626465
8,40,0.873528242111206
8,41,Error,0.6188353038758837
8,42,1.0062971115112305
8,43,Error,1.3729998227321818
8,44,0.923790454864502
8,45,1.0657920837402344
8,46,1.0371513366699219
8,47,0.9448587894439697
8,48,Error,0.1842068895144887
8,49,Error,1.5113156009621702
8,50,1.124204158782959
8,51,Error,1.5473095601500573
8,52,Error,1.0719642533135907
8,53,0.9840826988220215
8,54,Error,2.2814265950476806
8,55,Error,0.12332518685801966
8,56,Error,1.0628436550195575
8,57,Error,0.9133611893213194
8,58,0.9332935810089111
8,59,0.9682002067565918
8,60,0.9047598838806152
8,61,1.0156419277191162
8,62,0.9929561614990234
8,63,Error,2.098709607984339
8,64,Error,2.268505938092109
8,65,Error,0.48975204182320514
8,66,0.9392223358154297
8,67,Error,1.3259902776199233
8,68,1.0112314224243164
8,69,0.9560046195983887
