idx,CommunicationRound,TimeCost
9,0,7.7452311515808105
9,1,1.1707162857055664
9,2,1.0234720706939697
9,3,1.2056033611297607
9,4,Error,1.3594235334070026
9,5,Error,1.1786497619331973
9,6,Error,0.7621455882012028
9,7,1.0226376056671143
9,8,Error,1.9698766112386232
9,9,Error,0.28922261148234485
9,10,Error,0.3164112439439844
9,11,0.9969489574432373
9,12,1.027195692062378
9,13,Error,0.06845368494445196
9,14,1.1525981426239014
9,15,Error,0.03944839764672928
9,16,Error,0.4655678449588428
9,17,1.1374647617340088
9,18,Error,2.0668991012651157
9,19,Error,0.5497090658661322
9,20,1.2138252258300781
9,21,1.1243257522583008
9,22,Error,0.3898970641371604
9,23,1.1287355422973633
9,24,1.0779609680175781
9,25,Error,3.165304821917765
9,26,0.9480626583099365
9,27,1.0406346321105957
9,28,1.244466781616211
9,29,Error,2.3407189810848905
9,30,Error,0.9793120466610138
9,31,0.9719946384429932
9,32,Error,0.25340095319994865
9,33,Error,0.15055762075152443
9,34,Error,1.454646324398056
9,35,Error,1.898447804388018
9,36,Error,1.0289273686234506
9,37,Error,1.1495639015847934
9,38,Error,0.6763724291894613
9,39,1.0348913669586182
9,40,1.1958036422729492
9,41,Error,0.609604072146782
9,42,Error,2.8819847963268646
9,43,Error,1.307808902791653
9,44,1.031808614730835
9,45,Error,2.5909677568076264
9,46,1.0602309703826904
9,47,1.0679621696472168
9,48,Error,1.8686263843564181
9,49,1.009547472000122
9,50,1.1576817035675049
9,51,1.21445631980896
9,52,1.2304284572601318
9,53,Error,2.552267435816694
9,54,0.9779293537139893
9,55,0.965411901473999
9,56,Error,2.0408418744610257
9,57,Error,0.9472711308432679
9,58,0.9620265960693359
9,59,Error,3.0803195950833295
9,60,Error,2.5539895406997615
9,61,Error,3.174847300167145
9,62,1.0400135517120361
9,63,1.0333781242370605
9,64,Error,0.164298480237397
9,65,Error,2.4361797593931773
9,66,Error,0.6763084696033933
9,67,0.9911024570465088
9,68,0.949221134185791
9,69,Error,0.7210090073027908
