idx,CommunicationRound,TimeCost
3,0,Error,47.39529284763292
3,1,Error,9.414176056080445
3,2,Error,11.283786484782864
3,3,Error,29.149377729631457
3,4,Error,33.43384062124565
3,5,Error,29.48031587113229
3,6,Error,20.51323113960843
3,7,Error,24.053944260433866
3,8,Error,3.045143005276623
3,9,12.273749113082886
3,10,12.49245834350586
3,11,Error,32.34324219533961
