idx,CommunicationRound,TimeCost
6,0,Error,46.927704643518574
6,1,Error,9.587526022680356
6,2,Error,0.3775434583768359
6,3,Error,3.4803433816955787
6,4,Error,11.778432344432911
6,5,Error,14.199336875206365
6,6,Error,11.85719469472315
6,7,Error,7.632699140143909
6,8,Error,7.6459166226197475
6,9,Error,4.3127492352801315
6,10,4.590662479400635
6,11,4.557029962539673
6,12,Error,11.31814198877645
