idx,CommunicationRound,TimeCost
1,0,23.31957244873047
1,1,Error,0.04386856667791061
1,2,Error,3.4009077271754053
1,3,1.469200849533081
1,4,2.3030858039855957
1,5,4.796505451202393
1,6,0.9111952781677246
1,7,0.8607261180877686
1,8,3.0138378143310547
1,9,0.9220514297485352
1,10,Error,0.7783825736722989
1,11,3.2516095638275146
1,12,0.8699421882629395
1,13,Error,5.744679052019984
1,14,Error,5.64666632481079
1,15,3.7485697269439697
1,16,Error,3.545009496969926
1,17,1.097935438156128
1,18,3.8655686378479004
1,19,Error,15.775734594423923
1,20,9.23396611213684
1,21,Error,10.094787116117304
1,22,6.365745544433594
1,23,Error,8.709478033947951
1,24,5.933583736419678
1,25,Error,9.82756385526509
1,26,10.071756839752197
1,27,17.428346872329712
1,28,21.64474391937256
1,29,12.879805326461792
1,30,13.881385564804077
1,31,Error,12.770761736170957
1,32,Error,4.583013919870621
1,33,Error,4.85495213739068
1,34,10.277553081512451
1,35,Error,29.448223385544992
1,36,Error,26.89412006214418
1,37,Error,6.371690679377989
1,38,Error,4.444622544293708
1,39,Error,14.871814808859009
1,40,9.666780710220337
1,41,Error,16.069413503084355
1,42,15.554033041000366
1,43,Error,20.85219441506867
1,44,11.837700843811035
1,45,4.852540493011475
1,46,Error,8.97959152593844
1,47,Error,17.34731310540629
1,48,20.191039562225342
