idx,CommunicationRound,TimeCost
0,0,7.909773826599121
0,1,1.4429020881652832
0,2,1.4543142318725586
0,3,1.4404487609863281
0,4,1.4526400566101074
0,5,1.4670600891113281
0,6,1.455127477645874
0,7,Error,4.293981712969451
0,8,1.4547991752624512
0,9,Error,0.06519871344112878
0,10,Error,0.840083153300984
0,11,Error,2.0266284489667683
0,12,1.459803819656372
0,13,1.4615979194641113
0,14,1.465681791305542
0,15,Error,4.369765669691136
0,16,1.4766921997070312
0,17,1.4648685455322266
0,18,Error,0.3066092891837031
0,19,1.4697320461273193
0,20,1.4865655899047852
0,21,1.480543851852417
0,22,Error,3.991857951481322
0,23,1.490464210510254
0,24,Error,2.7715079105781446
0,25,Error,0.38756274730796453
0,26,1.498997688293457
0,27,Error,1.0996603882843061
0,28,Error,3.5397577960554636
0,29,1.466862678527832
0,30,Error,3.2591337176901374
0,31,1.4695713520050049
0,32,1.4757966995239258
0,33,Error,4.30210469596512
0,34,1.5391101837158203
0,35,Error,1.7544028647271122
0,36,1.484405755996704
0,37,1.4601094722747803
0,38,Error,3.406030700286106
0,39,Error,0.32577943889549105
0,40,1.475052833557129
0,41,1.4790422916412354
0,42,1.489720344543457
0,43,1.4870927333831787
0,44,1.4828875064849854
0,45,Error,4.148612126051162
0,46,Error,0.8483073010305725
0,47,1.4852004051208496
0,48,1.4813382625579834
0,49,1.4852120876312256
0,50,Error,0.1733536896259757
0,51,Error,3.1559712219241383
0,52,1.4891448020935059
0,53,Error,0.822219822393849
0,54,Error,1.0149702359133388
0,55,1.5411443710327148
0,56,Error,4.095101511151243
0,57,Error,1.191213861310856
0,58,Error,0.786787227833011
0,59,1.480656623840332
