idx,CommunicationRound,TimeCost
0,0,18.732635736465454
0,1,5.409032821655273
0,2,4.875161647796631
0,3,4.830232620239258
0,4,4.329638242721558
0,5,Error,1.2299469055245063
0,6,5.076997518539429
0,7,5.299569368362427
0,8,5.953807830810547
0,9,Error,0.3316203778606786
0,10,Error,3.0173500701752554
0,11,Error,7.391647585680564
0,12,5.1224000453948975
0,13,7.434880971908569
0,14,5.9449803829193115
0,15,Error,14.73619649367628
0,16,5.968538761138916
0,17,Error,3.6696993351002005
0,18,Error,16.65036152637185
0,19,7.149007081985474
0,20,5.623319864273071
0,21,Error,3.408847049273163
0,22,6.591021299362183
0,23,Error,1.2539315497705585
0,24,5.9711010456085205
0,25,Error,7.211891535073048
0,26,5.8209006786346436
0,27,Error,1.7501284967663102
0,28,6.127338171005249
0,29,6.9948890209198
0,30,Error,15.355988192445068
0,31,5.557042360305786
0,32,4.498985767364502
0,33,Error,18.24112144382779
0,34,Error,15.079606113281026
0,35,Error,17.430203486162707
0,36,Error,13.603318421503715
0,37,Error,12.6610050675687
0,38,Error,1.238817513208549
0,39,3.850209951400757
0,40,6.1427857875823975
0,41,4.426955938339233
0,42,4.239641904830933
0,43,4.67491888999939
0,44,Error,15.45822728431772
0,45,Error,4.251999628518112
0,46,6.985028028488159
0,47,5.3983705043792725
0,48,5.6747589111328125
0,49,Error,0.5420929328770324
0,50,Error,12.02947962429768
0,51,5.937032222747803
0,52,Error,4.008781799759554
0,53,Error,3.9990871601568463
0,54,5.572876214981079
0,55,Error,17.540921008129143
0,56,Error,5.9471724951888465
0,57,Error,2.2363850902778313
0,58,5.35498571395874
0,59,Error,18.0167659215703
