idx,CommunicationRound,TimeCost
8,0,16.627147436141968
8,1,3.8596713542938232
8,2,3.536282777786255
8,3,Error,2.7453807944384745
8,4,Error,2.8729098138213423
8,5,Error,3.2572350941562322
8,6,Error,0.7461178545367633
8,7,3.4775290489196777
8,8,3.5446834564208984
8,9,3.9953582286834717
8,10,4.791719675064087
8,11,Error,9.509126985092006
8,12,3.7025415897369385
8,13,3.6909031867980957
8,14,Error,4.976178264165938
8,15,4.903338670730591
8,16,Error,9.17096690635391
8,17,2.774261236190796
8,18,2.921628952026367
8,19,Error,5.183723381356454
8,20,Error,11.151941473544266
8,21,5.168394565582275
8,22,Error,4.41294488741608
8,23,3.639948606491089
8,24,Error,3.0967960440960924
8,25,4.9647510051727295
8,26,Error,9.830672474775769
8,27,Error,9.077341338712156
8,28,Error,0.8556029826155109
8,29,3.709350109100342
8,30,5.006452322006226
8,31,Error,1.567958067758775
8,32,2.8155100345611572
8,33,3.6260104179382324
8,34,3.7272257804870605
8,35,3.810851812362671
8,36,Error,5.2144714585873855
8,37,5.2138519287109375
8,38,4.9364073276519775
8,39,4.244297981262207
8,40,3.5542142391204834
8,41,3.5953757762908936
8,42,Error,2.184274911742605
8,43,3.678809881210327
8,44,Error,5.600245179836089
8,45,4.261986017227173
8,46,2.8463258743286133
8,47,2.8074865341186523
8,48,3.3334579467773438
8,49,3.5521533489227295
8,50,3.4277825355529785
8,51,3.1978468894958496
8,52,3.830296516418457
8,53,Error,4.02627979904337
8,54,Error,4.0108253201787205
8,55,4.197664976119995
8,56,Error,9.227387378407522
8,57,3.196028709411621
8,58,Error,3.16310870246522
8,59,3.0645289421081543
8,60,Error,2.534815709484979
8,61,Error,10.890934552909668
8,62,2.785005569458008
8,63,2.8323962688446045
8,64,3.1812264919281006
8,65,Error,9.313347315827873
8,66,Error,10.469838063602657
8,67,Error,1.689719417197446
8,68,4.287591934204102
8,69,Error,4.905262081381536
8,70,3.5179784297943115
8,71,4.43831205368042
8,72,Error,4.654681160574865
8,73,Error,6.92119903970639
8,74,3.722115993499756
8,75,Error,2.1124299646527054
8,76,Error,5.553339884426975
8,77,2.845442295074463
8,78,3.6041171550750732
8,79,Error,3.581064179130765
8,80,4.912722110748291
8,81,Error,7.62647220808721
8,82,Error,7.14072479365946
8,83,3.776385545730591
8,84,Error,8.696471542802131
8,85,2.951869010925293
8,86,2.8399927616119385
8,87,4.0252625942230225
8,88,Error,13.611349972702353
8,89,Error,1.1710356327283011
8,90,Error,9.16977416071794
8,91,3.7091119289398193
8,92,Error,2.034962360984807
