idx,CommunicationRound,TimeCost
2,0,Error,57.72002149233109
2,1,Error,11.378489385940846
2,2,Error,41.33547832112629
2,3,Error,9.38834696622575
2,4,Error,44.27973970816523
2,5,Error,13.508558524699886
2,6,19.089402437210083
2,7,15.21839952468872
2,8,15.966345071792603
2,9,15.19486689567566
2,10,14.923291683197021
2,11,16.80700659751892
2,12,Error,16.830480446476994
2,13,Error,5.256551736099432
2,14,15.575681447982788
2,15,Error,29.193811689605006
2,16,Error,30.564994069000964
2,17,Error,9.615685260852185
