idx,CommunicationRound,TimeCost
2,0,Error,54.62099586757277
2,1,Error,10.373532350301804
2,2,Error,33.33119351673846
2,3,Error,9.73640865701285
2,4,Error,37.918391348315545
2,5,Error,12.473845379387365
2,6,14.824108362197876
2,7,15.235336303710938
2,8,15.2554612159729
2,9,14.74462342262268
2,10,15.121772050857544
2,11,15.314251899719238
2,12,Error,16.56152041165545
