idx,CommunicationRound,TimeCost
9,0,Error,47.765141862378904
9,1,Error,17.341347927065364
9,2,9.02533507347107
9,3,Error,11.112860483446587
9,4,Error,8.638025028672072
9,5,Error,5.572382719952027
9,6,8.786288499832153
9,7,Error,16.790570627246485
9,8,Error,2.2044397317074775
9,9,Error,2.5333159387005435
9,10,Error,7.466558316348955
9,11,Error,3.1960415935198667
9,12,8.922083854675293
