idx,CommunicationRound,TimeCost
3,0,10.594321489334106
3,1,4.424311399459839
3,2,4.454466819763184
3,3,4.480069398880005
3,4,4.494229078292847
3,5,4.433668613433838
3,6,4.540687799453735
3,7,4.744825124740601
3,8,4.677483797073364
3,9,4.749879837036133
3,10,4.5540454387664795
3,11,4.602399587631226
3,12,4.530109643936157
3,13,4.5432257652282715
3,14,4.618671894073486
3,15,4.5684404373168945
3,16,4.5809149742126465
3,17,4.812180280685425
3,18,4.897868871688843
3,19,Error,12.151901493223683
3,20,4.748196363449097
3,21,4.621635675430298
3,22,4.73158073425293
3,23,4.329854965209961
3,24,4.64949369430542
3,25,4.545666933059692
3,26,4.591263294219971
3,27,4.777801036834717
3,28,4.6863627433776855
3,29,4.588421821594238
3,30,4.7932045459747314
3,31,4.683593511581421
3,32,4.931350469589233
3,33,Error,2.0486500457712484
3,34,4.52104640007019
3,35,4.724276542663574
3,36,4.7473626136779785
3,37,4.800199270248413
3,38,4.677678823471069
3,39,4.729893207550049
3,40,4.787423372268677
3,41,4.687812328338623
3,42,4.536878824234009
3,43,4.51465630531311
3,44,4.685761213302612
3,45,4.519680738449097
3,46,4.59242582321167
3,47,4.525667667388916
3,48,4.565579414367676
3,49,4.480936050415039
3,50,4.496087312698364
3,51,4.5404181480407715
3,52,4.551455497741699
3,53,4.6502673625946045
3,54,4.567392110824585
3,55,4.5731494426727295
3,56,4.790225028991699
3,57,4.485199451446533
3,58,4.636614084243774
3,59,4.6735923290252686
3,60,4.476878643035889
