idx,CommunicationRound,TimeCost
2,0,Error,57.360638829408174
2,1,Error,11.102618464986262
2,2,Error,40.07355429590202
2,3,Error,9.494400997772553
2,4,Error,38.165407216335254
2,5,Error,12.697076513283907
2,6,15.81423282623291
2,7,16.427829265594482
2,8,Error,45.56324624936182
2,9,Error,40.5984456849346
2,10,Error,25.925089862539952
2,11,Error,18.747396322699164
2,12,Error,39.41074215616826
2,13,16.30637001991272
