idx,CommunicationRound,TimeCost
0,0,7.914946794509888
0,1,1.4508163928985596
0,2,1.4489476680755615
0,3,1.4507253170013428
0,4,1.46579909324646
0,5,1.4491171836853027
0,6,1.465266227722168
0,7,Error,4.311853106005126
0,8,1.4653489589691162
0,9,Error,0.0655391883225073
0,10,Error,0.8472256497415553
0,11,Error,2.0314420008417673
0,12,1.4659409523010254
0,13,1.474663257598877
0,14,1.4657461643218994
0,15,Error,4.406883211664693
0,16,1.4774374961853027
0,17,1.4735407829284668
0,18,Error,0.3110596697152581
0,19,1.4766340255737305
0,20,1.4776906967163086
0,21,1.4687621593475342
0,22,Error,3.998676032119569
0,23,1.499873399734497
0,24,Error,2.7983154337136757
0,25,Error,0.3882465116626155
0,26,1.470438003540039
0,27,Error,1.0960790342164517
0,28,Error,3.5124711940368125
0,29,1.4739928245544434
0,30,Error,3.234599239830723
0,31,1.4715337753295898
0,32,1.4791417121887207
0,33,Error,4.301002583853872
0,34,1.4907264709472656
0,35,Error,1.7481798119276948
0,36,1.4857707023620605
0,37,1.4745402336120605
0,38,Error,3.4267807229853577
0,39,Error,0.32582506029744085
0,40,1.482067584991455
0,41,1.4847595691680908
0,42,1.4864935874938965
0,43,1.494001865386963
0,44,1.4886395931243896
0,45,Error,4.164237441155913
0,46,Error,0.8501000949682872
0,47,1.488396406173706
0,48,1.480222463607788
0,49,1.4895827770233154
0,50,Error,0.1728178183192249
0,51,Error,3.1546690034921294
0,52,1.5355894565582275
0,53,Error,0.7868435692538249
0,54,Error,1.027513480923117
0,55,1.4880626201629639
0,56,Error,4.092801715457643
0,57,Error,1.2059695484535273
0,58,Error,0.7917089909987212
0,59,1.502303123474121
