idx,CommunicationRound,TimeCost
3,0,25.513882875442505
3,1,12.548530101776123
3,2,Error,34.63378716563389
3,3,Error,34.54406307560942
3,4,14.754425287246704
3,5,Error,32.22517520721284
3,6,Error,29.937627667699598
3,7,Error,18.55307204419216
3,8,Error,29.726916311746308
3,9,Error,3.4422651908105326
3,10,12.740949153900146
3,11,17.089978456497192
3,12,14.844011783599854
3,13,19.582212448120117
3,14,Error,45.0650028866735
3,15,Error,63.69554857772992
