idx,CommunicationRound,TimeCost
5,0,Error,43.82799065865575
5,1,Error,27.951602554337203
5,2,15.779231786727905
5,3,Error,13.18451913908276
5,4,4.747488498687744
5,5,12.525709867477417
5,6,Error,5.262200689814521
5,7,1.9209229946136475
5,8,Error,16.186826159951366
5,9,Error,2.3390517423440516
5,10,2.45284366607666
5,11,Error,4.761218845323438
5,12,Error,0.8502071699302193
5,13,5.679812669754028
5,14,Error,4.700375138087019
5,15,Error,17.12540205614594
5,16,12.53924822807312
5,17,Error,36.31719312466984
5,18,5.405678987503052
5,19,5.782318115234375
5,20,18.75200319290161
5,21,Error,15.597548381871404
5,22,Error,19.306553936515684
5,23,23.301894187927246
5,24,Error,40.713387214638836
5,25,19.64210081100464
5,26,21.649283170700073
