idx,CommunicationRound,TimeCost
6,0,16.06445550918579
6,1,Error,13.440637223424677
6,2,5.852254390716553
6,3,Error,6.949869302309657
6,4,Error,9.700121033853993
6,5,5.804339170455933
6,6,Error,22.244213288061417
6,7,5.141748666763306
6,8,Error,16.43372758732197
6,9,5.867735385894775
6,10,Error,14.002949865038236
6,11,Error,1.6700008307020497
6,12,Error,22.951640520978028
6,13,7.4003942012786865
6,14,7.2098939418792725
6,15,Error,1.266427734753999
6,16,Error,23.038197954230057
6,17,8.287840843200684
6,18,Error,15.271016496716019
6,19,Error,10.054792849415412
6,20,9.50635051727295
6,21,9.910012483596802
6,22,Error,4.2469061952717455
6,23,9.689835548400879
6,24,Error,22.927174683029367
6,25,Error,0.3368304323247949
6,26,Error,16.464137969160834
6,27,11.533203601837158
6,28,Error,2.7588509800461964
6,29,12.629604816436768
6,30,Error,26.019955593116848
6,31,12.946126461029053
6,32,Error,16.90026233346544
6,33,Error,6.2163785921017185
