idx,CommunicationRound,TimeCost
8,0,16.656009197235107
8,1,Error,4.3938546540736105
8,2,Error,1.4212918252922044
8,3,Error,2.9348819445582164
8,4,Error,3.004358360803886
8,5,Error,1.8518228254176239
8,6,Error,4.983915194243358
8,7,3.1842219829559326
8,8,Error,1.3635950367047387
8,9,4.6573381423950195
8,10,7.1603004932403564
8,11,7.015791893005371
8,12,5.293637275695801
8,13,Error,13.596892862914368
8,14,9.931740283966064
8,15,Error,16.459211256792006
8,16,6.212859392166138
8,17,Error,12.415849845084917
8,18,Error,15.005562681150543
8,19,7.9337852001190186
8,20,2.4385104179382324
8,21,Error,2.955993135107633
8,22,3.6378233432769775
8,23,Error,2.201167195232915
8,24,2.0810484886169434
8,25,Error,6.331148312737695
8,26,Error,6.302544358273751
8,27,Error,0.4785986401046677
8,28,2.437042474746704
8,29,Error,2.5339895318359624
8,30,Error,3.433031061303518
8,31,Error,5.992257328102359
8,32,4.237082242965698
8,33,4.9832868576049805
8,34,Error,7.842541203191879
8,35,5.557372570037842
8,36,Error,15.480646672254709
8,37,Error,7.278837186172716
8,38,5.391485929489136
8,39,Error,4.355925730002198
8,40,7.420904636383057
8,41,Error,12.471399866819516
8,42,8.461229085922241
8,43,6.738666296005249
8,44,7.928039312362671
8,45,Error,9.141092399586631
8,46,Error,16.275586023612696
8,47,Error,18.73774055246096
8,48,7.475409507751465
8,49,Error,9.41713592923245
8,50,Error,8.083090590397669
8,51,9.541655778884888
8,52,8.740875720977783
8,53,Error,0.6043880854968163
8,54,Error,5.608304094278965
8,55,Error,6.164209379498332
8,56,4.820855617523193
8,57,7.185582637786865
8,58,7.8671770095825195
8,59,7.23239541053772
8,60,7.213985204696655
