idx,CommunicationRound,TimeCost
0,0,18.892999172210693
0,1,5.35879111289978
0,2,4.915787935256958
0,3,5.081521034240723
0,4,5.251071929931641
0,5,4.90389347076416
0,6,5.2602550983428955
0,7,Error,15.000965884841472
0,8,7.23151421546936
0,9,Error,0.2105133241455554
0,10,Error,3.044736986431879
0,11,Error,10.415616374742559
0,12,6.312975645065308
0,13,4.426337718963623
0,14,5.3867316246032715
0,15,Error,16.963455236513614
0,16,7.531092166900635
0,17,5.378636598587036
0,18,Error,1.1587748376762714
0,19,6.7600178718566895
0,20,6.5573155879974365
0,21,7.506243705749512
0,22,Error,17.00593838392006
0,23,6.314099311828613
0,24,Error,12.282389679021911
0,25,Error,1.214337071203239
0,26,7.576794147491455
0,27,Error,5.504535034228634
0,28,Error,16.693992711466798
0,29,5.958166837692261
0,30,Error,12.395972827509931
0,31,5.476539850234985
0,32,5.341889142990112
0,33,Error,19.372315564454002
0,34,7.513221502304077
0,35,Error,9.157172702079578
0,36,4.3516411781311035
0,37,5.707076549530029
0,38,Error,17.799982935932537
0,39,Error,1.2522963537896783
0,40,5.971400260925293
0,41,6.440887451171875
0,42,7.2686357498168945
0,43,5.496613502502441
0,44,6.297682285308838
0,45,Error,20.817553774223267
0,46,Error,3.671458713819046
0,47,5.999734163284302
0,48,7.353383779525757
0,49,7.147380352020264
0,50,Error,0.6469722556769798
0,51,Error,12.292060581740534
0,52,7.552776336669922
0,53,Error,3.274512737296939
0,54,Error,3.5738198260507383
0,55,6.383126258850098
0,56,Error,15.652707381439283
0,57,Error,5.446306294924338
