idx,CommunicationRound,TimeCost
0,0,8.825369119644165
0,1,1.6736044883728027
0,2,1.6645667552947998
0,3,1.7092900276184082
0,4,1.9485018253326416
0,5,Error,0.5225372269711089
0,6,1.6136620044708252
0,7,1.7425482273101807
0,8,1.7706835269927979
0,9,Error,0.07452616728736829
0,10,Error,1.1679827845604474
0,11,Error,2.893317655800747
0,12,1.7564060688018799
0,13,2.0906002521514893
0,14,1.834334373474121
0,15,Error,4.755916265062235
0,16,2.0918829441070557
0,17,Error,1.0720395215696334
0,18,Error,4.367428458645235
0,19,2.022810697555542
0,20,1.8745357990264893
0,21,Error,1.258020085374217
0,22,2.1187820434570312
0,23,Error,0.4462886697529846
0,24,2.0609123706817627
0,25,Error,1.9999074661368026
0,26,1.9239451885223389
0,27,Error,0.6228520055579247
0,28,2.0334339141845703
0,29,1.994776725769043
0,30,Error,4.368872956912094
0,31,1.9387586116790771
0,32,1.6136317253112793
0,33,Error,5.760823341004222
0,34,Error,5.5247030052168915
0,35,Error,5.521696191480949
0,36,Error,6.2049231995613745
0,37,Error,4.467346969837407
0,38,Error,0.4799635553762351
0,39,2.1763932704925537
0,40,1.4812228679656982
0,41,2.0778841972351074
0,42,2.1177992820739746
0,43,1.9238486289978027
0,44,Error,4.5323082162423445
0,45,Error,1.1518403744143375
0,46,1.8522262573242188
0,47,1.8244776725769043
0,48,2.094745635986328
0,49,Error,0.20758133801160614
0,50,Error,3.6833938767038057
0,51,1.670182466506958
0,52,Error,0.9483445318273348
0,53,Error,1.2974694934213422
0,54,1.9972362518310547
0,55,Error,4.857476894034783
0,56,Error,1.788111019268636
0,57,Error,0.9757121596496726
0,58,1.855384111404419
0,59,Error,5.586918928626873
0,60,2.0442206859588623
0,61,1.7945454120635986
0,62,Error,0.12477753399747328
0,63,2.109924077987671
0,64,Error,3.9269074404846367
0,65,2.057990550994873
0,66,2.049623727798462
0,67,2.199492931365967
0,68,1.97572922706604
0,69,1.8357930183410645
0,70,2.092407703399658
0,71,1.7890424728393555
0,72,1.535815715789795
0,73,1.974961280822754
0,74,1.8979454040527344
0,75,Error,3.4014403209900586
0,76,Error,3.8310247187315403
0,77,2.1184933185577393
0,78,Error,4.509022337834865
0,79,1.8839201927185059
0,80,Error,4.230474672742886
0,81,1.987839937210083
0,82,Error,4.515929918770316
0,83,2.2780869007110596
0,84,Error,0.06928985707731768
0,85,1.865354061126709
0,86,Error,5.260724811398887
0,87,1.6300244331359863
0,88,Error,3.94710495107843
0,89,2.282883405685425
0,90,1.863823652267456
0,91,Error,3.4587836738466513
