idx,CommunicationRound,TimeCost
3,0,23.444700002670288
3,1,12.639134883880615
3,2,Error,41.19251653530044
3,3,Error,38.875654976352926
3,4,17.676456689834595
3,5,Error,53.79699542328215
3,6,Error,52.49723308360166
3,7,Error,35.61921733870195
3,8,Error,39.94253949258695
3,9,Error,5.333424143270341
3,10,19.192025423049927
3,11,22.256639003753662
3,12,Error,22.877711494971393
3,13,Error,15.649583876179236
3,14,Error,2.3389635604628247
3,15,Error,5.296442283702155
