idx,CommunicationRound,TimeCost
2,0,27.770968914031982
2,1,16.385162115097046
2,2,Error,7.024078503055885
2,3,16.179805994033813
2,4,15.125569581985474
2,5,Error,24.20907274668005
2,6,15.128095388412476
2,7,Error,7.040680504198783
2,8,16.06432056427002
2,9,19.200874090194702
2,10,16.763460874557495
2,11,Error,39.05728783829474
2,12,17.475992918014526
2,13,Error,19.745493896969702
2,14,Error,5.621771147614202
2,15,16.988149642944336
2,16,15.227221012115479
2,17,16.70215654373169
2,18,20.134359121322632
2,19,Error,9.260598840230683
2,20,Error,22.916601642100147
2,21,Error,6.135353005450755
2,22,Error,11.682990289389792
2,23,Error,3.4827160489428395
2,24,16.788649559020996
2,25,16.623115301132202
