idx,CommunicationRound,TimeCost
3,0,9.083842754364014
3,1,2.8712961673736572
3,2,Error,6.380619992211695
3,3,Error,6.003777570938725
3,4,2.911076068878174
3,5,Error,7.8223883396988185
3,6,Error,6.986194225938104
3,7,Error,4.789034047431037
3,8,Error,5.6937656865138395
3,9,Error,0.7338971108864791
3,10,2.9089653491973877
3,11,2.90281343460083
3,12,2.921799898147583
3,13,2.9279069900512695
3,14,2.9536325931549072
3,15,Error,0.8396091755591871
3,16,2.9355952739715576
3,17,Error,1.9137275251069041
3,18,2.960815906524658
3,19,2.977426290512085
3,20,Error,0.24684844963449762
3,21,Error,4.632529638124958
3,22,Error,6.022713739382648
3,23,Error,4.278657148674776
3,24,2.951845407485962
3,25,Error,2.08679468051775
3,26,2.940262794494629
3,27,Error,6.226952083779831
3,28,Error,6.365297615840226
3,29,Error,3.0797174567754846
3,30,2.95516037940979
3,31,Error,1.666091925082288
3,32,Error,2.273553294657523
3,33,Error,2.7758812052652866
3,34,2.964547634124756
3,35,2.9580953121185303
3,36,Error,0.31270257217209485
3,37,Error,2.0673103775863226
3,38,Error,2.22226449982645
3,39,2.999260425567627
3,40,2.956728458404541
3,41,2.9802753925323486
3,42,2.9711549282073975
3,43,2.955913543701172
3,44,Error,3.4544861245804093
3,45,2.977808952331543
3,46,Error,8.16890986364817
3,47,Error,8.444040557940614
