idx,CommunicationRound,TimeCost
2,0,26.71372675895691
2,1,14.94703197479248
2,2,Error,6.424468878196017
2,3,14.486345767974854
2,4,14.71371054649353
2,5,Error,19.688374831602054
2,6,14.778186798095703
2,7,Error,6.511717945036209
2,8,14.708884000778198
2,9,15.240342617034912
2,10,15.268495798110962
2,11,Error,38.88581625596498
2,12,15.197917699813843
2,13,Error,15.898981216545808
2,14,Error,5.265501931892819
2,15,15.228141784667969
