idx,CommunicationRound,TimeCost
9,0,6.897444009780884
9,1,0.270740270614624
9,2,0.26579761505126953
9,3,0.281322717666626
9,4,Error,0.33199026963463135
9,5,Error,0.2687828847110803
9,6,Error,0.21126466942126435
9,7,0.26567912101745605
9,8,Error,0.5008760496571026
9,9,Error,0.06613602790404077
9,10,Error,0.0765471031769186
9,11,0.2647979259490967
9,12,0.27298998832702637
9,13,Error,0.018984399749633174
9,14,0.2799205780029297
9,15,Error,0.010293976327229882
9,16,Error,0.11181578436710972
9,17,0.27443575859069824
9,18,Error,0.5193889078905435
9,19,Error,0.1334115379046848
9,20,0.2725512981414795
9,21,0.2742764949798584
9,22,Error,0.09476944345750295
9,23,0.2748591899871826
9,24,0.2689344882965088
9,25,Error,0.7308495521269835
9,26,0.264157772064209
9,27,0.2712569236755371
9,28,0.27358555793762207
9,29,Error,0.555824547746627
9,30,Error,0.27125607868384743
9,31,0.2624790668487549
9,32,Error,0.06883840249376487
9,33,Error,0.0364382031363635
9,34,Error,0.4041137608725372
9,35,Error,0.5288709505998247
9,36,Error,0.25343894374541237
9,37,Error,0.3074872812948876
9,38,Error,0.18212412913874154
9,39,0.2679309844970703
9,40,0.27264976501464844
9,41,Error,0.1539382697836988
9,42,Error,0.6902334044447268
9,43,Error,0.3036636062867042
9,44,0.27193593978881836
9,45,Error,0.7081084540027788
9,46,0.27033376693725586
9,47,0.2684457302093506
