idx,CommunicationRound,TimeCost
2,0,26.46618962287903
2,1,15.229395389556885
2,2,Error,6.495155252844958
2,3,14.936867952346802
2,4,14.844651699066162
2,5,Error,18.413668464664802
2,6,15.097883224487305
2,7,Error,6.555640230523525
2,8,15.321751117706299
2,9,15.111711740493774
2,10,14.759822368621826
2,11,Error,38.745181606120305
2,12,14.905914068222046
2,13,Error,16.60021608962486
2,14,Error,5.172875552045984
2,15,15.377790689468384
