idx,CommunicationRound,TimeCost
3,0,23.836787700653076
3,1,12.005844593048096
3,2,Error,26.738791705950113
3,3,Error,25.262274094391522
3,4,11.961683511734009
3,5,Error,32.009706972061664
3,6,Error,29.63181065787597
3,7,Error,20.42744597127494
3,8,Error,23.582813131598776
3,9,Error,2.975568777185065
3,10,12.128197193145752
3,11,12.22396993637085
3,12,12.228442430496216
3,13,12.121172428131104
3,14,11.999278545379639
