idx,CommunicationRound,TimeCost
9,0,20.617315530776978
9,1,8.954546213150024
9,2,8.842619180679321
9,3,8.917672634124756
9,4,Error,10.988585111265142
9,5,Error,8.577334092618496
9,6,Error,5.6162906054838775
9,7,8.911046028137207
9,8,Error,16.66292075087768
9,9,Error,2.19599451244612
9,10,Error,2.516040351827829
9,11,8.880844831466675
9,12,8.810326337814331
9,13,Error,0.6170539709511457
9,14,8.985598087310791
