idx,CommunicationRound,TimeCost
1,0,Error,45.99255531381536
1,1,Error,11.84888407601005
1,2,Error,21.996925784992914
1,3,Error,21.19155350763175
1,4,Error,5.167300402811446
1,5,Error,26.41669518738936
1,6,Error,10.698541427966276
1,7,Error,0.5934721428732123
1,8,10.562838315963745
1,9,Error,31.398151318336616
1,10,Error,13.561205099344525
1,11,Error,19.673334148033586
1,12,Error,1.6134207338974513
