idx,CommunicationRound,TimeCost
7,0,Error,18.02684163416015
7,1,Error,8.820381305936039
7,2,Error,4.747308957493507
7,3,Error,5.724176845682766
7,4,Error,15.667582259530002
7,5,Error,4.371677478031467
7,6,Error,3.619730977867215
7,7,Error,15.02351230922633
7,8,Error,0.11775642855352016
7,9,Error,13.376072617020702
7,10,Error,9.515411518451316
7,11,Error,5.506840350951603
7,12,Error,16.449522872436184
