idx,CommunicationRound,TimeCost
0,0,Error,51.292500173043805
0,1,Error,11.956634271551739
0,2,Error,12.634836116232227
0,3,Error,6.263611858406473
0,4,Error,13.614322129708347
0,5,6.712745904922485
0,6,Error,12.20849177625445
0,7,Error,10.540786533561766
0,8,Error,4.812578709981494
0,9,Error,8.703633440991677
0,10,Error,13.15451107710221
0,11,Error,9.256397696414192
0,12,6.700038194656372
