idx,CommunicationRound,TimeCost
3,0,Error,46.92039721308378
3,1,Error,9.339233225218896
3,2,Error,11.082845901651408
3,3,Error,28.46554806593748
3,4,Error,32.01478781201974
3,5,Error,29.575243522613068
3,6,Error,20.18845032757414
3,7,Error,23.86085324666763
3,8,Error,3.062080082231197
3,9,12.217755317687988
3,10,12.44343090057373
3,11,Error,32.18918597395168
