idx,CommunicationRound,TimeCost
8,0,Error,26.001127235033024
8,1,Error,15.642008510739473
8,2,Error,4.042672477099183
8,3,Error,4.165795036799366
8,4,Error,4.64167936451054
8,5,Error,1.1044877237231925
8,6,Error,5.8288321413805395
8,7,Error,6.376691198341584
8,8,Error,11.378880491647335
8,9,Error,4.635910282799896
8,10,Error,12.768448343035628
8,11,Error,8.66265539512275
8,12,Error,6.0678890353316435
