idx,CommunicationRound,TimeCost
9,0,Error,48.46972388930401
9,1,Error,17.29480279786838
9,2,Error,15.431565416741684
9,3,Error,26.60718134100276
9,4,Error,25.351309042959645
9,5,Error,8.48396782243022
9,6,Error,11.582238048618182
9,7,Error,13.247906847783598
9,8,Error,0.9369918123415117
9,9,Error,18.421850055571866
9,10,Error,4.333982665768522
9,11,Error,18.798532493526587
9,12,Error,6.461839404581212
